ISO-10303-21;
HEADER;
/* Generated by software containing ST-Developer
 * from STEP Tools, Inc. (www.steptools.com) 
 */
/* OPTION: using custom renumber hook */

FILE_DESCRIPTION(
/* description */ ('STEP AP214'),
/* implementation_level */ '2;1');

FILE_NAME(
/* name */ '688c0ffb328302089e9f2fc0',
/* time_stamp */ '2025-08-01T00:53:16Z',
/* author */ (''),
/* organization */ (''),
/* preprocessor_version */ 'ST-DEVELOPER v20',
/* originating_system */ 'ONSHAPE BY PTC INC, 1.201',
/* authorisation */ '  ');

FILE_SCHEMA (('AUTOMOTIVE_DESIGN {1 0 10303 214 3 1 1}'));
ENDSEC;

DATA;
#10=PROPERTY_DEFINITION_REPRESENTATION(#14,#12);
#11=PROPERTY_DEFINITION_REPRESENTATION(#15,#13);
#12=REPRESENTATION('',(#16),#3919);
#13=REPRESENTATION('',(#17),#3919);
#14=PROPERTY_DEFINITION('pmi validation property','',#3924);
#15=PROPERTY_DEFINITION('pmi validation property','',#3924);
#16=VALUE_REPRESENTATION_ITEM('number of annotations',COUNT_MEASURE(0.));
#17=VALUE_REPRESENTATION_ITEM('number of views',COUNT_MEASURE(0.));
#18=SHAPE_REPRESENTATION_RELATIONSHIP('','',#2637,#19);
#19=ADVANCED_BREP_SHAPE_REPRESENTATION('',(#2635),#3919);
#20=CIRCLE('',#2654,1.069084888367E-5);
#21=CIRCLE('',#2655,1.069084888367E-5);
#22=CIRCLE('',#2660,0.0005106908488837);
#23=CIRCLE('',#2661,0.0005106908488837);
#24=CIRCLE('',#2672,1.069084888367E-5);
#25=CIRCLE('',#2673,1.069084888367E-5);
#26=CIRCLE('',#2678,0.0005106908488837);
#27=CIRCLE('',#2679,0.0005106908488837);
#28=CIRCLE('',#2689,0.0005106908488837);
#29=CIRCLE('',#2690,0.0005106908488837);
#30=CIRCLE('',#2699,1.069084888367E-5);
#31=CIRCLE('',#2700,1.069084888367E-5);
#32=CIRCLE('',#2706,1.069084888367E-5);
#33=CIRCLE('',#2707,0.0005106908488837);
#34=CIRCLE('',#2710,1.069084888367E-5);
#35=CIRCLE('',#2719,0.0005106908488837);
#36=CYLINDRICAL_SURFACE('',#2653,1.069084888367E-5);
#37=CYLINDRICAL_SURFACE('',#2659,0.0005106908488837);
#38=CYLINDRICAL_SURFACE('',#2671,1.069084888367E-5);
#39=CYLINDRICAL_SURFACE('',#2677,0.0005106908488837);
#40=CYLINDRICAL_SURFACE('',#2688,0.0005106908488837);
#41=CYLINDRICAL_SURFACE('',#2698,1.069084888367E-5);
#42=CYLINDRICAL_SURFACE('',#2709,1.069084888367E-5);
#43=CYLINDRICAL_SURFACE('',#2718,0.0005106908488837);
#44=ORIENTED_EDGE('',*,*,#650,.T.);
#45=ORIENTED_EDGE('',*,*,#651,.F.);
#46=ORIENTED_EDGE('',*,*,#652,.F.);
#47=ORIENTED_EDGE('',*,*,#653,.T.);
#48=ORIENTED_EDGE('',*,*,#654,.T.);
#49=ORIENTED_EDGE('',*,*,#653,.F.);
#50=ORIENTED_EDGE('',*,*,#655,.F.);
#51=ORIENTED_EDGE('',*,*,#656,.T.);
#52=ORIENTED_EDGE('',*,*,#657,.F.);
#53=ORIENTED_EDGE('',*,*,#650,.F.);
#54=ORIENTED_EDGE('',*,*,#654,.F.);
#55=ORIENTED_EDGE('',*,*,#658,.F.);
#56=ORIENTED_EDGE('',*,*,#659,.F.);
#57=ORIENTED_EDGE('',*,*,#651,.T.);
#58=ORIENTED_EDGE('',*,*,#657,.T.);
#59=ORIENTED_EDGE('',*,*,#660,.F.);
#60=ORIENTED_EDGE('',*,*,#658,.T.);
#61=ORIENTED_EDGE('',*,*,#656,.F.);
#62=ORIENTED_EDGE('',*,*,#661,.F.);
#63=ORIENTED_EDGE('',*,*,#660,.T.);
#64=ORIENTED_EDGE('',*,*,#662,.T.);
#65=ORIENTED_EDGE('',*,*,#663,.T.);
#66=ORIENTED_EDGE('',*,*,#664,.T.);
#67=ORIENTED_EDGE('',*,*,#665,.T.);
#68=ORIENTED_EDGE('',*,*,#666,.T.);
#69=ORIENTED_EDGE('',*,*,#667,.T.);
#70=ORIENTED_EDGE('',*,*,#662,.F.);
#71=ORIENTED_EDGE('',*,*,#668,.F.);
#72=ORIENTED_EDGE('',*,*,#669,.T.);
#73=ORIENTED_EDGE('',*,*,#670,.T.);
#74=ORIENTED_EDGE('',*,*,#663,.F.);
#75=ORIENTED_EDGE('',*,*,#667,.F.);
#76=ORIENTED_EDGE('',*,*,#664,.F.);
#77=ORIENTED_EDGE('',*,*,#670,.F.);
#78=ORIENTED_EDGE('',*,*,#671,.T.);
#79=ORIENTED_EDGE('',*,*,#672,.T.);
#80=ORIENTED_EDGE('',*,*,#673,.T.);
#81=ORIENTED_EDGE('',*,*,#668,.T.);
#82=ORIENTED_EDGE('',*,*,#665,.F.);
#83=ORIENTED_EDGE('',*,*,#672,.F.);
#84=ORIENTED_EDGE('',*,*,#674,.T.);
#85=ORIENTED_EDGE('',*,*,#675,.T.);
#86=ORIENTED_EDGE('',*,*,#676,.T.);
#87=ORIENTED_EDGE('',*,*,#677,.F.);
#88=ORIENTED_EDGE('',*,*,#678,.T.);
#89=ORIENTED_EDGE('',*,*,#677,.T.);
#90=ORIENTED_EDGE('',*,*,#679,.F.);
#91=ORIENTED_EDGE('',*,*,#680,.F.);
#92=ORIENTED_EDGE('',*,*,#681,.F.);
#93=ORIENTED_EDGE('',*,*,#682,.F.);
#94=ORIENTED_EDGE('',*,*,#683,.T.);
#95=ORIENTED_EDGE('',*,*,#684,.T.);
#96=ORIENTED_EDGE('',*,*,#685,.T.);
#97=ORIENTED_EDGE('',*,*,#686,.T.);
#98=ORIENTED_EDGE('',*,*,#687,.T.);
#99=ORIENTED_EDGE('',*,*,#688,.F.);
#100=ORIENTED_EDGE('',*,*,#689,.T.);
#101=ORIENTED_EDGE('',*,*,#690,.T.);
#102=ORIENTED_EDGE('',*,*,#685,.F.);
#103=ORIENTED_EDGE('',*,*,#691,.F.);
#104=ORIENTED_EDGE('',*,*,#692,.T.);
#105=ORIENTED_EDGE('',*,*,#693,.T.);
#106=ORIENTED_EDGE('',*,*,#689,.F.);
#107=ORIENTED_EDGE('',*,*,#694,.F.);
#108=ORIENTED_EDGE('',*,*,#695,.T.);
#109=ORIENTED_EDGE('',*,*,#696,.T.);
#110=ORIENTED_EDGE('',*,*,#692,.F.);
#111=ORIENTED_EDGE('',*,*,#697,.F.);
#112=ORIENTED_EDGE('',*,*,#698,.T.);
#113=ORIENTED_EDGE('',*,*,#699,.T.);
#114=ORIENTED_EDGE('',*,*,#695,.F.);
#115=ORIENTED_EDGE('',*,*,#700,.F.);
#116=ORIENTED_EDGE('',*,*,#701,.T.);
#117=ORIENTED_EDGE('',*,*,#702,.T.);
#118=ORIENTED_EDGE('',*,*,#698,.F.);
#119=ORIENTED_EDGE('',*,*,#703,.F.);
#120=ORIENTED_EDGE('',*,*,#704,.F.);
#121=ORIENTED_EDGE('',*,*,#705,.T.);
#122=ORIENTED_EDGE('',*,*,#701,.F.);
#123=ORIENTED_EDGE('',*,*,#706,.F.);
#124=ORIENTED_EDGE('',*,*,#707,.F.);
#125=ORIENTED_EDGE('',*,*,#686,.F.);
#126=ORIENTED_EDGE('',*,*,#690,.F.);
#127=ORIENTED_EDGE('',*,*,#693,.F.);
#128=ORIENTED_EDGE('',*,*,#696,.F.);
#129=ORIENTED_EDGE('',*,*,#699,.F.);
#130=ORIENTED_EDGE('',*,*,#702,.F.);
#131=ORIENTED_EDGE('',*,*,#705,.F.);
#132=ORIENTED_EDGE('',*,*,#708,.T.);
#133=ORIENTED_EDGE('',*,*,#709,.F.);
#134=ORIENTED_EDGE('',*,*,#710,.F.);
#135=ORIENTED_EDGE('',*,*,#711,.F.);
#136=ORIENTED_EDGE('',*,*,#712,.T.);
#137=ORIENTED_EDGE('',*,*,#709,.T.);
#138=ORIENTED_EDGE('',*,*,#713,.T.);
#139=ORIENTED_EDGE('',*,*,#714,.F.);
#140=ORIENTED_EDGE('',*,*,#715,.T.);
#141=ORIENTED_EDGE('',*,*,#710,.T.);
#142=ORIENTED_EDGE('',*,*,#712,.F.);
#143=ORIENTED_EDGE('',*,*,#716,.F.);
#144=ORIENTED_EDGE('',*,*,#717,.F.);
#145=ORIENTED_EDGE('',*,*,#711,.T.);
#146=ORIENTED_EDGE('',*,*,#715,.F.);
#147=ORIENTED_EDGE('',*,*,#718,.F.);
#148=ORIENTED_EDGE('',*,*,#703,.T.);
#149=ORIENTED_EDGE('',*,*,#700,.T.);
#150=ORIENTED_EDGE('',*,*,#697,.T.);
#151=ORIENTED_EDGE('',*,*,#694,.T.);
#152=ORIENTED_EDGE('',*,*,#691,.T.);
#153=ORIENTED_EDGE('',*,*,#688,.T.);
#154=ORIENTED_EDGE('',*,*,#719,.T.);
#155=ORIENTED_EDGE('',*,*,#706,.T.);
#156=ORIENTED_EDGE('',*,*,#716,.T.);
#157=ORIENTED_EDGE('',*,*,#714,.T.);
#158=ORIENTED_EDGE('',*,*,#720,.F.);
#159=ORIENTED_EDGE('',*,*,#718,.T.);
#160=ORIENTED_EDGE('',*,*,#721,.T.);
#161=ORIENTED_EDGE('',*,*,#722,.T.);
#162=ORIENTED_EDGE('',*,*,#723,.T.);
#163=ORIENTED_EDGE('',*,*,#724,.F.);
#164=ORIENTED_EDGE('',*,*,#725,.T.);
#165=ORIENTED_EDGE('',*,*,#726,.T.);
#166=ORIENTED_EDGE('',*,*,#721,.F.);
#167=ORIENTED_EDGE('',*,*,#727,.F.);
#168=ORIENTED_EDGE('',*,*,#728,.T.);
#169=ORIENTED_EDGE('',*,*,#729,.T.);
#170=ORIENTED_EDGE('',*,*,#725,.F.);
#171=ORIENTED_EDGE('',*,*,#730,.F.);
#172=ORIENTED_EDGE('',*,*,#731,.T.);
#173=ORIENTED_EDGE('',*,*,#732,.T.);
#174=ORIENTED_EDGE('',*,*,#728,.F.);
#175=ORIENTED_EDGE('',*,*,#733,.F.);
#176=ORIENTED_EDGE('',*,*,#734,.T.);
#177=ORIENTED_EDGE('',*,*,#735,.T.);
#178=ORIENTED_EDGE('',*,*,#731,.F.);
#179=ORIENTED_EDGE('',*,*,#736,.F.);
#180=ORIENTED_EDGE('',*,*,#737,.T.);
#181=ORIENTED_EDGE('',*,*,#738,.T.);
#182=ORIENTED_EDGE('',*,*,#734,.F.);
#183=ORIENTED_EDGE('',*,*,#739,.F.);
#184=ORIENTED_EDGE('',*,*,#740,.F.);
#185=ORIENTED_EDGE('',*,*,#741,.T.);
#186=ORIENTED_EDGE('',*,*,#737,.F.);
#187=ORIENTED_EDGE('',*,*,#742,.F.);
#188=ORIENTED_EDGE('',*,*,#743,.F.);
#189=ORIENTED_EDGE('',*,*,#722,.F.);
#190=ORIENTED_EDGE('',*,*,#726,.F.);
#191=ORIENTED_EDGE('',*,*,#729,.F.);
#192=ORIENTED_EDGE('',*,*,#732,.F.);
#193=ORIENTED_EDGE('',*,*,#735,.F.);
#194=ORIENTED_EDGE('',*,*,#738,.F.);
#195=ORIENTED_EDGE('',*,*,#741,.F.);
#196=ORIENTED_EDGE('',*,*,#744,.T.);
#197=ORIENTED_EDGE('',*,*,#745,.F.);
#198=ORIENTED_EDGE('',*,*,#746,.F.);
#199=ORIENTED_EDGE('',*,*,#747,.F.);
#200=ORIENTED_EDGE('',*,*,#748,.T.);
#201=ORIENTED_EDGE('',*,*,#745,.T.);
#202=ORIENTED_EDGE('',*,*,#749,.T.);
#203=ORIENTED_EDGE('',*,*,#750,.F.);
#204=ORIENTED_EDGE('',*,*,#751,.T.);
#205=ORIENTED_EDGE('',*,*,#746,.T.);
#206=ORIENTED_EDGE('',*,*,#748,.F.);
#207=ORIENTED_EDGE('',*,*,#752,.F.);
#208=ORIENTED_EDGE('',*,*,#753,.F.);
#209=ORIENTED_EDGE('',*,*,#747,.T.);
#210=ORIENTED_EDGE('',*,*,#751,.F.);
#211=ORIENTED_EDGE('',*,*,#754,.F.);
#212=ORIENTED_EDGE('',*,*,#739,.T.);
#213=ORIENTED_EDGE('',*,*,#736,.T.);
#214=ORIENTED_EDGE('',*,*,#733,.T.);
#215=ORIENTED_EDGE('',*,*,#730,.T.);
#216=ORIENTED_EDGE('',*,*,#727,.T.);
#217=ORIENTED_EDGE('',*,*,#724,.T.);
#218=ORIENTED_EDGE('',*,*,#755,.T.);
#219=ORIENTED_EDGE('',*,*,#742,.T.);
#220=ORIENTED_EDGE('',*,*,#752,.T.);
#221=ORIENTED_EDGE('',*,*,#750,.T.);
#222=ORIENTED_EDGE('',*,*,#756,.F.);
#223=ORIENTED_EDGE('',*,*,#754,.T.);
#224=ORIENTED_EDGE('',*,*,#757,.T.);
#225=ORIENTED_EDGE('',*,*,#758,.F.);
#226=ORIENTED_EDGE('',*,*,#759,.F.);
#227=ORIENTED_EDGE('',*,*,#760,.T.);
#228=ORIENTED_EDGE('',*,*,#761,.T.);
#229=ORIENTED_EDGE('',*,*,#762,.F.);
#230=ORIENTED_EDGE('',*,*,#757,.F.);
#231=ORIENTED_EDGE('',*,*,#763,.T.);
#232=ORIENTED_EDGE('',*,*,#764,.T.);
#233=ORIENTED_EDGE('',*,*,#765,.F.);
#234=ORIENTED_EDGE('',*,*,#761,.F.);
#235=ORIENTED_EDGE('',*,*,#766,.T.);
#236=ORIENTED_EDGE('',*,*,#767,.T.);
#237=ORIENTED_EDGE('',*,*,#768,.F.);
#238=ORIENTED_EDGE('',*,*,#764,.F.);
#239=ORIENTED_EDGE('',*,*,#769,.T.);
#240=ORIENTED_EDGE('',*,*,#770,.T.);
#241=ORIENTED_EDGE('',*,*,#771,.F.);
#242=ORIENTED_EDGE('',*,*,#767,.F.);
#243=ORIENTED_EDGE('',*,*,#772,.T.);
#244=ORIENTED_EDGE('',*,*,#773,.T.);
#245=ORIENTED_EDGE('',*,*,#774,.F.);
#246=ORIENTED_EDGE('',*,*,#770,.F.);
#247=ORIENTED_EDGE('',*,*,#775,.T.);
#248=ORIENTED_EDGE('',*,*,#776,.T.);
#249=ORIENTED_EDGE('',*,*,#777,.F.);
#250=ORIENTED_EDGE('',*,*,#773,.F.);
#251=ORIENTED_EDGE('',*,*,#778,.T.);
#252=ORIENTED_EDGE('',*,*,#779,.T.);
#253=ORIENTED_EDGE('',*,*,#780,.F.);
#254=ORIENTED_EDGE('',*,*,#776,.F.);
#255=ORIENTED_EDGE('',*,*,#781,.T.);
#256=ORIENTED_EDGE('',*,*,#782,.T.);
#257=ORIENTED_EDGE('',*,*,#783,.F.);
#258=ORIENTED_EDGE('',*,*,#779,.F.);
#259=ORIENTED_EDGE('',*,*,#784,.T.);
#260=ORIENTED_EDGE('',*,*,#785,.F.);
#261=ORIENTED_EDGE('',*,*,#786,.F.);
#262=ORIENTED_EDGE('',*,*,#782,.F.);
#263=ORIENTED_EDGE('',*,*,#787,.T.);
#264=ORIENTED_EDGE('',*,*,#758,.T.);
#265=ORIENTED_EDGE('',*,*,#762,.T.);
#266=ORIENTED_EDGE('',*,*,#765,.T.);
#267=ORIENTED_EDGE('',*,*,#768,.T.);
#268=ORIENTED_EDGE('',*,*,#771,.T.);
#269=ORIENTED_EDGE('',*,*,#774,.T.);
#270=ORIENTED_EDGE('',*,*,#777,.T.);
#271=ORIENTED_EDGE('',*,*,#780,.T.);
#272=ORIENTED_EDGE('',*,*,#783,.T.);
#273=ORIENTED_EDGE('',*,*,#786,.T.);
#274=ORIENTED_EDGE('',*,*,#788,.T.);
#275=ORIENTED_EDGE('',*,*,#789,.T.);
#276=ORIENTED_EDGE('',*,*,#759,.T.);
#277=ORIENTED_EDGE('',*,*,#789,.F.);
#278=ORIENTED_EDGE('',*,*,#790,.T.);
#279=ORIENTED_EDGE('',*,*,#791,.T.);
#280=ORIENTED_EDGE('',*,*,#792,.F.);
#281=ORIENTED_EDGE('',*,*,#787,.F.);
#282=ORIENTED_EDGE('',*,*,#784,.F.);
#283=ORIENTED_EDGE('',*,*,#781,.F.);
#284=ORIENTED_EDGE('',*,*,#778,.F.);
#285=ORIENTED_EDGE('',*,*,#775,.F.);
#286=ORIENTED_EDGE('',*,*,#772,.F.);
#287=ORIENTED_EDGE('',*,*,#769,.F.);
#288=ORIENTED_EDGE('',*,*,#766,.F.);
#289=ORIENTED_EDGE('',*,*,#763,.F.);
#290=ORIENTED_EDGE('',*,*,#760,.F.);
#291=ORIENTED_EDGE('',*,*,#791,.F.);
#292=ORIENTED_EDGE('',*,*,#793,.F.);
#293=ORIENTED_EDGE('',*,*,#794,.F.);
#294=ORIENTED_EDGE('',*,*,#795,.F.);
#295=ORIENTED_EDGE('',*,*,#796,.F.);
#296=ORIENTED_EDGE('',*,*,#797,.T.);
#297=ORIENTED_EDGE('',*,*,#798,.T.);
#298=ORIENTED_EDGE('',*,*,#799,.T.);
#299=ORIENTED_EDGE('',*,*,#800,.T.);
#300=ORIENTED_EDGE('',*,*,#801,.T.);
#301=ORIENTED_EDGE('',*,*,#802,.T.);
#302=ORIENTED_EDGE('',*,*,#803,.F.);
#303=ORIENTED_EDGE('',*,*,#804,.T.);
#304=ORIENTED_EDGE('',*,*,#805,.T.);
#305=ORIENTED_EDGE('',*,*,#794,.T.);
#306=ORIENTED_EDGE('',*,*,#806,.T.);
#307=ORIENTED_EDGE('',*,*,#807,.F.);
#308=ORIENTED_EDGE('',*,*,#808,.T.);
#309=ORIENTED_EDGE('',*,*,#795,.T.);
#310=ORIENTED_EDGE('',*,*,#805,.F.);
#311=ORIENTED_EDGE('',*,*,#809,.F.);
#312=ORIENTED_EDGE('',*,*,#810,.T.);
#313=ORIENTED_EDGE('',*,*,#796,.T.);
#314=ORIENTED_EDGE('',*,*,#808,.F.);
#315=ORIENTED_EDGE('',*,*,#811,.F.);
#316=ORIENTED_EDGE('',*,*,#812,.F.);
#317=ORIENTED_EDGE('',*,*,#797,.F.);
#318=ORIENTED_EDGE('',*,*,#810,.F.);
#319=ORIENTED_EDGE('',*,*,#813,.T.);
#320=ORIENTED_EDGE('',*,*,#814,.F.);
#321=ORIENTED_EDGE('',*,*,#798,.F.);
#322=ORIENTED_EDGE('',*,*,#812,.T.);
#323=ORIENTED_EDGE('',*,*,#815,.T.);
#324=ORIENTED_EDGE('',*,*,#816,.F.);
#325=ORIENTED_EDGE('',*,*,#799,.F.);
#326=ORIENTED_EDGE('',*,*,#814,.T.);
#327=ORIENTED_EDGE('',*,*,#817,.T.);
#328=ORIENTED_EDGE('',*,*,#818,.F.);
#329=ORIENTED_EDGE('',*,*,#800,.F.);
#330=ORIENTED_EDGE('',*,*,#816,.T.);
#331=ORIENTED_EDGE('',*,*,#819,.T.);
#332=ORIENTED_EDGE('',*,*,#820,.F.);
#333=ORIENTED_EDGE('',*,*,#801,.F.);
#334=ORIENTED_EDGE('',*,*,#818,.T.);
#335=ORIENTED_EDGE('',*,*,#821,.T.);
#336=ORIENTED_EDGE('',*,*,#822,.T.);
#337=ORIENTED_EDGE('',*,*,#802,.F.);
#338=ORIENTED_EDGE('',*,*,#820,.T.);
#339=ORIENTED_EDGE('',*,*,#823,.T.);
#340=ORIENTED_EDGE('',*,*,#824,.T.);
#341=ORIENTED_EDGE('',*,*,#803,.T.);
#342=ORIENTED_EDGE('',*,*,#822,.F.);
#343=ORIENTED_EDGE('',*,*,#825,.F.);
#344=ORIENTED_EDGE('',*,*,#826,.F.);
#345=ORIENTED_EDGE('',*,*,#804,.F.);
#346=ORIENTED_EDGE('',*,*,#824,.F.);
#347=ORIENTED_EDGE('',*,*,#827,.T.);
#348=ORIENTED_EDGE('',*,*,#825,.T.);
#349=ORIENTED_EDGE('',*,*,#823,.F.);
#350=ORIENTED_EDGE('',*,*,#821,.F.);
#351=ORIENTED_EDGE('',*,*,#819,.F.);
#352=ORIENTED_EDGE('',*,*,#817,.F.);
#353=ORIENTED_EDGE('',*,*,#815,.F.);
#354=ORIENTED_EDGE('',*,*,#813,.F.);
#355=ORIENTED_EDGE('',*,*,#811,.T.);
#356=ORIENTED_EDGE('',*,*,#809,.T.);
#357=ORIENTED_EDGE('',*,*,#807,.T.);
#358=ORIENTED_EDGE('',*,*,#828,.T.);
#359=ORIENTED_EDGE('',*,*,#827,.F.);
#360=ORIENTED_EDGE('',*,*,#829,.T.);
#361=ORIENTED_EDGE('',*,*,#830,.T.);
#362=ORIENTED_EDGE('',*,*,#831,.F.);
#363=ORIENTED_EDGE('',*,*,#832,.F.);
#364=ORIENTED_EDGE('',*,*,#833,.F.);
#365=ORIENTED_EDGE('',*,*,#834,.T.);
#366=ORIENTED_EDGE('',*,*,#829,.F.);
#367=ORIENTED_EDGE('',*,*,#835,.F.);
#368=ORIENTED_EDGE('',*,*,#836,.T.);
#369=ORIENTED_EDGE('',*,*,#837,.T.);
#370=ORIENTED_EDGE('',*,*,#838,.F.);
#371=ORIENTED_EDGE('',*,*,#839,.F.);
#372=ORIENTED_EDGE('',*,*,#840,.T.);
#373=ORIENTED_EDGE('',*,*,#841,.T.);
#374=ORIENTED_EDGE('',*,*,#836,.F.);
#375=ORIENTED_EDGE('',*,*,#842,.F.);
#376=ORIENTED_EDGE('',*,*,#843,.F.);
#377=ORIENTED_EDGE('',*,*,#844,.F.);
#378=ORIENTED_EDGE('',*,*,#830,.F.);
#379=ORIENTED_EDGE('',*,*,#834,.F.);
#380=ORIENTED_EDGE('',*,*,#845,.F.);
#381=ORIENTED_EDGE('',*,*,#837,.F.);
#382=ORIENTED_EDGE('',*,*,#841,.F.);
#383=ORIENTED_EDGE('',*,*,#846,.F.);
#384=ORIENTED_EDGE('',*,*,#687,.F.);
#385=ORIENTED_EDGE('',*,*,#707,.T.);
#386=ORIENTED_EDGE('',*,*,#704,.T.);
#387=ORIENTED_EDGE('',*,*,#719,.F.);
#388=ORIENTED_EDGE('',*,*,#723,.F.);
#389=ORIENTED_EDGE('',*,*,#743,.T.);
#390=ORIENTED_EDGE('',*,*,#740,.T.);
#391=ORIENTED_EDGE('',*,*,#755,.F.);
#392=ORIENTED_EDGE('',*,*,#790,.F.);
#393=ORIENTED_EDGE('',*,*,#788,.F.);
#394=ORIENTED_EDGE('',*,*,#785,.T.);
#395=ORIENTED_EDGE('',*,*,#792,.T.);
#396=ORIENTED_EDGE('',*,*,#806,.F.);
#397=ORIENTED_EDGE('',*,*,#793,.T.);
#398=ORIENTED_EDGE('',*,*,#826,.T.);
#399=ORIENTED_EDGE('',*,*,#828,.F.);
#400=ORIENTED_EDGE('',*,*,#831,.T.);
#401=ORIENTED_EDGE('',*,*,#844,.T.);
#402=ORIENTED_EDGE('',*,*,#847,.F.);
#403=ORIENTED_EDGE('',*,*,#848,.F.);
#404=ORIENTED_EDGE('',*,*,#849,.T.);
#405=ORIENTED_EDGE('',*,*,#850,.T.);
#406=ORIENTED_EDGE('',*,*,#851,.T.);
#407=ORIENTED_EDGE('',*,*,#835,.T.);
#408=ORIENTED_EDGE('',*,*,#832,.T.);
#409=ORIENTED_EDGE('',*,*,#848,.T.);
#410=ORIENTED_EDGE('',*,*,#852,.T.);
#411=ORIENTED_EDGE('',*,*,#853,.T.);
#412=ORIENTED_EDGE('',*,*,#847,.T.);
#413=ORIENTED_EDGE('',*,*,#843,.T.);
#414=ORIENTED_EDGE('',*,*,#854,.F.);
#415=ORIENTED_EDGE('',*,*,#852,.F.);
#416=ORIENTED_EDGE('',*,*,#846,.T.);
#417=ORIENTED_EDGE('',*,*,#840,.F.);
#418=ORIENTED_EDGE('',*,*,#855,.F.);
#419=ORIENTED_EDGE('',*,*,#856,.F.);
#420=ORIENTED_EDGE('',*,*,#857,.F.);
#421=ORIENTED_EDGE('',*,*,#858,.T.);
#422=ORIENTED_EDGE('',*,*,#853,.F.);
#423=ORIENTED_EDGE('',*,*,#854,.T.);
#424=ORIENTED_EDGE('',*,*,#859,.T.);
#425=ORIENTED_EDGE('',*,*,#849,.F.);
#426=ORIENTED_EDGE('',*,*,#858,.F.);
#427=ORIENTED_EDGE('',*,*,#860,.T.);
#428=ORIENTED_EDGE('',*,*,#861,.T.);
#429=ORIENTED_EDGE('',*,*,#850,.F.);
#430=ORIENTED_EDGE('',*,*,#859,.F.);
#431=ORIENTED_EDGE('',*,*,#862,.T.);
#432=ORIENTED_EDGE('',*,*,#863,.F.);
#433=ORIENTED_EDGE('',*,*,#864,.F.);
#434=ORIENTED_EDGE('',*,*,#838,.T.);
#435=ORIENTED_EDGE('',*,*,#845,.T.);
#436=ORIENTED_EDGE('',*,*,#833,.T.);
#437=ORIENTED_EDGE('',*,*,#851,.F.);
#438=ORIENTED_EDGE('',*,*,#861,.F.);
#439=ORIENTED_EDGE('',*,*,#865,.F.);
#440=ORIENTED_EDGE('',*,*,#866,.F.);
#441=ORIENTED_EDGE('',*,*,#867,.T.);
#442=ORIENTED_EDGE('',*,*,#681,.T.);
#443=ORIENTED_EDGE('',*,*,#868,.F.);
#444=ORIENTED_EDGE('',*,*,#869,.F.);
#445=ORIENTED_EDGE('',*,*,#870,.T.);
#446=ORIENTED_EDGE('',*,*,#855,.T.);
#447=ORIENTED_EDGE('',*,*,#842,.T.);
#448=ORIENTED_EDGE('',*,*,#839,.T.);
#449=ORIENTED_EDGE('',*,*,#864,.T.);
#450=ORIENTED_EDGE('',*,*,#871,.F.);
#451=ORIENTED_EDGE('',*,*,#872,.T.);
#452=ORIENTED_EDGE('',*,*,#873,.F.);
#453=ORIENTED_EDGE('',*,*,#874,.F.);
#454=ORIENTED_EDGE('',*,*,#875,.T.);
#455=ORIENTED_EDGE('',*,*,#876,.T.);
#456=ORIENTED_EDGE('',*,*,#877,.F.);
#457=ORIENTED_EDGE('',*,*,#878,.F.);
#458=ORIENTED_EDGE('',*,*,#877,.T.);
#459=ORIENTED_EDGE('',*,*,#879,.T.);
#460=ORIENTED_EDGE('',*,*,#880,.F.);
#461=ORIENTED_EDGE('',*,*,#881,.F.);
#462=ORIENTED_EDGE('',*,*,#882,.F.);
#463=ORIENTED_EDGE('',*,*,#883,.T.);
#464=ORIENTED_EDGE('',*,*,#884,.T.);
#465=ORIENTED_EDGE('',*,*,#885,.F.);
#466=ORIENTED_EDGE('',*,*,#886,.F.);
#467=ORIENTED_EDGE('',*,*,#887,.T.);
#468=ORIENTED_EDGE('',*,*,#888,.F.);
#469=ORIENTED_EDGE('',*,*,#889,.F.);
#470=ORIENTED_EDGE('',*,*,#890,.T.);
#471=ORIENTED_EDGE('',*,*,#891,.T.);
#472=ORIENTED_EDGE('',*,*,#892,.F.);
#473=ORIENTED_EDGE('',*,*,#893,.F.);
#474=ORIENTED_EDGE('',*,*,#894,.T.);
#475=ORIENTED_EDGE('',*,*,#884,.F.);
#476=ORIENTED_EDGE('',*,*,#895,.T.);
#477=ORIENTED_EDGE('',*,*,#896,.F.);
#478=ORIENTED_EDGE('',*,*,#897,.F.);
#479=ORIENTED_EDGE('',*,*,#888,.T.);
#480=ORIENTED_EDGE('',*,*,#898,.T.);
#481=ORIENTED_EDGE('',*,*,#899,.T.);
#482=ORIENTED_EDGE('',*,*,#900,.T.);
#483=ORIENTED_EDGE('',*,*,#901,.F.);
#484=ORIENTED_EDGE('',*,*,#878,.T.);
#485=ORIENTED_EDGE('',*,*,#881,.T.);
#486=ORIENTED_EDGE('',*,*,#902,.F.);
#487=ORIENTED_EDGE('',*,*,#903,.T.);
#488=ORIENTED_EDGE('',*,*,#904,.F.);
#489=ORIENTED_EDGE('',*,*,#905,.T.);
#490=ORIENTED_EDGE('',*,*,#906,.F.);
#491=ORIENTED_EDGE('',*,*,#907,.F.);
#492=ORIENTED_EDGE('',*,*,#908,.F.);
#493=ORIENTED_EDGE('',*,*,#896,.T.);
#494=ORIENTED_EDGE('',*,*,#909,.T.);
#495=ORIENTED_EDGE('',*,*,#899,.F.);
#496=ORIENTED_EDGE('',*,*,#910,.T.);
#497=ORIENTED_EDGE('',*,*,#911,.F.);
#498=ORIENTED_EDGE('',*,*,#872,.F.);
#499=ORIENTED_EDGE('',*,*,#912,.F.);
#500=ORIENTED_EDGE('',*,*,#913,.T.);
#501=ORIENTED_EDGE('',*,*,#914,.T.);
#502=ORIENTED_EDGE('',*,*,#905,.F.);
#503=ORIENTED_EDGE('',*,*,#915,.F.);
#504=ORIENTED_EDGE('',*,*,#916,.T.);
#505=ORIENTED_EDGE('',*,*,#917,.T.);
#506=ORIENTED_EDGE('',*,*,#873,.T.);
#507=ORIENTED_EDGE('',*,*,#914,.F.);
#508=ORIENTED_EDGE('',*,*,#918,.F.);
#509=ORIENTED_EDGE('',*,*,#919,.T.);
#510=ORIENTED_EDGE('',*,*,#906,.T.);
#511=ORIENTED_EDGE('',*,*,#917,.F.);
#512=ORIENTED_EDGE('',*,*,#920,.F.);
#513=ORIENTED_EDGE('',*,*,#921,.T.);
#514=ORIENTED_EDGE('',*,*,#922,.F.);
#515=ORIENTED_EDGE('',*,*,#923,.T.);
#516=ORIENTED_EDGE('',*,*,#874,.T.);
#517=ORIENTED_EDGE('',*,*,#919,.F.);
#518=ORIENTED_EDGE('',*,*,#924,.F.);
#519=ORIENTED_EDGE('',*,*,#925,.T.);
#520=ORIENTED_EDGE('',*,*,#907,.T.);
#521=ORIENTED_EDGE('',*,*,#921,.F.);
#522=ORIENTED_EDGE('',*,*,#920,.T.);
#523=ORIENTED_EDGE('',*,*,#916,.F.);
#524=ORIENTED_EDGE('',*,*,#926,.F.);
#525=ORIENTED_EDGE('',*,*,#865,.T.);
#526=ORIENTED_EDGE('',*,*,#862,.F.);
#527=ORIENTED_EDGE('',*,*,#860,.F.);
#528=ORIENTED_EDGE('',*,*,#857,.T.);
#529=ORIENTED_EDGE('',*,*,#927,.F.);
#530=ORIENTED_EDGE('',*,*,#928,.T.);
#531=ORIENTED_EDGE('',*,*,#929,.T.);
#532=ORIENTED_EDGE('',*,*,#683,.F.);
#533=ORIENTED_EDGE('',*,*,#930,.F.);
#534=ORIENTED_EDGE('',*,*,#931,.F.);
#535=ORIENTED_EDGE('',*,*,#924,.T.);
#536=ORIENTED_EDGE('',*,*,#868,.T.);
#537=ORIENTED_EDGE('',*,*,#684,.F.);
#538=ORIENTED_EDGE('',*,*,#929,.F.);
#539=ORIENTED_EDGE('',*,*,#932,.T.);
#540=ORIENTED_EDGE('',*,*,#928,.F.);
#541=ORIENTED_EDGE('',*,*,#933,.T.);
#542=ORIENTED_EDGE('',*,*,#869,.T.);
#543=ORIENTED_EDGE('',*,*,#932,.F.);
#544=ORIENTED_EDGE('',*,*,#934,.F.);
#545=ORIENTED_EDGE('',*,*,#674,.F.);
#546=ORIENTED_EDGE('',*,*,#678,.F.);
#547=ORIENTED_EDGE('',*,*,#935,.F.);
#548=ORIENTED_EDGE('',*,*,#910,.F.);
#549=ORIENTED_EDGE('',*,*,#898,.F.);
#550=ORIENTED_EDGE('',*,*,#936,.F.);
#551=ORIENTED_EDGE('',*,*,#937,.F.);
#552=ORIENTED_EDGE('',*,*,#938,.F.);
#553=ORIENTED_EDGE('',*,*,#930,.T.);
#554=ORIENTED_EDGE('',*,*,#682,.T.);
#555=ORIENTED_EDGE('',*,*,#867,.F.);
#556=ORIENTED_EDGE('',*,*,#939,.F.);
#557=ORIENTED_EDGE('',*,*,#882,.T.);
#558=ORIENTED_EDGE('',*,*,#940,.F.);
#559=ORIENTED_EDGE('',*,*,#890,.F.);
#560=ORIENTED_EDGE('',*,*,#927,.T.);
#561=ORIENTED_EDGE('',*,*,#856,.T.);
#562=ORIENTED_EDGE('',*,*,#870,.F.);
#563=ORIENTED_EDGE('',*,*,#933,.F.);
#564=ORIENTED_EDGE('',*,*,#713,.F.);
#565=ORIENTED_EDGE('',*,*,#708,.F.);
#566=ORIENTED_EDGE('',*,*,#717,.T.);
#567=ORIENTED_EDGE('',*,*,#720,.T.);
#568=ORIENTED_EDGE('',*,*,#749,.F.);
#569=ORIENTED_EDGE('',*,*,#744,.F.);
#570=ORIENTED_EDGE('',*,*,#753,.T.);
#571=ORIENTED_EDGE('',*,*,#756,.T.);
#572=ORIENTED_EDGE('',*,*,#655,.T.);
#573=ORIENTED_EDGE('',*,*,#652,.T.);
#574=ORIENTED_EDGE('',*,*,#659,.T.);
#575=ORIENTED_EDGE('',*,*,#661,.T.);
#576=ORIENTED_EDGE('',*,*,#671,.F.);
#577=ORIENTED_EDGE('',*,*,#669,.F.);
#578=ORIENTED_EDGE('',*,*,#666,.F.);
#579=ORIENTED_EDGE('',*,*,#673,.F.);
#580=ORIENTED_EDGE('',*,*,#875,.F.);
#581=ORIENTED_EDGE('',*,*,#911,.T.);
#582=ORIENTED_EDGE('',*,*,#937,.T.);
#583=ORIENTED_EDGE('',*,*,#941,.T.);
#584=ORIENTED_EDGE('',*,*,#942,.T.);
#585=ORIENTED_EDGE('',*,*,#891,.F.);
#586=ORIENTED_EDGE('',*,*,#940,.T.);
#587=ORIENTED_EDGE('',*,*,#886,.T.);
#588=ORIENTED_EDGE('',*,*,#943,.T.);
#589=ORIENTED_EDGE('',*,*,#675,.F.);
#590=ORIENTED_EDGE('',*,*,#934,.T.);
#591=ORIENTED_EDGE('',*,*,#944,.T.);
#592=ORIENTED_EDGE('',*,*,#936,.T.);
#593=ORIENTED_EDGE('',*,*,#901,.T.);
#594=ORIENTED_EDGE('',*,*,#945,.F.);
#595=ORIENTED_EDGE('',*,*,#941,.F.);
#596=ORIENTED_EDGE('',*,*,#676,.F.);
#597=ORIENTED_EDGE('',*,*,#943,.F.);
#598=ORIENTED_EDGE('',*,*,#885,.T.);
#599=ORIENTED_EDGE('',*,*,#894,.F.);
#600=ORIENTED_EDGE('',*,*,#946,.T.);
#601=ORIENTED_EDGE('',*,*,#679,.T.);
#602=ORIENTED_EDGE('',*,*,#900,.F.);
#603=ORIENTED_EDGE('',*,*,#909,.F.);
#604=ORIENTED_EDGE('',*,*,#895,.F.);
#605=ORIENTED_EDGE('',*,*,#887,.F.);
#606=ORIENTED_EDGE('',*,*,#942,.F.);
#607=ORIENTED_EDGE('',*,*,#945,.T.);
#608=ORIENTED_EDGE('',*,*,#893,.T.);
#609=ORIENTED_EDGE('',*,*,#947,.F.);
#610=ORIENTED_EDGE('',*,*,#922,.T.);
#611=ORIENTED_EDGE('',*,*,#918,.T.);
#612=ORIENTED_EDGE('',*,*,#913,.F.);
#613=ORIENTED_EDGE('',*,*,#948,.F.);
#614=ORIENTED_EDGE('',*,*,#949,.T.);
#615=ORIENTED_EDGE('',*,*,#950,.F.);
#616=ORIENTED_EDGE('',*,*,#879,.F.);
#617=ORIENTED_EDGE('',*,*,#876,.F.);
#618=ORIENTED_EDGE('',*,*,#944,.F.);
#619=ORIENTED_EDGE('',*,*,#935,.T.);
#620=ORIENTED_EDGE('',*,*,#680,.T.);
#621=ORIENTED_EDGE('',*,*,#946,.F.);
#622=ORIENTED_EDGE('',*,*,#902,.T.);
#623=ORIENTED_EDGE('',*,*,#880,.T.);
#624=ORIENTED_EDGE('',*,*,#950,.T.);
#625=ORIENTED_EDGE('',*,*,#951,.F.);
#626=ORIENTED_EDGE('',*,*,#949,.F.);
#627=ORIENTED_EDGE('',*,*,#952,.F.);
#628=ORIENTED_EDGE('',*,*,#903,.F.);
#629=ORIENTED_EDGE('',*,*,#951,.T.);
#630=ORIENTED_EDGE('',*,*,#939,.T.);
#631=ORIENTED_EDGE('',*,*,#866,.T.);
#632=ORIENTED_EDGE('',*,*,#923,.F.);
#633=ORIENTED_EDGE('',*,*,#947,.T.);
#634=ORIENTED_EDGE('',*,*,#892,.T.);
#635=ORIENTED_EDGE('',*,*,#883,.F.);
#636=ORIENTED_EDGE('',*,*,#897,.T.);
#637=ORIENTED_EDGE('',*,*,#908,.T.);
#638=ORIENTED_EDGE('',*,*,#925,.F.);
#639=ORIENTED_EDGE('',*,*,#931,.T.);
#640=ORIENTED_EDGE('',*,*,#938,.T.);
#641=ORIENTED_EDGE('',*,*,#889,.T.);
#642=ORIENTED_EDGE('',*,*,#948,.T.);
#643=ORIENTED_EDGE('',*,*,#912,.T.);
#644=ORIENTED_EDGE('',*,*,#871,.T.);
#645=ORIENTED_EDGE('',*,*,#863,.T.);
#646=ORIENTED_EDGE('',*,*,#926,.T.);
#647=ORIENTED_EDGE('',*,*,#915,.T.);
#648=ORIENTED_EDGE('',*,*,#904,.T.);
#649=ORIENTED_EDGE('',*,*,#952,.T.);
#650=EDGE_CURVE('',#953,#954,#1155,.T.);
#651=EDGE_CURVE('',#955,#954,#1156,.T.);
#652=EDGE_CURVE('',#956,#955,#1157,.T.);
#653=EDGE_CURVE('',#956,#953,#1158,.T.);
#654=EDGE_CURVE('',#957,#953,#1159,.T.);
#655=EDGE_CURVE('',#958,#956,#1160,.T.);
#656=EDGE_CURVE('',#958,#957,#1161,.T.);
#657=EDGE_CURVE('',#954,#959,#1162,.T.);
#658=EDGE_CURVE('',#959,#957,#1163,.T.);
#659=EDGE_CURVE('',#955,#960,#1164,.T.);
#660=EDGE_CURVE('',#960,#959,#1165,.T.);
#661=EDGE_CURVE('',#960,#958,#1166,.T.);
#662=EDGE_CURVE('',#961,#962,#1167,.T.);
#663=EDGE_CURVE('',#962,#963,#1168,.T.);
#664=EDGE_CURVE('',#963,#964,#1169,.T.);
#665=EDGE_CURVE('',#964,#961,#1170,.T.);
#666=EDGE_CURVE('',#965,#966,#1171,.T.);
#667=EDGE_CURVE('',#966,#962,#1172,.T.);
#668=EDGE_CURVE('',#965,#961,#1173,.T.);
#669=EDGE_CURVE('',#966,#967,#1174,.T.);
#670=EDGE_CURVE('',#967,#963,#1175,.T.);
#671=EDGE_CURVE('',#967,#968,#1176,.T.);
#672=EDGE_CURVE('',#968,#964,#1177,.T.);
#673=EDGE_CURVE('',#968,#965,#1178,.T.);
#674=EDGE_CURVE('',#969,#970,#1179,.T.);
#675=EDGE_CURVE('',#970,#971,#1180,.T.);
#676=EDGE_CURVE('',#971,#972,#1181,.T.);
#677=EDGE_CURVE('',#969,#972,#1182,.T.);
#678=EDGE_CURVE('',#973,#969,#1183,.T.);
#679=EDGE_CURVE('',#974,#972,#1184,.T.);
#680=EDGE_CURVE('',#973,#974,#1185,.T.);
#681=EDGE_CURVE('',#975,#976,#1186,.T.);
#682=EDGE_CURVE('',#977,#975,#1187,.T.);
#683=EDGE_CURVE('',#977,#978,#1188,.T.);
#684=EDGE_CURVE('',#978,#976,#1189,.T.);
#685=EDGE_CURVE('',#979,#980,#1190,.T.);
#686=EDGE_CURVE('',#980,#981,#1191,.T.);
#687=EDGE_CURVE('',#981,#982,#1192,.T.);
#688=EDGE_CURVE('',#979,#982,#1193,.T.);
#689=EDGE_CURVE('',#983,#984,#1194,.T.);
#690=EDGE_CURVE('',#984,#980,#20,.T.);
#691=EDGE_CURVE('',#983,#979,#21,.T.);
#692=EDGE_CURVE('',#985,#986,#1195,.T.);
#693=EDGE_CURVE('',#986,#984,#1196,.T.);
#694=EDGE_CURVE('',#985,#983,#1197,.T.);
#695=EDGE_CURVE('',#987,#988,#1198,.T.);
#696=EDGE_CURVE('',#988,#986,#1199,.T.);
#697=EDGE_CURVE('',#987,#985,#1200,.T.);
#698=EDGE_CURVE('',#989,#990,#1201,.T.);
#699=EDGE_CURVE('',#990,#988,#1202,.T.);
#700=EDGE_CURVE('',#989,#987,#1203,.T.);
#701=EDGE_CURVE('',#991,#992,#1204,.T.);
#702=EDGE_CURVE('',#992,#990,#22,.T.);
#703=EDGE_CURVE('',#991,#989,#23,.T.);
#704=EDGE_CURVE('',#993,#994,#1205,.T.);
#705=EDGE_CURVE('',#993,#992,#1206,.T.);
#706=EDGE_CURVE('',#994,#991,#1207,.T.);
#707=EDGE_CURVE('',#981,#993,#1208,.T.);
#708=EDGE_CURVE('',#995,#996,#1209,.T.);
#709=EDGE_CURVE('',#997,#996,#1210,.T.);
#710=EDGE_CURVE('',#998,#997,#1211,.T.);
#711=EDGE_CURVE('',#995,#998,#1212,.T.);
#712=EDGE_CURVE('',#999,#997,#1213,.T.);
#713=EDGE_CURVE('',#996,#1000,#1214,.T.);
#714=EDGE_CURVE('',#999,#1000,#1215,.T.);
#715=EDGE_CURVE('',#1001,#998,#1216,.T.);
#716=EDGE_CURVE('',#1001,#999,#1217,.T.);
#717=EDGE_CURVE('',#995,#1002,#1218,.T.);
#718=EDGE_CURVE('',#1002,#1001,#1219,.T.);
#719=EDGE_CURVE('',#982,#994,#1220,.T.);
#720=EDGE_CURVE('',#1002,#1000,#1221,.T.);
#721=EDGE_CURVE('',#1003,#1004,#1222,.T.);
#722=EDGE_CURVE('',#1004,#1005,#1223,.T.);
#723=EDGE_CURVE('',#1005,#1006,#1224,.T.);
#724=EDGE_CURVE('',#1003,#1006,#1225,.T.);
#725=EDGE_CURVE('',#1007,#1008,#1226,.T.);
#726=EDGE_CURVE('',#1008,#1004,#24,.T.);
#727=EDGE_CURVE('',#1007,#1003,#25,.T.);
#728=EDGE_CURVE('',#1009,#1010,#1227,.T.);
#729=EDGE_CURVE('',#1010,#1008,#1228,.T.);
#730=EDGE_CURVE('',#1009,#1007,#1229,.T.);
#731=EDGE_CURVE('',#1011,#1012,#1230,.T.);
#732=EDGE_CURVE('',#1012,#1010,#1231,.T.);
#733=EDGE_CURVE('',#1011,#1009,#1232,.T.);
#734=EDGE_CURVE('',#1013,#1014,#1233,.T.);
#735=EDGE_CURVE('',#1014,#1012,#1234,.T.);
#736=EDGE_CURVE('',#1013,#1011,#1235,.T.);
#737=EDGE_CURVE('',#1015,#1016,#1236,.T.);
#738=EDGE_CURVE('',#1016,#1014,#26,.T.);
#739=EDGE_CURVE('',#1015,#1013,#27,.T.);
#740=EDGE_CURVE('',#1017,#1018,#1237,.T.);
#741=EDGE_CURVE('',#1017,#1016,#1238,.T.);
#742=EDGE_CURVE('',#1018,#1015,#1239,.T.);
#743=EDGE_CURVE('',#1005,#1017,#1240,.T.);
#744=EDGE_CURVE('',#1019,#1020,#1241,.T.);
#745=EDGE_CURVE('',#1021,#1020,#1242,.T.);
#746=EDGE_CURVE('',#1022,#1021,#1243,.T.);
#747=EDGE_CURVE('',#1019,#1022,#1244,.T.);
#748=EDGE_CURVE('',#1023,#1021,#1245,.T.);
#749=EDGE_CURVE('',#1020,#1024,#1246,.T.);
#750=EDGE_CURVE('',#1023,#1024,#1247,.T.);
#751=EDGE_CURVE('',#1025,#1022,#1248,.T.);
#752=EDGE_CURVE('',#1025,#1023,#1249,.T.);
#753=EDGE_CURVE('',#1019,#1026,#1250,.T.);
#754=EDGE_CURVE('',#1026,#1025,#1251,.T.);
#755=EDGE_CURVE('',#1006,#1018,#1252,.T.);
#756=EDGE_CURVE('',#1026,#1024,#1253,.T.);
#757=EDGE_CURVE('',#1027,#1028,#1254,.T.);
#758=EDGE_CURVE('',#1029,#1028,#28,.T.);
#759=EDGE_CURVE('',#1030,#1029,#1255,.T.);
#760=EDGE_CURVE('',#1030,#1027,#29,.T.);
#761=EDGE_CURVE('',#1031,#1032,#1256,.T.);
#762=EDGE_CURVE('',#1028,#1032,#1257,.T.);
#763=EDGE_CURVE('',#1027,#1031,#1258,.T.);
#764=EDGE_CURVE('',#1033,#1034,#1259,.T.);
#765=EDGE_CURVE('',#1032,#1034,#1260,.T.);
#766=EDGE_CURVE('',#1031,#1033,#1261,.T.);
#767=EDGE_CURVE('',#1035,#1036,#1262,.T.);
#768=EDGE_CURVE('',#1034,#1036,#1263,.T.);
#769=EDGE_CURVE('',#1033,#1035,#1264,.T.);
#770=EDGE_CURVE('',#1037,#1038,#1265,.T.);
#771=EDGE_CURVE('',#1036,#1038,#1266,.T.);
#772=EDGE_CURVE('',#1035,#1037,#1267,.T.);
#773=EDGE_CURVE('',#1039,#1040,#1268,.T.);
#774=EDGE_CURVE('',#1038,#1040,#1269,.T.);
#775=EDGE_CURVE('',#1037,#1039,#1270,.T.);
#776=EDGE_CURVE('',#1041,#1042,#1271,.T.);
#777=EDGE_CURVE('',#1040,#1042,#1272,.T.);
#778=EDGE_CURVE('',#1039,#1041,#1273,.T.);
#779=EDGE_CURVE('',#1043,#1044,#1274,.T.);
#780=EDGE_CURVE('',#1042,#1044,#1275,.T.);
#781=EDGE_CURVE('',#1041,#1043,#1276,.T.);
#782=EDGE_CURVE('',#1045,#1046,#1277,.T.);
#783=EDGE_CURVE('',#1044,#1046,#30,.T.);
#784=EDGE_CURVE('',#1043,#1045,#31,.T.);
#785=EDGE_CURVE('',#1047,#1048,#1278,.T.);
#786=EDGE_CURVE('',#1046,#1047,#1279,.T.);
#787=EDGE_CURVE('',#1045,#1048,#1280,.T.);
#788=EDGE_CURVE('',#1047,#1049,#1281,.T.);
#789=EDGE_CURVE('',#1049,#1029,#1282,.T.);
#790=EDGE_CURVE('',#1049,#1050,#1283,.T.);
#791=EDGE_CURVE('',#1050,#1030,#1284,.T.);
#792=EDGE_CURVE('',#1048,#1050,#1285,.T.);
#793=EDGE_CURVE('',#1051,#1052,#1286,.T.);
#794=EDGE_CURVE('',#1053,#1051,#1287,.T.);
#795=EDGE_CURVE('',#1054,#1053,#32,.T.);
#796=EDGE_CURVE('',#1055,#1054,#1288,.T.);
#797=EDGE_CURVE('',#1055,#1056,#1289,.T.);
#798=EDGE_CURVE('',#1056,#1057,#1290,.T.);
#799=EDGE_CURVE('',#1057,#1058,#1291,.T.);
#800=EDGE_CURVE('',#1058,#1059,#1292,.T.);
#801=EDGE_CURVE('',#1059,#1060,#1293,.T.);
#802=EDGE_CURVE('',#1060,#1061,#1294,.T.);
#803=EDGE_CURVE('',#1062,#1061,#33,.T.);
#804=EDGE_CURVE('',#1062,#1052,#1295,.T.);
#805=EDGE_CURVE('',#1063,#1053,#1296,.T.);
#806=EDGE_CURVE('',#1051,#1064,#1297,.T.);
#807=EDGE_CURVE('',#1063,#1064,#1298,.T.);
#808=EDGE_CURVE('',#1065,#1054,#1299,.T.);
#809=EDGE_CURVE('',#1065,#1063,#34,.T.);
#810=EDGE_CURVE('',#1066,#1055,#1300,.T.);
#811=EDGE_CURVE('',#1066,#1065,#1301,.T.);
#812=EDGE_CURVE('',#1056,#1067,#1302,.T.);
#813=EDGE_CURVE('',#1066,#1067,#1303,.T.);
#814=EDGE_CURVE('',#1057,#1068,#1304,.T.);
#815=EDGE_CURVE('',#1067,#1068,#1305,.T.);
#816=EDGE_CURVE('',#1058,#1069,#1306,.T.);
#817=EDGE_CURVE('',#1068,#1069,#1307,.T.);
#818=EDGE_CURVE('',#1059,#1070,#1308,.T.);
#819=EDGE_CURVE('',#1069,#1070,#1309,.T.);
#820=EDGE_CURVE('',#1060,#1071,#1310,.T.);
#821=EDGE_CURVE('',#1070,#1071,#1311,.T.);
#822=EDGE_CURVE('',#1072,#1061,#1312,.T.);
#823=EDGE_CURVE('',#1071,#1072,#1313,.T.);
#824=EDGE_CURVE('',#1073,#1062,#1314,.T.);
#825=EDGE_CURVE('',#1073,#1072,#35,.T.);
#826=EDGE_CURVE('',#1052,#1074,#1315,.T.);
#827=EDGE_CURVE('',#1073,#1074,#1316,.T.);
#828=EDGE_CURVE('',#1064,#1074,#1317,.T.);
#829=EDGE_CURVE('',#1075,#1076,#1318,.T.);
#830=EDGE_CURVE('',#1076,#1077,#1319,.T.);
#831=EDGE_CURVE('',#1078,#1077,#1320,.T.);
#832=EDGE_CURVE('',#1075,#1078,#1321,.T.);
#833=EDGE_CURVE('',#1079,#1080,#1322,.T.);
#834=EDGE_CURVE('',#1079,#1076,#1323,.T.);
#835=EDGE_CURVE('',#1080,#1075,#1324,.T.);
#836=EDGE_CURVE('',#1081,#1082,#1325,.T.);
#837=EDGE_CURVE('',#1082,#1083,#1326,.T.);
#838=EDGE_CURVE('',#1084,#1083,#1327,.T.);
#839=EDGE_CURVE('',#1081,#1084,#1328,.T.);
#840=EDGE_CURVE('',#1085,#1086,#1329,.T.);
#841=EDGE_CURVE('',#1086,#1082,#1330,.T.);
#842=EDGE_CURVE('',#1085,#1081,#1331,.T.);
#843=EDGE_CURVE('',#1087,#1088,#1332,.T.);
#844=EDGE_CURVE('',#1077,#1087,#1333,.T.);
#845=EDGE_CURVE('',#1083,#1079,#1334,.T.);
#846=EDGE_CURVE('',#1088,#1086,#1335,.T.);
#847=EDGE_CURVE('',#1089,#1087,#1336,.T.);
#848=EDGE_CURVE('',#1078,#1089,#1337,.T.);
#849=EDGE_CURVE('',#1090,#1091,#1338,.T.);
#850=EDGE_CURVE('',#1091,#1092,#1339,.T.);
#851=EDGE_CURVE('',#1092,#1080,#1340,.T.);
#852=EDGE_CURVE('',#1089,#1093,#1341,.T.);
#853=EDGE_CURVE('',#1093,#1090,#1342,.T.);
#854=EDGE_CURVE('',#1093,#1088,#1343,.T.);
#855=EDGE_CURVE('',#1094,#1085,#1344,.T.);
#856=EDGE_CURVE('',#1095,#1094,#1345,.T.);
#857=EDGE_CURVE('',#1096,#1095,#1346,.T.);
#858=EDGE_CURVE('',#1096,#1090,#1347,.T.);
#859=EDGE_CURVE('',#1097,#1091,#1348,.T.);
#860=EDGE_CURVE('',#1096,#1097,#1349,.T.);
#861=EDGE_CURVE('',#1098,#1092,#1350,.T.);
#862=EDGE_CURVE('',#1097,#1098,#1351,.T.);
#863=EDGE_CURVE('',#1099,#1100,#1352,.T.);
#864=EDGE_CURVE('',#1084,#1099,#1353,.T.);
#865=EDGE_CURVE('',#1100,#1098,#1354,.T.);
#866=EDGE_CURVE('',#1101,#1102,#1355,.T.);
#867=EDGE_CURVE('',#1101,#975,#1356,.T.);
#868=EDGE_CURVE('',#1103,#976,#1357,.T.);
#869=EDGE_CURVE('',#1104,#1103,#1358,.T.);
#870=EDGE_CURVE('',#1104,#1094,#1359,.T.);
#871=EDGE_CURVE('',#1105,#1099,#1360,.T.);
#872=EDGE_CURVE('',#1105,#1106,#1361,.T.);
#873=EDGE_CURVE('',#1107,#1106,#1362,.T.);
#874=EDGE_CURVE('',#1102,#1107,#1363,.T.);
#875=EDGE_CURVE('',#1108,#1109,#1364,.T.);
#876=EDGE_CURVE('',#1109,#1110,#1365,.T.);
#877=EDGE_CURVE('',#1111,#1110,#1366,.T.);
#878=EDGE_CURVE('',#1108,#1111,#1367,.T.);
#879=EDGE_CURVE('',#1110,#1112,#1368,.T.);
#880=EDGE_CURVE('',#1113,#1112,#1369,.T.);
#881=EDGE_CURVE('',#1111,#1113,#1370,.T.);
#882=EDGE_CURVE('',#1114,#1115,#1371,.T.);
#883=EDGE_CURVE('',#1114,#1116,#1372,.T.);
#884=EDGE_CURVE('',#1116,#1117,#1373,.T.);
#885=EDGE_CURVE('',#1118,#1117,#1374,.T.);
#886=EDGE_CURVE('',#1115,#1118,#1375,.T.);
#887=EDGE_CURVE('',#1119,#1120,#1376,.T.);
#888=EDGE_CURVE('',#1121,#1120,#1377,.T.);
#889=EDGE_CURVE('',#1122,#1121,#1378,.T.);
#890=EDGE_CURVE('',#1122,#1123,#1379,.T.);
#891=EDGE_CURVE('',#1123,#1119,#1380,.T.);
#892=EDGE_CURVE('',#1124,#1116,#1381,.T.);
#893=EDGE_CURVE('',#1125,#1124,#1382,.T.);
#894=EDGE_CURVE('',#1125,#1117,#1383,.T.);
#895=EDGE_CURVE('',#1120,#1126,#1384,.T.);
#896=EDGE_CURVE('',#1127,#1126,#1385,.T.);
#897=EDGE_CURVE('',#1121,#1127,#1386,.T.);
#898=EDGE_CURVE('',#1128,#1129,#1387,.T.);
#899=EDGE_CURVE('',#1129,#1130,#1388,.T.);
#900=EDGE_CURVE('',#1130,#1131,#1389,.T.);
#901=EDGE_CURVE('',#1128,#1131,#1390,.T.);
#902=EDGE_CURVE('',#1132,#1113,#1391,.T.);
#903=EDGE_CURVE('',#1132,#1133,#1392,.T.);
#904=EDGE_CURVE('',#1134,#1133,#1393,.T.);
#905=EDGE_CURVE('',#1134,#1135,#1394,.T.);
#906=EDGE_CURVE('',#1136,#1135,#1395,.T.);
#907=EDGE_CURVE('',#1137,#1136,#1396,.T.);
#908=EDGE_CURVE('',#1127,#1137,#1397,.T.);
#909=EDGE_CURVE('',#1126,#1130,#1398,.T.);
#910=EDGE_CURVE('',#1129,#1138,#1399,.T.);
#911=EDGE_CURVE('',#1108,#1138,#1400,.T.);
#912=EDGE_CURVE('',#1139,#1105,#1401,.T.);
#913=EDGE_CURVE('',#1139,#1140,#1402,.T.);
#914=EDGE_CURVE('',#1140,#1106,#1403,.T.);
#915=EDGE_CURVE('',#1141,#1134,#1404,.T.);
#916=EDGE_CURVE('',#1141,#1142,#1405,.T.);
#917=EDGE_CURVE('',#1142,#1135,#1406,.T.);
#918=EDGE_CURVE('',#1143,#1140,#1407,.T.);
#919=EDGE_CURVE('',#1143,#1107,#1408,.T.);
#920=EDGE_CURVE('',#1144,#1142,#1409,.T.);
#921=EDGE_CURVE('',#1144,#1136,#1410,.T.);
#922=EDGE_CURVE('',#1145,#1143,#1411,.T.);
#923=EDGE_CURVE('',#1145,#1102,#1412,.T.);
#924=EDGE_CURVE('',#1146,#1144,#1413,.T.);
#925=EDGE_CURVE('',#1146,#1137,#1414,.T.);
#926=EDGE_CURVE('',#1100,#1141,#1415,.T.);
#927=EDGE_CURVE('',#1147,#1095,#1416,.T.);
#928=EDGE_CURVE('',#1147,#1148,#1417,.T.);
#929=EDGE_CURVE('',#1148,#978,#1418,.T.);
#930=EDGE_CURVE('',#1149,#977,#1419,.T.);
#931=EDGE_CURVE('',#1146,#1149,#1420,.T.);
#932=EDGE_CURVE('',#1148,#1103,#1421,.T.);
#933=EDGE_CURVE('',#1147,#1104,#1422,.T.);
#934=EDGE_CURVE('',#970,#1150,#1423,.T.);
#935=EDGE_CURVE('',#1150,#973,#1424,.T.);
#936=EDGE_CURVE('',#1151,#1128,#1425,.T.);
#937=EDGE_CURVE('',#1138,#1151,#1426,.T.);
#938=EDGE_CURVE('',#1149,#1122,#1427,.T.);
#939=EDGE_CURVE('',#1114,#1101,#1428,.T.);
#940=EDGE_CURVE('',#1123,#1115,#1429,.T.);
#941=EDGE_CURVE('',#1151,#1152,#1430,.T.);
#942=EDGE_CURVE('',#1152,#1119,#1431,.T.);
#943=EDGE_CURVE('',#1118,#971,#1432,.T.);
#944=EDGE_CURVE('',#1150,#1109,#1433,.T.);
#945=EDGE_CURVE('',#1152,#1131,#1434,.T.);
#946=EDGE_CURVE('',#1125,#974,#1435,.T.);
#947=EDGE_CURVE('',#1145,#1124,#1436,.T.);
#948=EDGE_CURVE('',#1153,#1139,#1437,.T.);
#949=EDGE_CURVE('',#1153,#1154,#1438,.T.);
#950=EDGE_CURVE('',#1112,#1154,#1439,.T.);
#951=EDGE_CURVE('',#1132,#1154,#1440,.T.);
#952=EDGE_CURVE('',#1133,#1153,#1441,.T.);
#953=VERTEX_POINT('',#3306);
#954=VERTEX_POINT('',#3307);
#955=VERTEX_POINT('',#3309);
#956=VERTEX_POINT('',#3311);
#957=VERTEX_POINT('',#3315);
#958=VERTEX_POINT('',#3317);
#959=VERTEX_POINT('',#3321);
#960=VERTEX_POINT('',#3325);
#961=VERTEX_POINT('',#3331);
#962=VERTEX_POINT('',#3332);
#963=VERTEX_POINT('',#3334);
#964=VERTEX_POINT('',#3336);
#965=VERTEX_POINT('',#3340);
#966=VERTEX_POINT('',#3341);
#967=VERTEX_POINT('',#3346);
#968=VERTEX_POINT('',#3350);
#969=VERTEX_POINT('',#3356);
#970=VERTEX_POINT('',#3357);
#971=VERTEX_POINT('',#3359);
#972=VERTEX_POINT('',#3361);
#973=VERTEX_POINT('',#3365);
#974=VERTEX_POINT('',#3367);
#975=VERTEX_POINT('',#3371);
#976=VERTEX_POINT('',#3372);
#977=VERTEX_POINT('',#3374);
#978=VERTEX_POINT('',#3376);
#979=VERTEX_POINT('',#3380);
#980=VERTEX_POINT('',#3381);
#981=VERTEX_POINT('',#3383);
#982=VERTEX_POINT('',#3385);
#983=VERTEX_POINT('',#3389);
#984=VERTEX_POINT('',#3390);
#985=VERTEX_POINT('',#3395);
#986=VERTEX_POINT('',#3396);
#987=VERTEX_POINT('',#3401);
#988=VERTEX_POINT('',#3402);
#989=VERTEX_POINT('',#3407);
#990=VERTEX_POINT('',#3408);
#991=VERTEX_POINT('',#3413);
#992=VERTEX_POINT('',#3414);
#993=VERTEX_POINT('',#3419);
#994=VERTEX_POINT('',#3420);
#995=VERTEX_POINT('',#3427);
#996=VERTEX_POINT('',#3428);
#997=VERTEX_POINT('',#3430);
#998=VERTEX_POINT('',#3432);
#999=VERTEX_POINT('',#3436);
#1000=VERTEX_POINT('',#3438);
#1001=VERTEX_POINT('',#3442);
#1002=VERTEX_POINT('',#3446);
#1003=VERTEX_POINT('',#3454);
#1004=VERTEX_POINT('',#3455);
#1005=VERTEX_POINT('',#3457);
#1006=VERTEX_POINT('',#3459);
#1007=VERTEX_POINT('',#3463);
#1008=VERTEX_POINT('',#3464);
#1009=VERTEX_POINT('',#3469);
#1010=VERTEX_POINT('',#3470);
#1011=VERTEX_POINT('',#3475);
#1012=VERTEX_POINT('',#3476);
#1013=VERTEX_POINT('',#3481);
#1014=VERTEX_POINT('',#3482);
#1015=VERTEX_POINT('',#3487);
#1016=VERTEX_POINT('',#3488);
#1017=VERTEX_POINT('',#3493);
#1018=VERTEX_POINT('',#3494);
#1019=VERTEX_POINT('',#3501);
#1020=VERTEX_POINT('',#3502);
#1021=VERTEX_POINT('',#3504);
#1022=VERTEX_POINT('',#3506);
#1023=VERTEX_POINT('',#3510);
#1024=VERTEX_POINT('',#3512);
#1025=VERTEX_POINT('',#3516);
#1026=VERTEX_POINT('',#3520);
#1027=VERTEX_POINT('',#3528);
#1028=VERTEX_POINT('',#3529);
#1029=VERTEX_POINT('',#3531);
#1030=VERTEX_POINT('',#3533);
#1031=VERTEX_POINT('',#3537);
#1032=VERTEX_POINT('',#3538);
#1033=VERTEX_POINT('',#3543);
#1034=VERTEX_POINT('',#3544);
#1035=VERTEX_POINT('',#3549);
#1036=VERTEX_POINT('',#3550);
#1037=VERTEX_POINT('',#3555);
#1038=VERTEX_POINT('',#3556);
#1039=VERTEX_POINT('',#3561);
#1040=VERTEX_POINT('',#3562);
#1041=VERTEX_POINT('',#3567);
#1042=VERTEX_POINT('',#3568);
#1043=VERTEX_POINT('',#3573);
#1044=VERTEX_POINT('',#3574);
#1045=VERTEX_POINT('',#3579);
#1046=VERTEX_POINT('',#3580);
#1047=VERTEX_POINT('',#3585);
#1048=VERTEX_POINT('',#3586);
#1049=VERTEX_POINT('',#3591);
#1050=VERTEX_POINT('',#3595);
#1051=VERTEX_POINT('',#3601);
#1052=VERTEX_POINT('',#3602);
#1053=VERTEX_POINT('',#3604);
#1054=VERTEX_POINT('',#3606);
#1055=VERTEX_POINT('',#3608);
#1056=VERTEX_POINT('',#3610);
#1057=VERTEX_POINT('',#3612);
#1058=VERTEX_POINT('',#3614);
#1059=VERTEX_POINT('',#3616);
#1060=VERTEX_POINT('',#3618);
#1061=VERTEX_POINT('',#3620);
#1062=VERTEX_POINT('',#3622);
#1063=VERTEX_POINT('',#3626);
#1064=VERTEX_POINT('',#3628);
#1065=VERTEX_POINT('',#3632);
#1066=VERTEX_POINT('',#3636);
#1067=VERTEX_POINT('',#3640);
#1068=VERTEX_POINT('',#3644);
#1069=VERTEX_POINT('',#3648);
#1070=VERTEX_POINT('',#3652);
#1071=VERTEX_POINT('',#3656);
#1072=VERTEX_POINT('',#3660);
#1073=VERTEX_POINT('',#3664);
#1074=VERTEX_POINT('',#3668);
#1075=VERTEX_POINT('',#3674);
#1076=VERTEX_POINT('',#3675);
#1077=VERTEX_POINT('',#3677);
#1078=VERTEX_POINT('',#3679);
#1079=VERTEX_POINT('',#3683);
#1080=VERTEX_POINT('',#3684);
#1081=VERTEX_POINT('',#3689);
#1082=VERTEX_POINT('',#3690);
#1083=VERTEX_POINT('',#3692);
#1084=VERTEX_POINT('',#3694);
#1085=VERTEX_POINT('',#3698);
#1086=VERTEX_POINT('',#3699);
#1087=VERTEX_POINT('',#3704);
#1088=VERTEX_POINT('',#3705);
#1089=VERTEX_POINT('',#3711);
#1090=VERTEX_POINT('',#3715);
#1091=VERTEX_POINT('',#3716);
#1092=VERTEX_POINT('',#3718);
#1093=VERTEX_POINT('',#3721);
#1094=VERTEX_POINT('',#3727);
#1095=VERTEX_POINT('',#3729);
#1096=VERTEX_POINT('',#3731);
#1097=VERTEX_POINT('',#3735);
#1098=VERTEX_POINT('',#3739);
#1099=VERTEX_POINT('',#3743);
#1100=VERTEX_POINT('',#3744);
#1101=VERTEX_POINT('',#3749);
#1102=VERTEX_POINT('',#3750);
#1103=VERTEX_POINT('',#3753);
#1104=VERTEX_POINT('',#3755);
#1105=VERTEX_POINT('',#3758);
#1106=VERTEX_POINT('',#3760);
#1107=VERTEX_POINT('',#3762);
#1108=VERTEX_POINT('',#3766);
#1109=VERTEX_POINT('',#3767);
#1110=VERTEX_POINT('',#3769);
#1111=VERTEX_POINT('',#3771);
#1112=VERTEX_POINT('',#3775);
#1113=VERTEX_POINT('',#3777);
#1114=VERTEX_POINT('',#3781);
#1115=VERTEX_POINT('',#3782);
#1116=VERTEX_POINT('',#3784);
#1117=VERTEX_POINT('',#3786);
#1118=VERTEX_POINT('',#3788);
#1119=VERTEX_POINT('',#3792);
#1120=VERTEX_POINT('',#3793);
#1121=VERTEX_POINT('',#3795);
#1122=VERTEX_POINT('',#3797);
#1123=VERTEX_POINT('',#3799);
#1124=VERTEX_POINT('',#3803);
#1125=VERTEX_POINT('',#3805);
#1126=VERTEX_POINT('',#3809);
#1127=VERTEX_POINT('',#3811);
#1128=VERTEX_POINT('',#3815);
#1129=VERTEX_POINT('',#3816);
#1130=VERTEX_POINT('',#3818);
#1131=VERTEX_POINT('',#3820);
#1132=VERTEX_POINT('',#3824);
#1133=VERTEX_POINT('',#3826);
#1134=VERTEX_POINT('',#3828);
#1135=VERTEX_POINT('',#3830);
#1136=VERTEX_POINT('',#3832);
#1137=VERTEX_POINT('',#3834);
#1138=VERTEX_POINT('',#3838);
#1139=VERTEX_POINT('',#3842);
#1140=VERTEX_POINT('',#3844);
#1141=VERTEX_POINT('',#3848);
#1142=VERTEX_POINT('',#3850);
#1143=VERTEX_POINT('',#3854);
#1144=VERTEX_POINT('',#3858);
#1145=VERTEX_POINT('',#3862);
#1146=VERTEX_POINT('',#3866);
#1147=VERTEX_POINT('',#3871);
#1148=VERTEX_POINT('',#3873);
#1149=VERTEX_POINT('',#3876);
#1150=VERTEX_POINT('',#3884);
#1151=VERTEX_POINT('',#3887);
#1152=VERTEX_POINT('',#3895);
#1153=VERTEX_POINT('',#3907);
#1154=VERTEX_POINT('',#3909);
#1155=LINE('',#3305,#1442);
#1156=LINE('',#3308,#1443);
#1157=LINE('',#3310,#1444);
#1158=LINE('',#3312,#1445);
#1159=LINE('',#3314,#1446);
#1160=LINE('',#3316,#1447);
#1161=LINE('',#3318,#1448);
#1162=LINE('',#3320,#1449);
#1163=LINE('',#3322,#1450);
#1164=LINE('',#3324,#1451);
#1165=LINE('',#3326,#1452);
#1166=LINE('',#3328,#1453);
#1167=LINE('',#3330,#1454);
#1168=LINE('',#3333,#1455);
#1169=LINE('',#3335,#1456);
#1170=LINE('',#3337,#1457);
#1171=LINE('',#3339,#1458);
#1172=LINE('',#3342,#1459);
#1173=LINE('',#3343,#1460);
#1174=LINE('',#3345,#1461);
#1175=LINE('',#3347,#1462);
#1176=LINE('',#3349,#1463);
#1177=LINE('',#3351,#1464);
#1178=LINE('',#3353,#1465);
#1179=LINE('',#3355,#1466);
#1180=LINE('',#3358,#1467);
#1181=LINE('',#3360,#1468);
#1182=LINE('',#3362,#1469);
#1183=LINE('',#3364,#1470);
#1184=LINE('',#3366,#1471);
#1185=LINE('',#3368,#1472);
#1186=LINE('',#3370,#1473);
#1187=LINE('',#3373,#1474);
#1188=LINE('',#3375,#1475);
#1189=LINE('',#3377,#1476);
#1190=LINE('',#3379,#1477);
#1191=LINE('',#3382,#1478);
#1192=LINE('',#3384,#1479);
#1193=LINE('',#3386,#1480);
#1194=LINE('',#3388,#1481);
#1195=LINE('',#3394,#1482);
#1196=LINE('',#3397,#1483);
#1197=LINE('',#3398,#1484);
#1198=LINE('',#3400,#1485);
#1199=LINE('',#3403,#1486);
#1200=LINE('',#3404,#1487);
#1201=LINE('',#3406,#1488);
#1202=LINE('',#3409,#1489);
#1203=LINE('',#3410,#1490);
#1204=LINE('',#3412,#1491);
#1205=LINE('',#3418,#1492);
#1206=LINE('',#3421,#1493);
#1207=LINE('',#3422,#1494);
#1208=LINE('',#3424,#1495);
#1209=LINE('',#3426,#1496);
#1210=LINE('',#3429,#1497);
#1211=LINE('',#3431,#1498);
#1212=LINE('',#3433,#1499);
#1213=LINE('',#3435,#1500);
#1214=LINE('',#3437,#1501);
#1215=LINE('',#3439,#1502);
#1216=LINE('',#3441,#1503);
#1217=LINE('',#3443,#1504);
#1218=LINE('',#3445,#1505);
#1219=LINE('',#3447,#1506);
#1220=LINE('',#3449,#1507);
#1221=LINE('',#3451,#1508);
#1222=LINE('',#3453,#1509);
#1223=LINE('',#3456,#1510);
#1224=LINE('',#3458,#1511);
#1225=LINE('',#3460,#1512);
#1226=LINE('',#3462,#1513);
#1227=LINE('',#3468,#1514);
#1228=LINE('',#3471,#1515);
#1229=LINE('',#3472,#1516);
#1230=LINE('',#3474,#1517);
#1231=LINE('',#3477,#1518);
#1232=LINE('',#3478,#1519);
#1233=LINE('',#3480,#1520);
#1234=LINE('',#3483,#1521);
#1235=LINE('',#3484,#1522);
#1236=LINE('',#3486,#1523);
#1237=LINE('',#3492,#1524);
#1238=LINE('',#3495,#1525);
#1239=LINE('',#3496,#1526);
#1240=LINE('',#3498,#1527);
#1241=LINE('',#3500,#1528);
#1242=LINE('',#3503,#1529);
#1243=LINE('',#3505,#1530);
#1244=LINE('',#3507,#1531);
#1245=LINE('',#3509,#1532);
#1246=LINE('',#3511,#1533);
#1247=LINE('',#3513,#1534);
#1248=LINE('',#3515,#1535);
#1249=LINE('',#3517,#1536);
#1250=LINE('',#3519,#1537);
#1251=LINE('',#3521,#1538);
#1252=LINE('',#3523,#1539);
#1253=LINE('',#3525,#1540);
#1254=LINE('',#3527,#1541);
#1255=LINE('',#3532,#1542);
#1256=LINE('',#3536,#1543);
#1257=LINE('',#3539,#1544);
#1258=LINE('',#3540,#1545);
#1259=LINE('',#3542,#1546);
#1260=LINE('',#3545,#1547);
#1261=LINE('',#3546,#1548);
#1262=LINE('',#3548,#1549);
#1263=LINE('',#3551,#1550);
#1264=LINE('',#3552,#1551);
#1265=LINE('',#3554,#1552);
#1266=LINE('',#3557,#1553);
#1267=LINE('',#3558,#1554);
#1268=LINE('',#3560,#1555);
#1269=LINE('',#3563,#1556);
#1270=LINE('',#3564,#1557);
#1271=LINE('',#3566,#1558);
#1272=LINE('',#3569,#1559);
#1273=LINE('',#3570,#1560);
#1274=LINE('',#3572,#1561);
#1275=LINE('',#3575,#1562);
#1276=LINE('',#3576,#1563);
#1277=LINE('',#3578,#1564);
#1278=LINE('',#3584,#1565);
#1279=LINE('',#3587,#1566);
#1280=LINE('',#3588,#1567);
#1281=LINE('',#3590,#1568);
#1282=LINE('',#3592,#1569);
#1283=LINE('',#3594,#1570);
#1284=LINE('',#3596,#1571);
#1285=LINE('',#3598,#1572);
#1286=LINE('',#3600,#1573);
#1287=LINE('',#3603,#1574);
#1288=LINE('',#3607,#1575);
#1289=LINE('',#3609,#1576);
#1290=LINE('',#3611,#1577);
#1291=LINE('',#3613,#1578);
#1292=LINE('',#3615,#1579);
#1293=LINE('',#3617,#1580);
#1294=LINE('',#3619,#1581);
#1295=LINE('',#3623,#1582);
#1296=LINE('',#3625,#1583);
#1297=LINE('',#3627,#1584);
#1298=LINE('',#3629,#1585);
#1299=LINE('',#3631,#1586);
#1300=LINE('',#3635,#1587);
#1301=LINE('',#3637,#1588);
#1302=LINE('',#3639,#1589);
#1303=LINE('',#3641,#1590);
#1304=LINE('',#3643,#1591);
#1305=LINE('',#3645,#1592);
#1306=LINE('',#3647,#1593);
#1307=LINE('',#3649,#1594);
#1308=LINE('',#3651,#1595);
#1309=LINE('',#3653,#1596);
#1310=LINE('',#3655,#1597);
#1311=LINE('',#3657,#1598);
#1312=LINE('',#3659,#1599);
#1313=LINE('',#3661,#1600);
#1314=LINE('',#3663,#1601);
#1315=LINE('',#3667,#1602);
#1316=LINE('',#3669,#1603);
#1317=LINE('',#3671,#1604);
#1318=LINE('',#3673,#1605);
#1319=LINE('',#3676,#1606);
#1320=LINE('',#3678,#1607);
#1321=LINE('',#3680,#1608);
#1322=LINE('',#3682,#1609);
#1323=LINE('',#3685,#1610);
#1324=LINE('',#3686,#1611);
#1325=LINE('',#3688,#1612);
#1326=LINE('',#3691,#1613);
#1327=LINE('',#3693,#1614);
#1328=LINE('',#3695,#1615);
#1329=LINE('',#3697,#1616);
#1330=LINE('',#3700,#1617);
#1331=LINE('',#3701,#1618);
#1332=LINE('',#3703,#1619);
#1333=LINE('',#3706,#1620);
#1334=LINE('',#3707,#1621);
#1335=LINE('',#3708,#1622);
#1336=LINE('',#3710,#1623);
#1337=LINE('',#3712,#1624);
#1338=LINE('',#3714,#1625);
#1339=LINE('',#3717,#1626);
#1340=LINE('',#3719,#1627);
#1341=LINE('',#3720,#1628);
#1342=LINE('',#3722,#1629);
#1343=LINE('',#3724,#1630);
#1344=LINE('',#3726,#1631);
#1345=LINE('',#3728,#1632);
#1346=LINE('',#3730,#1633);
#1347=LINE('',#3732,#1634);
#1348=LINE('',#3734,#1635);
#1349=LINE('',#3736,#1636);
#1350=LINE('',#3738,#1637);
#1351=LINE('',#3740,#1638);
#1352=LINE('',#3742,#1639);
#1353=LINE('',#3745,#1640);
#1354=LINE('',#3746,#1641);
#1355=LINE('',#3748,#1642);
#1356=LINE('',#3751,#1643);
#1357=LINE('',#3752,#1644);
#1358=LINE('',#3754,#1645);
#1359=LINE('',#3756,#1646);
#1360=LINE('',#3757,#1647);
#1361=LINE('',#3759,#1648);
#1362=LINE('',#3761,#1649);
#1363=LINE('',#3763,#1650);
#1364=LINE('',#3765,#1651);
#1365=LINE('',#3768,#1652);
#1366=LINE('',#3770,#1653);
#1367=LINE('',#3772,#1654);
#1368=LINE('',#3774,#1655);
#1369=LINE('',#3776,#1656);
#1370=LINE('',#3778,#1657);
#1371=LINE('',#3780,#1658);
#1372=LINE('',#3783,#1659);
#1373=LINE('',#3785,#1660);
#1374=LINE('',#3787,#1661);
#1375=LINE('',#3789,#1662);
#1376=LINE('',#3791,#1663);
#1377=LINE('',#3794,#1664);
#1378=LINE('',#3796,#1665);
#1379=LINE('',#3798,#1666);
#1380=LINE('',#3800,#1667);
#1381=LINE('',#3802,#1668);
#1382=LINE('',#3804,#1669);
#1383=LINE('',#3806,#1670);
#1384=LINE('',#3808,#1671);
#1385=LINE('',#3810,#1672);
#1386=LINE('',#3812,#1673);
#1387=LINE('',#3814,#1674);
#1388=LINE('',#3817,#1675);
#1389=LINE('',#3819,#1676);
#1390=LINE('',#3821,#1677);
#1391=LINE('',#3823,#1678);
#1392=LINE('',#3825,#1679);
#1393=LINE('',#3827,#1680);
#1394=LINE('',#3829,#1681);
#1395=LINE('',#3831,#1682);
#1396=LINE('',#3833,#1683);
#1397=LINE('',#3835,#1684);
#1398=LINE('',#3836,#1685);
#1399=LINE('',#3837,#1686);
#1400=LINE('',#3839,#1687);
#1401=LINE('',#3841,#1688);
#1402=LINE('',#3843,#1689);
#1403=LINE('',#3845,#1690);
#1404=LINE('',#3847,#1691);
#1405=LINE('',#3849,#1692);
#1406=LINE('',#3851,#1693);
#1407=LINE('',#3853,#1694);
#1408=LINE('',#3855,#1695);
#1409=LINE('',#3857,#1696);
#1410=LINE('',#3859,#1697);
#1411=LINE('',#3861,#1698);
#1412=LINE('',#3863,#1699);
#1413=LINE('',#3865,#1700);
#1414=LINE('',#3867,#1701);
#1415=LINE('',#3869,#1702);
#1416=LINE('',#3870,#1703);
#1417=LINE('',#3872,#1704);
#1418=LINE('',#3874,#1705);
#1419=LINE('',#3875,#1706);
#1420=LINE('',#3877,#1707);
#1421=LINE('',#3879,#1708);
#1422=LINE('',#3881,#1709);
#1423=LINE('',#3883,#1710);
#1424=LINE('',#3885,#1711);
#1425=LINE('',#3886,#1712);
#1426=LINE('',#3888,#1713);
#1427=LINE('',#3889,#1714);
#1428=LINE('',#3890,#1715);
#1429=LINE('',#3891,#1716);
#1430=LINE('',#3894,#1717);
#1431=LINE('',#3896,#1718);
#1432=LINE('',#3897,#1719);
#1433=LINE('',#3898,#1720);
#1434=LINE('',#3900,#1721);
#1435=LINE('',#3902,#1722);
#1436=LINE('',#3905,#1723);
#1437=LINE('',#3906,#1724);
#1438=LINE('',#3908,#1725);
#1439=LINE('',#3910,#1726);
#1440=LINE('',#3912,#1727);
#1441=LINE('',#3914,#1728);
#1442=VECTOR('',#2768,1.);
#1443=VECTOR('',#2769,1.);
#1444=VECTOR('',#2770,1.);
#1445=VECTOR('',#2771,1.);
#1446=VECTOR('',#2774,1.);
#1447=VECTOR('',#2775,1.);
#1448=VECTOR('',#2776,1.);
#1449=VECTOR('',#2779,1.);
#1450=VECTOR('',#2780,1.);
#1451=VECTOR('',#2783,1.);
#1452=VECTOR('',#2784,1.);
#1453=VECTOR('',#2787,1.);
#1454=VECTOR('',#2790,1.);
#1455=VECTOR('',#2791,1.);
#1456=VECTOR('',#2792,1.);
#1457=VECTOR('',#2793,1.);
#1458=VECTOR('',#2796,1.);
#1459=VECTOR('',#2797,1.);
#1460=VECTOR('',#2798,1.);
#1461=VECTOR('',#2801,1.);
#1462=VECTOR('',#2802,1.);
#1463=VECTOR('',#2805,1.);
#1464=VECTOR('',#2806,1.);
#1465=VECTOR('',#2809,1.);
#1466=VECTOR('',#2812,1.);
#1467=VECTOR('',#2813,1.);
#1468=VECTOR('',#2814,1.);
#1469=VECTOR('',#2815,1.);
#1470=VECTOR('',#2818,1.);
#1471=VECTOR('',#2819,1.);
#1472=VECTOR('',#2820,1.);
#1473=VECTOR('',#2823,1.);
#1474=VECTOR('',#2824,1.);
#1475=VECTOR('',#2825,1.);
#1476=VECTOR('',#2826,1.);
#1477=VECTOR('',#2829,1.);
#1478=VECTOR('',#2830,1.);
#1479=VECTOR('',#2831,1.);
#1480=VECTOR('',#2832,1.);
#1481=VECTOR('',#2835,1.);
#1482=VECTOR('',#2842,1.);
#1483=VECTOR('',#2843,1.);
#1484=VECTOR('',#2844,1.);
#1485=VECTOR('',#2847,1.);
#1486=VECTOR('',#2848,1.);
#1487=VECTOR('',#2849,1.);
#1488=VECTOR('',#2852,1.);
#1489=VECTOR('',#2853,1.);
#1490=VECTOR('',#2854,1.);
#1491=VECTOR('',#2857,1.);
#1492=VECTOR('',#2864,1.);
#1493=VECTOR('',#2865,1.);
#1494=VECTOR('',#2866,1.);
#1495=VECTOR('',#2869,1.);
#1496=VECTOR('',#2872,1.);
#1497=VECTOR('',#2873,1.);
#1498=VECTOR('',#2874,1.);
#1499=VECTOR('',#2875,1.);
#1500=VECTOR('',#2878,1.);
#1501=VECTOR('',#2879,1.);
#1502=VECTOR('',#2880,1.);
#1503=VECTOR('',#2883,1.);
#1504=VECTOR('',#2884,1.);
#1505=VECTOR('',#2887,1.);
#1506=VECTOR('',#2888,1.);
#1507=VECTOR('',#2891,1.);
#1508=VECTOR('',#2894,1.);
#1509=VECTOR('',#2897,1.);
#1510=VECTOR('',#2898,1.);
#1511=VECTOR('',#2899,1.);
#1512=VECTOR('',#2900,1.);
#1513=VECTOR('',#2903,1.);
#1514=VECTOR('',#2910,1.);
#1515=VECTOR('',#2911,1.);
#1516=VECTOR('',#2912,1.);
#1517=VECTOR('',#2915,1.);
#1518=VECTOR('',#2916,1.);
#1519=VECTOR('',#2917,1.);
#1520=VECTOR('',#2920,1.);
#1521=VECTOR('',#2921,1.);
#1522=VECTOR('',#2922,1.);
#1523=VECTOR('',#2925,1.);
#1524=VECTOR('',#2932,1.);
#1525=VECTOR('',#2933,1.);
#1526=VECTOR('',#2934,1.);
#1527=VECTOR('',#2937,1.);
#1528=VECTOR('',#2940,1.);
#1529=VECTOR('',#2941,1.);
#1530=VECTOR('',#2942,1.);
#1531=VECTOR('',#2943,1.);
#1532=VECTOR('',#2946,1.);
#1533=VECTOR('',#2947,1.);
#1534=VECTOR('',#2948,1.);
#1535=VECTOR('',#2951,1.);
#1536=VECTOR('',#2952,1.);
#1537=VECTOR('',#2955,1.);
#1538=VECTOR('',#2956,1.);
#1539=VECTOR('',#2959,1.);
#1540=VECTOR('',#2962,1.);
#1541=VECTOR('',#2965,1.);
#1542=VECTOR('',#2968,1.);
#1543=VECTOR('',#2973,1.);
#1544=VECTOR('',#2974,1.);
#1545=VECTOR('',#2975,1.);
#1546=VECTOR('',#2978,1.);
#1547=VECTOR('',#2979,1.);
#1548=VECTOR('',#2980,1.);
#1549=VECTOR('',#2983,1.);
#1550=VECTOR('',#2984,1.);
#1551=VECTOR('',#2985,1.);
#1552=VECTOR('',#2988,1.);
#1553=VECTOR('',#2989,1.);
#1554=VECTOR('',#2990,1.);
#1555=VECTOR('',#2993,1.);
#1556=VECTOR('',#2994,1.);
#1557=VECTOR('',#2995,1.);
#1558=VECTOR('',#2998,1.);
#1559=VECTOR('',#2999,1.);
#1560=VECTOR('',#3000,1.);
#1561=VECTOR('',#3003,1.);
#1562=VECTOR('',#3004,1.);
#1563=VECTOR('',#3005,1.);
#1564=VECTOR('',#3008,1.);
#1565=VECTOR('',#3015,1.);
#1566=VECTOR('',#3016,1.);
#1567=VECTOR('',#3017,1.);
#1568=VECTOR('',#3020,1.);
#1569=VECTOR('',#3021,1.);
#1570=VECTOR('',#3024,1.);
#1571=VECTOR('',#3025,1.);
#1572=VECTOR('',#3028,1.);
#1573=VECTOR('',#3031,1.);
#1574=VECTOR('',#3032,1.);
#1575=VECTOR('',#3035,1.);
#1576=VECTOR('',#3036,1.);
#1577=VECTOR('',#3037,1.);
#1578=VECTOR('',#3038,1.);
#1579=VECTOR('',#3039,1.);
#1580=VECTOR('',#3040,1.);
#1581=VECTOR('',#3041,1.);
#1582=VECTOR('',#3044,1.);
#1583=VECTOR('',#3047,1.);
#1584=VECTOR('',#3048,1.);
#1585=VECTOR('',#3049,1.);
#1586=VECTOR('',#3052,1.);
#1587=VECTOR('',#3057,1.);
#1588=VECTOR('',#3058,1.);
#1589=VECTOR('',#3061,1.);
#1590=VECTOR('',#3062,1.);
#1591=VECTOR('',#3065,1.);
#1592=VECTOR('',#3066,1.);
#1593=VECTOR('',#3069,1.);
#1594=VECTOR('',#3070,1.);
#1595=VECTOR('',#3073,1.);
#1596=VECTOR('',#3074,1.);
#1597=VECTOR('',#3077,1.);
#1598=VECTOR('',#3078,1.);
#1599=VECTOR('',#3081,1.);
#1600=VECTOR('',#3082,1.);
#1601=VECTOR('',#3085,1.);
#1602=VECTOR('',#3090,1.);
#1603=VECTOR('',#3091,1.);
#1604=VECTOR('',#3094,1.);
#1605=VECTOR('',#3097,1.);
#1606=VECTOR('',#3098,1.);
#1607=VECTOR('',#3099,1.);
#1608=VECTOR('',#3100,1.);
#1609=VECTOR('',#3103,1.);
#1610=VECTOR('',#3104,1.);
#1611=VECTOR('',#3105,1.);
#1612=VECTOR('',#3108,1.);
#1613=VECTOR('',#3109,1.);
#1614=VECTOR('',#3110,1.);
#1615=VECTOR('',#3111,1.);
#1616=VECTOR('',#3114,1.);
#1617=VECTOR('',#3115,1.);
#1618=VECTOR('',#3116,1.);
#1619=VECTOR('',#3119,1.);
#1620=VECTOR('',#3120,1.);
#1621=VECTOR('',#3121,1.);
#1622=VECTOR('',#3122,1.);
#1623=VECTOR('',#3125,1.);
#1624=VECTOR('',#3126,1.);
#1625=VECTOR('',#3129,1.);
#1626=VECTOR('',#3130,1.);
#1627=VECTOR('',#3131,1.);
#1628=VECTOR('',#3132,1.);
#1629=VECTOR('',#3133,1.);
#1630=VECTOR('',#3136,1.);
#1631=VECTOR('',#3139,1.);
#1632=VECTOR('',#3140,1.);
#1633=VECTOR('',#3141,1.);
#1634=VECTOR('',#3142,1.);
#1635=VECTOR('',#3145,1.);
#1636=VECTOR('',#3146,1.);
#1637=VECTOR('',#3149,1.);
#1638=VECTOR('',#3150,1.);
#1639=VECTOR('',#3153,1.);
#1640=VECTOR('',#3154,1.);
#1641=VECTOR('',#3155,1.);
#1642=VECTOR('',#3158,1.);
#1643=VECTOR('',#3159,1.);
#1644=VECTOR('',#3160,1.);
#1645=VECTOR('',#3161,1.);
#1646=VECTOR('',#3162,1.);
#1647=VECTOR('',#3163,1.);
#1648=VECTOR('',#3164,1.);
#1649=VECTOR('',#3165,1.);
#1650=VECTOR('',#3166,1.);
#1651=VECTOR('',#3169,1.);
#1652=VECTOR('',#3170,1.);
#1653=VECTOR('',#3171,1.);
#1654=VECTOR('',#3172,1.);
#1655=VECTOR('',#3175,1.);
#1656=VECTOR('',#3176,1.);
#1657=VECTOR('',#3177,1.);
#1658=VECTOR('',#3180,1.);
#1659=VECTOR('',#3181,1.);
#1660=VECTOR('',#3182,1.);
#1661=VECTOR('',#3183,1.);
#1662=VECTOR('',#3184,1.);
#1663=VECTOR('',#3187,1.);
#1664=VECTOR('',#3188,1.);
#1665=VECTOR('',#3189,1.);
#1666=VECTOR('',#3190,1.);
#1667=VECTOR('',#3191,1.);
#1668=VECTOR('',#3194,1.);
#1669=VECTOR('',#3195,1.);
#1670=VECTOR('',#3196,1.);
#1671=VECTOR('',#3199,1.);
#1672=VECTOR('',#3200,1.);
#1673=VECTOR('',#3201,1.);
#1674=VECTOR('',#3204,1.);
#1675=VECTOR('',#3205,1.);
#1676=VECTOR('',#3206,1.);
#1677=VECTOR('',#3207,1.);
#1678=VECTOR('',#3210,1.);
#1679=VECTOR('',#3211,1.);
#1680=VECTOR('',#3212,1.);
#1681=VECTOR('',#3213,1.);
#1682=VECTOR('',#3214,1.);
#1683=VECTOR('',#3215,1.);
#1684=VECTOR('',#3216,1.);
#1685=VECTOR('',#3217,1.);
#1686=VECTOR('',#3218,1.);
#1687=VECTOR('',#3219,1.);
#1688=VECTOR('',#3222,1.);
#1689=VECTOR('',#3223,1.);
#1690=VECTOR('',#3224,1.);
#1691=VECTOR('',#3227,1.);
#1692=VECTOR('',#3228,1.);
#1693=VECTOR('',#3229,1.);
#1694=VECTOR('',#3232,1.);
#1695=VECTOR('',#3233,1.);
#1696=VECTOR('',#3236,1.);
#1697=VECTOR('',#3237,1.);
#1698=VECTOR('',#3240,1.);
#1699=VECTOR('',#3241,1.);
#1700=VECTOR('',#3244,1.);
#1701=VECTOR('',#3245,1.);
#1702=VECTOR('',#3248,1.);
#1703=VECTOR('',#3249,1.);
#1704=VECTOR('',#3250,1.);
#1705=VECTOR('',#3251,1.);
#1706=VECTOR('',#3252,1.);
#1707=VECTOR('',#3253,1.);
#1708=VECTOR('',#3256,1.);
#1709=VECTOR('',#3259,1.);
#1710=VECTOR('',#3262,1.);
#1711=VECTOR('',#3263,1.);
#1712=VECTOR('',#3264,1.);
#1713=VECTOR('',#3265,1.);
#1714=VECTOR('',#3266,1.);
#1715=VECTOR('',#3267,1.);
#1716=VECTOR('',#3268,1.);
#1717=VECTOR('',#3273,1.);
#1718=VECTOR('',#3274,1.);
#1719=VECTOR('',#3275,1.);
#1720=VECTOR('',#3276,1.);
#1721=VECTOR('',#3279,1.);
#1722=VECTOR('',#3282,1.);
#1723=VECTOR('',#3287,1.);
#1724=VECTOR('',#3288,1.);
#1725=VECTOR('',#3289,1.);
#1726=VECTOR('',#3290,1.);
#1727=VECTOR('',#3293,1.);
#1728=VECTOR('',#3296,1.);
#1729=EDGE_LOOP('',(#44,#45,#46,#47));
#1730=EDGE_LOOP('',(#48,#49,#50,#51));
#1731=EDGE_LOOP('',(#52,#53,#54,#55));
#1732=EDGE_LOOP('',(#56,#57,#58,#59));
#1733=EDGE_LOOP('',(#60,#61,#62,#63));
#1734=EDGE_LOOP('',(#64,#65,#66,#67));
#1735=EDGE_LOOP('',(#68,#69,#70,#71));
#1736=EDGE_LOOP('',(#72,#73,#74,#75));
#1737=EDGE_LOOP('',(#76,#77,#78,#79));
#1738=EDGE_LOOP('',(#80,#81,#82,#83));
#1739=EDGE_LOOP('',(#84,#85,#86,#87));
#1740=EDGE_LOOP('',(#88,#89,#90,#91));
#1741=EDGE_LOOP('',(#92,#93,#94,#95));
#1742=EDGE_LOOP('',(#96,#97,#98,#99));
#1743=EDGE_LOOP('',(#100,#101,#102,#103));
#1744=EDGE_LOOP('',(#104,#105,#106,#107));
#1745=EDGE_LOOP('',(#108,#109,#110,#111));
#1746=EDGE_LOOP('',(#112,#113,#114,#115));
#1747=EDGE_LOOP('',(#116,#117,#118,#119));
#1748=EDGE_LOOP('',(#120,#121,#122,#123));
#1749=EDGE_LOOP('',(#124,#125,#126,#127,#128,#129,#130,#131));
#1750=EDGE_LOOP('',(#132,#133,#134,#135));
#1751=EDGE_LOOP('',(#136,#137,#138,#139));
#1752=EDGE_LOOP('',(#140,#141,#142,#143));
#1753=EDGE_LOOP('',(#144,#145,#146,#147));
#1754=EDGE_LOOP('',(#148,#149,#150,#151,#152,#153,#154,#155));
#1755=EDGE_LOOP('',(#156,#157,#158,#159));
#1756=EDGE_LOOP('',(#160,#161,#162,#163));
#1757=EDGE_LOOP('',(#164,#165,#166,#167));
#1758=EDGE_LOOP('',(#168,#169,#170,#171));
#1759=EDGE_LOOP('',(#172,#173,#174,#175));
#1760=EDGE_LOOP('',(#176,#177,#178,#179));
#1761=EDGE_LOOP('',(#180,#181,#182,#183));
#1762=EDGE_LOOP('',(#184,#185,#186,#187));
#1763=EDGE_LOOP('',(#188,#189,#190,#191,#192,#193,#194,#195));
#1764=EDGE_LOOP('',(#196,#197,#198,#199));
#1765=EDGE_LOOP('',(#200,#201,#202,#203));
#1766=EDGE_LOOP('',(#204,#205,#206,#207));
#1767=EDGE_LOOP('',(#208,#209,#210,#211));
#1768=EDGE_LOOP('',(#212,#213,#214,#215,#216,#217,#218,#219));
#1769=EDGE_LOOP('',(#220,#221,#222,#223));
#1770=EDGE_LOOP('',(#224,#225,#226,#227));
#1771=EDGE_LOOP('',(#228,#229,#230,#231));
#1772=EDGE_LOOP('',(#232,#233,#234,#235));
#1773=EDGE_LOOP('',(#236,#237,#238,#239));
#1774=EDGE_LOOP('',(#240,#241,#242,#243));
#1775=EDGE_LOOP('',(#244,#245,#246,#247));
#1776=EDGE_LOOP('',(#248,#249,#250,#251));
#1777=EDGE_LOOP('',(#252,#253,#254,#255));
#1778=EDGE_LOOP('',(#256,#257,#258,#259));
#1779=EDGE_LOOP('',(#260,#261,#262,#263));
#1780=EDGE_LOOP('',(#264,#265,#266,#267,#268,#269,#270,#271,#272,#273,#274,
#275));
#1781=EDGE_LOOP('',(#276,#277,#278,#279));
#1782=EDGE_LOOP('',(#280,#281,#282,#283,#284,#285,#286,#287,#288,#289,#290,
#291));
#1783=EDGE_LOOP('',(#292,#293,#294,#295,#296,#297,#298,#299,#300,#301,#302,
#303));
#1784=EDGE_LOOP('',(#304,#305,#306,#307));
#1785=EDGE_LOOP('',(#308,#309,#310,#311));
#1786=EDGE_LOOP('',(#312,#313,#314,#315));
#1787=EDGE_LOOP('',(#316,#317,#318,#319));
#1788=EDGE_LOOP('',(#320,#321,#322,#323));
#1789=EDGE_LOOP('',(#324,#325,#326,#327));
#1790=EDGE_LOOP('',(#328,#329,#330,#331));
#1791=EDGE_LOOP('',(#332,#333,#334,#335));
#1792=EDGE_LOOP('',(#336,#337,#338,#339));
#1793=EDGE_LOOP('',(#340,#341,#342,#343));
#1794=EDGE_LOOP('',(#344,#345,#346,#347));
#1795=EDGE_LOOP('',(#348,#349,#350,#351,#352,#353,#354,#355,#356,#357,#358,
#359));
#1796=EDGE_LOOP('',(#360,#361,#362,#363));
#1797=EDGE_LOOP('',(#364,#365,#366,#367));
#1798=EDGE_LOOP('',(#368,#369,#370,#371));
#1799=EDGE_LOOP('',(#372,#373,#374,#375));
#1800=EDGE_LOOP('',(#376,#377,#378,#379,#380,#381,#382,#383));
#1801=EDGE_LOOP('',(#384,#385,#386,#387));
#1802=EDGE_LOOP('',(#388,#389,#390,#391));
#1803=EDGE_LOOP('',(#392,#393,#394,#395));
#1804=EDGE_LOOP('',(#396,#397,#398,#399));
#1805=EDGE_LOOP('',(#400,#401,#402,#403));
#1806=EDGE_LOOP('',(#404,#405,#406,#407,#408,#409,#410,#411));
#1807=EDGE_LOOP('',(#412,#413,#414,#415));
#1808=EDGE_LOOP('',(#416,#417,#418,#419,#420,#421,#422,#423));
#1809=EDGE_LOOP('',(#424,#425,#426,#427));
#1810=EDGE_LOOP('',(#428,#429,#430,#431));
#1811=EDGE_LOOP('',(#432,#433,#434,#435,#436,#437,#438,#439));
#1812=EDGE_LOOP('',(#440,#441,#442,#443,#444,#445,#446,#447,#448,#449,#450,
#451,#452,#453));
#1813=EDGE_LOOP('',(#454,#455,#456,#457));
#1814=EDGE_LOOP('',(#458,#459,#460,#461));
#1815=EDGE_LOOP('',(#462,#463,#464,#465,#466));
#1816=EDGE_LOOP('',(#467,#468,#469,#470,#471));
#1817=EDGE_LOOP('',(#472,#473,#474,#475));
#1818=EDGE_LOOP('',(#476,#477,#478,#479));
#1819=EDGE_LOOP('',(#480,#481,#482,#483));
#1820=EDGE_LOOP('',(#484,#485,#486,#487,#488,#489,#490,#491,#492,#493,#494,
#495,#496,#497));
#1821=EDGE_LOOP('',(#498,#499,#500,#501));
#1822=EDGE_LOOP('',(#502,#503,#504,#505));
#1823=EDGE_LOOP('',(#506,#507,#508,#509));
#1824=EDGE_LOOP('',(#510,#511,#512,#513));
#1825=EDGE_LOOP('',(#514,#515,#516,#517));
#1826=EDGE_LOOP('',(#518,#519,#520,#521));
#1827=EDGE_LOOP('',(#522,#523,#524,#525,#526,#527,#528,#529,#530,#531,#532,
#533,#534,#535));
#1828=EDGE_LOOP('',(#536,#537,#538,#539));
#1829=EDGE_LOOP('',(#540,#541,#542,#543));
#1830=EDGE_LOOP('',(#544,#545,#546,#547));
#1831=EDGE_LOOP('',(#548,#549,#550,#551));
#1832=EDGE_LOOP('',(#552,#553,#554,#555,#556,#557,#558,#559));
#1833=EDGE_LOOP('',(#560,#561,#562,#563));
#1834=EDGE_LOOP('',(#564,#565,#566,#567));
#1835=EDGE_LOOP('',(#568,#569,#570,#571));
#1836=EDGE_LOOP('',(#572,#573,#574,#575));
#1837=EDGE_LOOP('',(#576,#577,#578,#579));
#1838=EDGE_LOOP('',(#580,#581,#582,#583,#584,#585,#586,#587,#588,#589,#590,
#591));
#1839=EDGE_LOOP('',(#592,#593,#594,#595));
#1840=EDGE_LOOP('',(#596,#597,#598,#599,#600,#601));
#1841=EDGE_LOOP('',(#602,#603,#604,#605,#606,#607));
#1842=EDGE_LOOP('',(#608,#609,#610,#611,#612,#613,#614,#615,#616,#617,#618,
#619,#620,#621));
#1843=EDGE_LOOP('',(#622,#623,#624,#625));
#1844=EDGE_LOOP('',(#626,#627,#628,#629));
#1845=EDGE_LOOP('',(#630,#631,#632,#633,#634,#635));
#1846=EDGE_LOOP('',(#636,#637,#638,#639,#640,#641));
#1847=EDGE_LOOP('',(#642,#643,#644,#645,#646,#647,#648,#649));
#1848=FACE_BOUND('',#1729,.T.);
#1849=FACE_BOUND('',#1730,.T.);
#1850=FACE_BOUND('',#1731,.T.);
#1851=FACE_BOUND('',#1732,.T.);
#1852=FACE_BOUND('',#1733,.T.);
#1853=FACE_BOUND('',#1734,.T.);
#1854=FACE_BOUND('',#1735,.T.);
#1855=FACE_BOUND('',#1736,.T.);
#1856=FACE_BOUND('',#1737,.T.);
#1857=FACE_BOUND('',#1738,.T.);
#1858=FACE_BOUND('',#1739,.T.);
#1859=FACE_BOUND('',#1740,.T.);
#1860=FACE_BOUND('',#1741,.T.);
#1861=FACE_BOUND('',#1742,.T.);
#1862=FACE_BOUND('',#1743,.T.);
#1863=FACE_BOUND('',#1744,.T.);
#1864=FACE_BOUND('',#1745,.T.);
#1865=FACE_BOUND('',#1746,.T.);
#1866=FACE_BOUND('',#1747,.T.);
#1867=FACE_BOUND('',#1748,.T.);
#1868=FACE_BOUND('',#1749,.T.);
#1869=FACE_BOUND('',#1750,.T.);
#1870=FACE_BOUND('',#1751,.T.);
#1871=FACE_BOUND('',#1752,.T.);
#1872=FACE_BOUND('',#1753,.T.);
#1873=FACE_BOUND('',#1754,.T.);
#1874=FACE_BOUND('',#1755,.T.);
#1875=FACE_BOUND('',#1756,.T.);
#1876=FACE_BOUND('',#1757,.T.);
#1877=FACE_BOUND('',#1758,.T.);
#1878=FACE_BOUND('',#1759,.T.);
#1879=FACE_BOUND('',#1760,.T.);
#1880=FACE_BOUND('',#1761,.T.);
#1881=FACE_BOUND('',#1762,.T.);
#1882=FACE_BOUND('',#1763,.T.);
#1883=FACE_BOUND('',#1764,.T.);
#1884=FACE_BOUND('',#1765,.T.);
#1885=FACE_BOUND('',#1766,.T.);
#1886=FACE_BOUND('',#1767,.T.);
#1887=FACE_BOUND('',#1768,.T.);
#1888=FACE_BOUND('',#1769,.T.);
#1889=FACE_BOUND('',#1770,.T.);
#1890=FACE_BOUND('',#1771,.T.);
#1891=FACE_BOUND('',#1772,.T.);
#1892=FACE_BOUND('',#1773,.T.);
#1893=FACE_BOUND('',#1774,.T.);
#1894=FACE_BOUND('',#1775,.T.);
#1895=FACE_BOUND('',#1776,.T.);
#1896=FACE_BOUND('',#1777,.T.);
#1897=FACE_BOUND('',#1778,.T.);
#1898=FACE_BOUND('',#1779,.T.);
#1899=FACE_BOUND('',#1780,.T.);
#1900=FACE_BOUND('',#1781,.T.);
#1901=FACE_BOUND('',#1782,.T.);
#1902=FACE_BOUND('',#1783,.T.);
#1903=FACE_BOUND('',#1784,.T.);
#1904=FACE_BOUND('',#1785,.T.);
#1905=FACE_BOUND('',#1786,.T.);
#1906=FACE_BOUND('',#1787,.T.);
#1907=FACE_BOUND('',#1788,.T.);
#1908=FACE_BOUND('',#1789,.T.);
#1909=FACE_BOUND('',#1790,.T.);
#1910=FACE_BOUND('',#1791,.T.);
#1911=FACE_BOUND('',#1792,.T.);
#1912=FACE_BOUND('',#1793,.T.);
#1913=FACE_BOUND('',#1794,.T.);
#1914=FACE_BOUND('',#1795,.T.);
#1915=FACE_BOUND('',#1796,.T.);
#1916=FACE_BOUND('',#1797,.T.);
#1917=FACE_BOUND('',#1798,.T.);
#1918=FACE_BOUND('',#1799,.T.);
#1919=FACE_BOUND('',#1800,.T.);
#1920=FACE_BOUND('',#1801,.T.);
#1921=FACE_BOUND('',#1802,.T.);
#1922=FACE_BOUND('',#1803,.T.);
#1923=FACE_BOUND('',#1804,.T.);
#1924=FACE_BOUND('',#1805,.T.);
#1925=FACE_BOUND('',#1806,.T.);
#1926=FACE_BOUND('',#1807,.T.);
#1927=FACE_BOUND('',#1808,.T.);
#1928=FACE_BOUND('',#1809,.T.);
#1929=FACE_BOUND('',#1810,.T.);
#1930=FACE_BOUND('',#1811,.T.);
#1931=FACE_BOUND('',#1812,.T.);
#1932=FACE_BOUND('',#1813,.T.);
#1933=FACE_BOUND('',#1814,.T.);
#1934=FACE_BOUND('',#1815,.T.);
#1935=FACE_BOUND('',#1816,.T.);
#1936=FACE_BOUND('',#1817,.T.);
#1937=FACE_BOUND('',#1818,.T.);
#1938=FACE_BOUND('',#1819,.T.);
#1939=FACE_BOUND('',#1820,.T.);
#1940=FACE_BOUND('',#1821,.T.);
#1941=FACE_BOUND('',#1822,.T.);
#1942=FACE_BOUND('',#1823,.T.);
#1943=FACE_BOUND('',#1824,.T.);
#1944=FACE_BOUND('',#1825,.T.);
#1945=FACE_BOUND('',#1826,.T.);
#1946=FACE_BOUND('',#1827,.T.);
#1947=FACE_BOUND('',#1828,.T.);
#1948=FACE_BOUND('',#1829,.T.);
#1949=FACE_BOUND('',#1830,.T.);
#1950=FACE_BOUND('',#1831,.T.);
#1951=FACE_BOUND('',#1832,.T.);
#1952=FACE_BOUND('',#1833,.T.);
#1953=FACE_BOUND('',#1834,.T.);
#1954=FACE_BOUND('',#1835,.T.);
#1955=FACE_BOUND('',#1836,.T.);
#1956=FACE_BOUND('',#1837,.T.);
#1957=FACE_BOUND('',#1838,.T.);
#1958=FACE_BOUND('',#1839,.T.);
#1959=FACE_BOUND('',#1840,.T.);
#1960=FACE_BOUND('',#1841,.T.);
#1961=FACE_BOUND('',#1842,.T.);
#1962=FACE_BOUND('',#1843,.T.);
#1963=FACE_BOUND('',#1844,.T.);
#1964=FACE_BOUND('',#1845,.T.);
#1965=FACE_BOUND('',#1846,.T.);
#1966=FACE_BOUND('',#1847,.T.);
#1967=PLANE('',#2639);
#1968=PLANE('',#2640);
#1969=PLANE('',#2641);
#1970=PLANE('',#2642);
#1971=PLANE('',#2643);
#1972=PLANE('',#2644);
#1973=PLANE('',#2645);
#1974=PLANE('',#2646);
#1975=PLANE('',#2647);
#1976=PLANE('',#2648);
#1977=PLANE('',#2649);
#1978=PLANE('',#2650);
#1979=PLANE('',#2651);
#1980=PLANE('',#2652);
#1981=PLANE('',#2656);
#1982=PLANE('',#2657);
#1983=PLANE('',#2658);
#1984=PLANE('',#2662);
#1985=PLANE('',#2663);
#1986=PLANE('',#2664);
#1987=PLANE('',#2665);
#1988=PLANE('',#2666);
#1989=PLANE('',#2667);
#1990=PLANE('',#2668);
#1991=PLANE('',#2669);
#1992=PLANE('',#2670);
#1993=PLANE('',#2674);
#1994=PLANE('',#2675);
#1995=PLANE('',#2676);
#1996=PLANE('',#2680);
#1997=PLANE('',#2681);
#1998=PLANE('',#2682);
#1999=PLANE('',#2683);
#2000=PLANE('',#2684);
#2001=PLANE('',#2685);
#2002=PLANE('',#2686);
#2003=PLANE('',#2687);
#2004=PLANE('',#2691);
#2005=PLANE('',#2692);
#2006=PLANE('',#2693);
#2007=PLANE('',#2694);
#2008=PLANE('',#2695);
#2009=PLANE('',#2696);
#2010=PLANE('',#2697);
#2011=PLANE('',#2701);
#2012=PLANE('',#2702);
#2013=PLANE('',#2703);
#2014=PLANE('',#2704);
#2015=PLANE('',#2705);
#2016=PLANE('',#2708);
#2017=PLANE('',#2711);
#2018=PLANE('',#2712);
#2019=PLANE('',#2713);
#2020=PLANE('',#2714);
#2021=PLANE('',#2715);
#2022=PLANE('',#2716);
#2023=PLANE('',#2717);
#2024=PLANE('',#2720);
#2025=PLANE('',#2721);
#2026=PLANE('',#2722);
#2027=PLANE('',#2723);
#2028=PLANE('',#2724);
#2029=PLANE('',#2725);
#2030=PLANE('',#2726);
#2031=PLANE('',#2727);
#2032=PLANE('',#2728);
#2033=PLANE('',#2729);
#2034=PLANE('',#2730);
#2035=PLANE('',#2731);
#2036=PLANE('',#2732);
#2037=PLANE('',#2733);
#2038=PLANE('',#2734);
#2039=PLANE('',#2735);
#2040=PLANE('',#2736);
#2041=PLANE('',#2737);
#2042=PLANE('',#2738);
#2043=PLANE('',#2739);
#2044=PLANE('',#2740);
#2045=PLANE('',#2741);
#2046=PLANE('',#2742);
#2047=PLANE('',#2743);
#2048=PLANE('',#2744);
#2049=PLANE('',#2745);
#2050=PLANE('',#2746);
#2051=PLANE('',#2747);
#2052=PLANE('',#2748);
#2053=PLANE('',#2749);
#2054=PLANE('',#2750);
#2055=PLANE('',#2751);
#2056=PLANE('',#2752);
#2057=PLANE('',#2753);
#2058=PLANE('',#2754);
#2059=PLANE('',#2755);
#2060=PLANE('',#2756);
#2061=PLANE('',#2757);
#2062=PLANE('',#2758);
#2063=PLANE('',#2759);
#2064=PLANE('',#2760);
#2065=PLANE('',#2761);
#2066=PLANE('',#2762);
#2067=PLANE('',#2763);
#2068=OVER_RIDING_STYLED_ITEM('',(#2245),#2133,#2243);
#2069=OVER_RIDING_STYLED_ITEM('',(#2246),#2134,#2243);
#2070=OVER_RIDING_STYLED_ITEM('',(#2247),#2135,#2243);
#2071=OVER_RIDING_STYLED_ITEM('',(#2248),#2136,#2243);
#2072=OVER_RIDING_STYLED_ITEM('',(#2249),#2137,#2243);
#2073=OVER_RIDING_STYLED_ITEM('',(#2250),#2138,#2243);
#2074=OVER_RIDING_STYLED_ITEM('',(#2251),#2139,#2243);
#2075=OVER_RIDING_STYLED_ITEM('',(#2252),#2140,#2243);
#2076=OVER_RIDING_STYLED_ITEM('',(#2253),#2141,#2243);
#2077=OVER_RIDING_STYLED_ITEM('',(#2254),#2142,#2243);
#2078=OVER_RIDING_STYLED_ITEM('',(#2255),#2146,#2243);
#2079=OVER_RIDING_STYLED_ITEM('',(#2256),#2147,#2243);
#2080=OVER_RIDING_STYLED_ITEM('',(#2257),#2148,#2243);
#2081=OVER_RIDING_STYLED_ITEM('',(#2258),#2149,#2243);
#2082=OVER_RIDING_STYLED_ITEM('',(#2259),#2150,#2243);
#2083=OVER_RIDING_STYLED_ITEM('',(#2260),#2151,#2243);
#2084=OVER_RIDING_STYLED_ITEM('',(#2261),#2152,#2243);
#2085=OVER_RIDING_STYLED_ITEM('',(#2262),#2153,#2243);
#2086=OVER_RIDING_STYLED_ITEM('',(#2263),#2154,#2243);
#2087=OVER_RIDING_STYLED_ITEM('',(#2264),#2155,#2243);
#2088=OVER_RIDING_STYLED_ITEM('',(#2265),#2156,#2243);
#2089=OVER_RIDING_STYLED_ITEM('',(#2266),#2157,#2243);
#2090=OVER_RIDING_STYLED_ITEM('',(#2267),#2158,#2243);
#2091=OVER_RIDING_STYLED_ITEM('',(#2268),#2159,#2243);
#2092=OVER_RIDING_STYLED_ITEM('',(#2269),#2160,#2243);
#2093=OVER_RIDING_STYLED_ITEM('',(#2270),#2161,#2243);
#2094=OVER_RIDING_STYLED_ITEM('',(#2271),#2162,#2243);
#2095=OVER_RIDING_STYLED_ITEM('',(#2272),#2163,#2243);
#2096=OVER_RIDING_STYLED_ITEM('',(#2273),#2164,#2243);
#2097=OVER_RIDING_STYLED_ITEM('',(#2274),#2165,#2243);
#2098=OVER_RIDING_STYLED_ITEM('',(#2275),#2166,#2243);
#2099=OVER_RIDING_STYLED_ITEM('',(#2276),#2167,#2243);
#2100=OVER_RIDING_STYLED_ITEM('',(#2277),#2168,#2243);
#2101=OVER_RIDING_STYLED_ITEM('',(#2278),#2169,#2243);
#2102=OVER_RIDING_STYLED_ITEM('',(#2279),#2170,#2243);
#2103=OVER_RIDING_STYLED_ITEM('',(#2280),#2171,#2243);
#2104=OVER_RIDING_STYLED_ITEM('',(#2281),#2172,#2243);
#2105=OVER_RIDING_STYLED_ITEM('',(#2282),#2173,#2243);
#2106=OVER_RIDING_STYLED_ITEM('',(#2283),#2174,#2243);
#2107=OVER_RIDING_STYLED_ITEM('',(#2284),#2175,#2243);
#2108=OVER_RIDING_STYLED_ITEM('',(#2285),#2176,#2243);
#2109=OVER_RIDING_STYLED_ITEM('',(#2286),#2177,#2243);
#2110=OVER_RIDING_STYLED_ITEM('',(#2287),#2178,#2243);
#2111=OVER_RIDING_STYLED_ITEM('',(#2288),#2179,#2243);
#2112=OVER_RIDING_STYLED_ITEM('',(#2289),#2180,#2243);
#2113=OVER_RIDING_STYLED_ITEM('',(#2290),#2181,#2243);
#2114=OVER_RIDING_STYLED_ITEM('',(#2291),#2182,#2243);
#2115=OVER_RIDING_STYLED_ITEM('',(#2292),#2183,#2243);
#2116=OVER_RIDING_STYLED_ITEM('',(#2293),#2184,#2243);
#2117=OVER_RIDING_STYLED_ITEM('',(#2294),#2185,#2243);
#2118=OVER_RIDING_STYLED_ITEM('',(#2295),#2186,#2243);
#2119=OVER_RIDING_STYLED_ITEM('',(#2296),#2187,#2243);
#2120=OVER_RIDING_STYLED_ITEM('',(#2297),#2188,#2243);
#2121=OVER_RIDING_STYLED_ITEM('',(#2298),#2189,#2243);
#2122=OVER_RIDING_STYLED_ITEM('',(#2299),#2190,#2243);
#2123=OVER_RIDING_STYLED_ITEM('',(#2300),#2191,#2243);
#2124=OVER_RIDING_STYLED_ITEM('',(#2301),#2192,#2243);
#2125=OVER_RIDING_STYLED_ITEM('',(#2302),#2193,#2243);
#2126=OVER_RIDING_STYLED_ITEM('',(#2303),#2194,#2243);
#2127=OVER_RIDING_STYLED_ITEM('',(#2304),#2195,#2243);
#2128=OVER_RIDING_STYLED_ITEM('',(#2305),#2196,#2243);
#2129=OVER_RIDING_STYLED_ITEM('',(#2306),#2197,#2243);
#2130=OVER_RIDING_STYLED_ITEM('',(#2307),#2198,#2243);
#2131=OVER_RIDING_STYLED_ITEM('',(#2308),#2199,#2243);
#2132=COLOUR_RGB('',1.,0.843137254901961,0.);
#2133=ADVANCED_FACE('',(#1848),#1967,.F.);
#2134=ADVANCED_FACE('',(#1849),#1968,.F.);
#2135=ADVANCED_FACE('',(#1850),#1969,.F.);
#2136=ADVANCED_FACE('',(#1851),#1970,.F.);
#2137=ADVANCED_FACE('',(#1852),#1971,.F.);
#2138=ADVANCED_FACE('',(#1853),#1972,.F.);
#2139=ADVANCED_FACE('',(#1854),#1973,.F.);
#2140=ADVANCED_FACE('',(#1855),#1974,.T.);
#2141=ADVANCED_FACE('',(#1856),#1975,.F.);
#2142=ADVANCED_FACE('',(#1857),#1976,.T.);
#2143=ADVANCED_FACE('',(#1858),#1977,.F.);
#2144=ADVANCED_FACE('',(#1859),#1978,.F.);
#2145=ADVANCED_FACE('',(#1860),#1979,.F.);
#2146=ADVANCED_FACE('',(#1861),#1980,.F.);
#2147=ADVANCED_FACE('',(#1862),#36,.F.);
#2148=ADVANCED_FACE('',(#1863),#1981,.T.);
#2149=ADVANCED_FACE('',(#1864),#1982,.T.);
#2150=ADVANCED_FACE('',(#1865),#1983,.T.);
#2151=ADVANCED_FACE('',(#1866),#37,.T.);
#2152=ADVANCED_FACE('',(#1867),#1984,.F.);
#2153=ADVANCED_FACE('',(#1868),#1985,.F.);
#2154=ADVANCED_FACE('',(#1869),#1986,.F.);
#2155=ADVANCED_FACE('',(#1870),#1987,.F.);
#2156=ADVANCED_FACE('',(#1871),#1988,.F.);
#2157=ADVANCED_FACE('',(#1872),#1989,.F.);
#2158=ADVANCED_FACE('',(#1873),#1990,.T.);
#2159=ADVANCED_FACE('',(#1874),#1991,.T.);
#2160=ADVANCED_FACE('',(#1875),#1992,.F.);
#2161=ADVANCED_FACE('',(#1876),#38,.F.);
#2162=ADVANCED_FACE('',(#1877),#1993,.T.);
#2163=ADVANCED_FACE('',(#1878),#1994,.T.);
#2164=ADVANCED_FACE('',(#1879),#1995,.T.);
#2165=ADVANCED_FACE('',(#1880),#39,.T.);
#2166=ADVANCED_FACE('',(#1881),#1996,.F.);
#2167=ADVANCED_FACE('',(#1882),#1997,.F.);
#2168=ADVANCED_FACE('',(#1883),#1998,.F.);
#2169=ADVANCED_FACE('',(#1884),#1999,.F.);
#2170=ADVANCED_FACE('',(#1885),#2000,.F.);
#2171=ADVANCED_FACE('',(#1886),#2001,.F.);
#2172=ADVANCED_FACE('',(#1887),#2002,.T.);
#2173=ADVANCED_FACE('',(#1888),#2003,.T.);
#2174=ADVANCED_FACE('',(#1889),#40,.T.);
#2175=ADVANCED_FACE('',(#1890),#2004,.T.);
#2176=ADVANCED_FACE('',(#1891),#2005,.F.);
#2177=ADVANCED_FACE('',(#1892),#2006,.F.);
#2178=ADVANCED_FACE('',(#1893),#2007,.F.);
#2179=ADVANCED_FACE('',(#1894),#2008,.F.);
#2180=ADVANCED_FACE('',(#1895),#2009,.F.);
#2181=ADVANCED_FACE('',(#1896),#2010,.T.);
#2182=ADVANCED_FACE('',(#1897),#41,.F.);
#2183=ADVANCED_FACE('',(#1898),#2011,.F.);
#2184=ADVANCED_FACE('',(#1899),#2012,.F.);
#2185=ADVANCED_FACE('',(#1900),#2013,.F.);
#2186=ADVANCED_FACE('',(#1901),#2014,.F.);
#2187=ADVANCED_FACE('',(#1902),#2015,.T.);
#2188=ADVANCED_FACE('',(#1903),#2016,.F.);
#2189=ADVANCED_FACE('',(#1904),#42,.F.);
#2190=ADVANCED_FACE('',(#1905),#2017,.T.);
#2191=ADVANCED_FACE('',(#1906),#2018,.F.);
#2192=ADVANCED_FACE('',(#1907),#2019,.F.);
#2193=ADVANCED_FACE('',(#1908),#2020,.F.);
#2194=ADVANCED_FACE('',(#1909),#2021,.F.);
#2195=ADVANCED_FACE('',(#1910),#2022,.F.);
#2196=ADVANCED_FACE('',(#1911),#2023,.T.);
#2197=ADVANCED_FACE('',(#1912),#43,.T.);
#2198=ADVANCED_FACE('',(#1913),#2024,.F.);
#2199=ADVANCED_FACE('',(#1914),#2025,.T.);
#2200=ADVANCED_FACE('',(#1915),#2026,.F.);
#2201=ADVANCED_FACE('',(#1916),#2027,.T.);
#2202=ADVANCED_FACE('',(#1917),#2028,.T.);
#2203=ADVANCED_FACE('',(#1918),#2029,.T.);
#2204=ADVANCED_FACE('',(#1919),#2030,.F.);
#2205=ADVANCED_FACE('',(#1920,#1921,#1922,#1923,#1924),#2031,.F.);
#2206=ADVANCED_FACE('',(#1925),#2032,.T.);
#2207=ADVANCED_FACE('',(#1926),#2033,.T.);
#2208=ADVANCED_FACE('',(#1927),#2034,.F.);
#2209=ADVANCED_FACE('',(#1928),#2035,.T.);
#2210=ADVANCED_FACE('',(#1929),#2036,.T.);
#2211=ADVANCED_FACE('',(#1930),#2037,.T.);
#2212=ADVANCED_FACE('',(#1931),#2038,.T.);
#2213=ADVANCED_FACE('',(#1932),#2039,.F.);
#2214=ADVANCED_FACE('',(#1933),#2040,.F.);
#2215=ADVANCED_FACE('',(#1934),#2041,.F.);
#2216=ADVANCED_FACE('',(#1935),#2042,.F.);
#2217=ADVANCED_FACE('',(#1936),#2043,.T.);
#2218=ADVANCED_FACE('',(#1937),#2044,.T.);
#2219=ADVANCED_FACE('',(#1938),#2045,.F.);
#2220=ADVANCED_FACE('',(#1939),#2046,.F.);
#2221=ADVANCED_FACE('',(#1940),#2047,.F.);
#2222=ADVANCED_FACE('',(#1941),#2048,.F.);
#2223=ADVANCED_FACE('',(#1942),#2049,.F.);
#2224=ADVANCED_FACE('',(#1943),#2050,.F.);
#2225=ADVANCED_FACE('',(#1944),#2051,.F.);
#2226=ADVANCED_FACE('',(#1945),#2052,.F.);
#2227=ADVANCED_FACE('',(#1946),#2053,.T.);
#2228=ADVANCED_FACE('',(#1947),#2054,.F.);
#2229=ADVANCED_FACE('',(#1948),#2055,.F.);
#2230=ADVANCED_FACE('',(#1949,#1950,#1951),#2056,.T.);
#2231=ADVANCED_FACE('',(#1952),#2057,.T.);
#2232=ADVANCED_FACE('',(#1953,#1954,#1955,#1956,#1957),#2058,.T.);
#2233=ADVANCED_FACE('',(#1958),#2059,.T.);
#2234=ADVANCED_FACE('',(#1959),#2060,.F.);
#2235=ADVANCED_FACE('',(#1960),#2061,.F.);
#2236=ADVANCED_FACE('',(#1961),#2062,.F.);
#2237=ADVANCED_FACE('',(#1962),#2063,.F.);
#2238=ADVANCED_FACE('',(#1963),#2064,.T.);
#2239=ADVANCED_FACE('',(#1964),#2065,.T.);
#2240=ADVANCED_FACE('',(#1965),#2066,.T.);
#2241=ADVANCED_FACE('',(#1966),#2067,.T.);
#2242=CLOSED_SHELL('',(#2133,#2134,#2135,#2136,#2137,#2138,#2139,#2140,
#2141,#2142,#2143,#2144,#2145,#2146,#2147,#2148,#2149,#2150,#2151,#2152,
#2153,#2154,#2155,#2156,#2157,#2158,#2159,#2160,#2161,#2162,#2163,#2164,
#2165,#2166,#2167,#2168,#2169,#2170,#2171,#2172,#2173,#2174,#2175,#2176,
#2177,#2178,#2179,#2180,#2181,#2182,#2183,#2184,#2185,#2186,#2187,#2188,
#2189,#2190,#2191,#2192,#2193,#2194,#2195,#2196,#2197,#2198,#2199,#2200,
#2201,#2202,#2203,#2204,#2205,#2206,#2207,#2208,#2209,#2210,#2211,#2212,
#2213,#2214,#2215,#2216,#2217,#2218,#2219,#2220,#2221,#2222,#2223,#2224,
#2225,#2226,#2227,#2228,#2229,#2230,#2231,#2232,#2233,#2234,#2235,#2236,
#2237,#2238,#2239,#2240,#2241));
#2243=STYLED_ITEM('',(#2244),#2635);
#2244=PRESENTATION_STYLE_ASSIGNMENT((#2309));
#2245=PRESENTATION_STYLE_ASSIGNMENT((#2310));
#2246=PRESENTATION_STYLE_ASSIGNMENT((#2311));
#2247=PRESENTATION_STYLE_ASSIGNMENT((#2312));
#2248=PRESENTATION_STYLE_ASSIGNMENT((#2313));
#2249=PRESENTATION_STYLE_ASSIGNMENT((#2314));
#2250=PRESENTATION_STYLE_ASSIGNMENT((#2315));
#2251=PRESENTATION_STYLE_ASSIGNMENT((#2316));
#2252=PRESENTATION_STYLE_ASSIGNMENT((#2317));
#2253=PRESENTATION_STYLE_ASSIGNMENT((#2318));
#2254=PRESENTATION_STYLE_ASSIGNMENT((#2319));
#2255=PRESENTATION_STYLE_ASSIGNMENT((#2320));
#2256=PRESENTATION_STYLE_ASSIGNMENT((#2321));
#2257=PRESENTATION_STYLE_ASSIGNMENT((#2322));
#2258=PRESENTATION_STYLE_ASSIGNMENT((#2323));
#2259=PRESENTATION_STYLE_ASSIGNMENT((#2324));
#2260=PRESENTATION_STYLE_ASSIGNMENT((#2325));
#2261=PRESENTATION_STYLE_ASSIGNMENT((#2326));
#2262=PRESENTATION_STYLE_ASSIGNMENT((#2327));
#2263=PRESENTATION_STYLE_ASSIGNMENT((#2328));
#2264=PRESENTATION_STYLE_ASSIGNMENT((#2329));
#2265=PRESENTATION_STYLE_ASSIGNMENT((#2330));
#2266=PRESENTATION_STYLE_ASSIGNMENT((#2331));
#2267=PRESENTATION_STYLE_ASSIGNMENT((#2332));
#2268=PRESENTATION_STYLE_ASSIGNMENT((#2333));
#2269=PRESENTATION_STYLE_ASSIGNMENT((#2334));
#2270=PRESENTATION_STYLE_ASSIGNMENT((#2335));
#2271=PRESENTATION_STYLE_ASSIGNMENT((#2336));
#2272=PRESENTATION_STYLE_ASSIGNMENT((#2337));
#2273=PRESENTATION_STYLE_ASSIGNMENT((#2338));
#2274=PRESENTATION_STYLE_ASSIGNMENT((#2339));
#2275=PRESENTATION_STYLE_ASSIGNMENT((#2340));
#2276=PRESENTATION_STYLE_ASSIGNMENT((#2341));
#2277=PRESENTATION_STYLE_ASSIGNMENT((#2342));
#2278=PRESENTATION_STYLE_ASSIGNMENT((#2343));
#2279=PRESENTATION_STYLE_ASSIGNMENT((#2344));
#2280=PRESENTATION_STYLE_ASSIGNMENT((#2345));
#2281=PRESENTATION_STYLE_ASSIGNMENT((#2346));
#2282=PRESENTATION_STYLE_ASSIGNMENT((#2347));
#2283=PRESENTATION_STYLE_ASSIGNMENT((#2348));
#2284=PRESENTATION_STYLE_ASSIGNMENT((#2349));
#2285=PRESENTATION_STYLE_ASSIGNMENT((#2350));
#2286=PRESENTATION_STYLE_ASSIGNMENT((#2351));
#2287=PRESENTATION_STYLE_ASSIGNMENT((#2352));
#2288=PRESENTATION_STYLE_ASSIGNMENT((#2353));
#2289=PRESENTATION_STYLE_ASSIGNMENT((#2354));
#2290=PRESENTATION_STYLE_ASSIGNMENT((#2355));
#2291=PRESENTATION_STYLE_ASSIGNMENT((#2356));
#2292=PRESENTATION_STYLE_ASSIGNMENT((#2357));
#2293=PRESENTATION_STYLE_ASSIGNMENT((#2358));
#2294=PRESENTATION_STYLE_ASSIGNMENT((#2359));
#2295=PRESENTATION_STYLE_ASSIGNMENT((#2360));
#2296=PRESENTATION_STYLE_ASSIGNMENT((#2361));
#2297=PRESENTATION_STYLE_ASSIGNMENT((#2362));
#2298=PRESENTATION_STYLE_ASSIGNMENT((#2363));
#2299=PRESENTATION_STYLE_ASSIGNMENT((#2364));
#2300=PRESENTATION_STYLE_ASSIGNMENT((#2365));
#2301=PRESENTATION_STYLE_ASSIGNMENT((#2366));
#2302=PRESENTATION_STYLE_ASSIGNMENT((#2367));
#2303=PRESENTATION_STYLE_ASSIGNMENT((#2368));
#2304=PRESENTATION_STYLE_ASSIGNMENT((#2369));
#2305=PRESENTATION_STYLE_ASSIGNMENT((#2370));
#2306=PRESENTATION_STYLE_ASSIGNMENT((#2371));
#2307=PRESENTATION_STYLE_ASSIGNMENT((#2372));
#2308=PRESENTATION_STYLE_ASSIGNMENT((#2373));
#2309=SURFACE_STYLE_USAGE(.BOTH.,#2374);
#2310=SURFACE_STYLE_USAGE(.BOTH.,#2375);
#2311=SURFACE_STYLE_USAGE(.BOTH.,#2376);
#2312=SURFACE_STYLE_USAGE(.BOTH.,#2377);
#2313=SURFACE_STYLE_USAGE(.BOTH.,#2378);
#2314=SURFACE_STYLE_USAGE(.BOTH.,#2379);
#2315=SURFACE_STYLE_USAGE(.BOTH.,#2380);
#2316=SURFACE_STYLE_USAGE(.BOTH.,#2381);
#2317=SURFACE_STYLE_USAGE(.BOTH.,#2382);
#2318=SURFACE_STYLE_USAGE(.BOTH.,#2383);
#2319=SURFACE_STYLE_USAGE(.BOTH.,#2384);
#2320=SURFACE_STYLE_USAGE(.BOTH.,#2385);
#2321=SURFACE_STYLE_USAGE(.BOTH.,#2386);
#2322=SURFACE_STYLE_USAGE(.BOTH.,#2387);
#2323=SURFACE_STYLE_USAGE(.BOTH.,#2388);
#2324=SURFACE_STYLE_USAGE(.BOTH.,#2389);
#2325=SURFACE_STYLE_USAGE(.BOTH.,#2390);
#2326=SURFACE_STYLE_USAGE(.BOTH.,#2391);
#2327=SURFACE_STYLE_USAGE(.BOTH.,#2392);
#2328=SURFACE_STYLE_USAGE(.BOTH.,#2393);
#2329=SURFACE_STYLE_USAGE(.BOTH.,#2394);
#2330=SURFACE_STYLE_USAGE(.BOTH.,#2395);
#2331=SURFACE_STYLE_USAGE(.BOTH.,#2396);
#2332=SURFACE_STYLE_USAGE(.BOTH.,#2397);
#2333=SURFACE_STYLE_USAGE(.BOTH.,#2398);
#2334=SURFACE_STYLE_USAGE(.BOTH.,#2399);
#2335=SURFACE_STYLE_USAGE(.BOTH.,#2400);
#2336=SURFACE_STYLE_USAGE(.BOTH.,#2401);
#2337=SURFACE_STYLE_USAGE(.BOTH.,#2402);
#2338=SURFACE_STYLE_USAGE(.BOTH.,#2403);
#2339=SURFACE_STYLE_USAGE(.BOTH.,#2404);
#2340=SURFACE_STYLE_USAGE(.BOTH.,#2405);
#2341=SURFACE_STYLE_USAGE(.BOTH.,#2406);
#2342=SURFACE_STYLE_USAGE(.BOTH.,#2407);
#2343=SURFACE_STYLE_USAGE(.BOTH.,#2408);
#2344=SURFACE_STYLE_USAGE(.BOTH.,#2409);
#2345=SURFACE_STYLE_USAGE(.BOTH.,#2410);
#2346=SURFACE_STYLE_USAGE(.BOTH.,#2411);
#2347=SURFACE_STYLE_USAGE(.BOTH.,#2412);
#2348=SURFACE_STYLE_USAGE(.BOTH.,#2413);
#2349=SURFACE_STYLE_USAGE(.BOTH.,#2414);
#2350=SURFACE_STYLE_USAGE(.BOTH.,#2415);
#2351=SURFACE_STYLE_USAGE(.BOTH.,#2416);
#2352=SURFACE_STYLE_USAGE(.BOTH.,#2417);
#2353=SURFACE_STYLE_USAGE(.BOTH.,#2418);
#2354=SURFACE_STYLE_USAGE(.BOTH.,#2419);
#2355=SURFACE_STYLE_USAGE(.BOTH.,#2420);
#2356=SURFACE_STYLE_USAGE(.BOTH.,#2421);
#2357=SURFACE_STYLE_USAGE(.BOTH.,#2422);
#2358=SURFACE_STYLE_USAGE(.BOTH.,#2423);
#2359=SURFACE_STYLE_USAGE(.BOTH.,#2424);
#2360=SURFACE_STYLE_USAGE(.BOTH.,#2425);
#2361=SURFACE_STYLE_USAGE(.BOTH.,#2426);
#2362=SURFACE_STYLE_USAGE(.BOTH.,#2427);
#2363=SURFACE_STYLE_USAGE(.BOTH.,#2428);
#2364=SURFACE_STYLE_USAGE(.BOTH.,#2429);
#2365=SURFACE_STYLE_USAGE(.BOTH.,#2430);
#2366=SURFACE_STYLE_USAGE(.BOTH.,#2431);
#2367=SURFACE_STYLE_USAGE(.BOTH.,#2432);
#2368=SURFACE_STYLE_USAGE(.BOTH.,#2433);
#2369=SURFACE_STYLE_USAGE(.BOTH.,#2434);
#2370=SURFACE_STYLE_USAGE(.BOTH.,#2435);
#2371=SURFACE_STYLE_USAGE(.BOTH.,#2436);
#2372=SURFACE_STYLE_USAGE(.BOTH.,#2437);
#2373=SURFACE_STYLE_USAGE(.BOTH.,#2438);
#2374=SURFACE_SIDE_STYLE('',(#2439));
#2375=SURFACE_SIDE_STYLE('',(#2440));
#2376=SURFACE_SIDE_STYLE('',(#2441));
#2377=SURFACE_SIDE_STYLE('',(#2442));
#2378=SURFACE_SIDE_STYLE('',(#2443));
#2379=SURFACE_SIDE_STYLE('',(#2444));
#2380=SURFACE_SIDE_STYLE('',(#2445));
#2381=SURFACE_SIDE_STYLE('',(#2446));
#2382=SURFACE_SIDE_STYLE('',(#2447));
#2383=SURFACE_SIDE_STYLE('',(#2448));
#2384=SURFACE_SIDE_STYLE('',(#2449));
#2385=SURFACE_SIDE_STYLE('',(#2450));
#2386=SURFACE_SIDE_STYLE('',(#2451));
#2387=SURFACE_SIDE_STYLE('',(#2452));
#2388=SURFACE_SIDE_STYLE('',(#2453));
#2389=SURFACE_SIDE_STYLE('',(#2454));
#2390=SURFACE_SIDE_STYLE('',(#2455));
#2391=SURFACE_SIDE_STYLE('',(#2456));
#2392=SURFACE_SIDE_STYLE('',(#2457));
#2393=SURFACE_SIDE_STYLE('',(#2458));
#2394=SURFACE_SIDE_STYLE('',(#2459));
#2395=SURFACE_SIDE_STYLE('',(#2460));
#2396=SURFACE_SIDE_STYLE('',(#2461));
#2397=SURFACE_SIDE_STYLE('',(#2462));
#2398=SURFACE_SIDE_STYLE('',(#2463));
#2399=SURFACE_SIDE_STYLE('',(#2464));
#2400=SURFACE_SIDE_STYLE('',(#2465));
#2401=SURFACE_SIDE_STYLE('',(#2466));
#2402=SURFACE_SIDE_STYLE('',(#2467));
#2403=SURFACE_SIDE_STYLE('',(#2468));
#2404=SURFACE_SIDE_STYLE('',(#2469));
#2405=SURFACE_SIDE_STYLE('',(#2470));
#2406=SURFACE_SIDE_STYLE('',(#2471));
#2407=SURFACE_SIDE_STYLE('',(#2472));
#2408=SURFACE_SIDE_STYLE('',(#2473));
#2409=SURFACE_SIDE_STYLE('',(#2474));
#2410=SURFACE_SIDE_STYLE('',(#2475));
#2411=SURFACE_SIDE_STYLE('',(#2476));
#2412=SURFACE_SIDE_STYLE('',(#2477));
#2413=SURFACE_SIDE_STYLE('',(#2478));
#2414=SURFACE_SIDE_STYLE('',(#2479));
#2415=SURFACE_SIDE_STYLE('',(#2480));
#2416=SURFACE_SIDE_STYLE('',(#2481));
#2417=SURFACE_SIDE_STYLE('',(#2482));
#2418=SURFACE_SIDE_STYLE('',(#2483));
#2419=SURFACE_SIDE_STYLE('',(#2484));
#2420=SURFACE_SIDE_STYLE('',(#2485));
#2421=SURFACE_SIDE_STYLE('',(#2486));
#2422=SURFACE_SIDE_STYLE('',(#2487));
#2423=SURFACE_SIDE_STYLE('',(#2488));
#2424=SURFACE_SIDE_STYLE('',(#2489));
#2425=SURFACE_SIDE_STYLE('',(#2490));
#2426=SURFACE_SIDE_STYLE('',(#2491));
#2427=SURFACE_SIDE_STYLE('',(#2492));
#2428=SURFACE_SIDE_STYLE('',(#2493));
#2429=SURFACE_SIDE_STYLE('',(#2494));
#2430=SURFACE_SIDE_STYLE('',(#2495));
#2431=SURFACE_SIDE_STYLE('',(#2496));
#2432=SURFACE_SIDE_STYLE('',(#2497));
#2433=SURFACE_SIDE_STYLE('',(#2498));
#2434=SURFACE_SIDE_STYLE('',(#2499));
#2435=SURFACE_SIDE_STYLE('',(#2500));
#2436=SURFACE_SIDE_STYLE('',(#2501));
#2437=SURFACE_SIDE_STYLE('',(#2502));
#2438=SURFACE_SIDE_STYLE('',(#2503));
#2439=SURFACE_STYLE_FILL_AREA(#2504);
#2440=SURFACE_STYLE_FILL_AREA(#2505);
#2441=SURFACE_STYLE_FILL_AREA(#2506);
#2442=SURFACE_STYLE_FILL_AREA(#2507);
#2443=SURFACE_STYLE_FILL_AREA(#2508);
#2444=SURFACE_STYLE_FILL_AREA(#2509);
#2445=SURFACE_STYLE_FILL_AREA(#2510);
#2446=SURFACE_STYLE_FILL_AREA(#2511);
#2447=SURFACE_STYLE_FILL_AREA(#2512);
#2448=SURFACE_STYLE_FILL_AREA(#2513);
#2449=SURFACE_STYLE_FILL_AREA(#2514);
#2450=SURFACE_STYLE_FILL_AREA(#2515);
#2451=SURFACE_STYLE_FILL_AREA(#2516);
#2452=SURFACE_STYLE_FILL_AREA(#2517);
#2453=SURFACE_STYLE_FILL_AREA(#2518);
#2454=SURFACE_STYLE_FILL_AREA(#2519);
#2455=SURFACE_STYLE_FILL_AREA(#2520);
#2456=SURFACE_STYLE_FILL_AREA(#2521);
#2457=SURFACE_STYLE_FILL_AREA(#2522);
#2458=SURFACE_STYLE_FILL_AREA(#2523);
#2459=SURFACE_STYLE_FILL_AREA(#2524);
#2460=SURFACE_STYLE_FILL_AREA(#2525);
#2461=SURFACE_STYLE_FILL_AREA(#2526);
#2462=SURFACE_STYLE_FILL_AREA(#2527);
#2463=SURFACE_STYLE_FILL_AREA(#2528);
#2464=SURFACE_STYLE_FILL_AREA(#2529);
#2465=SURFACE_STYLE_FILL_AREA(#2530);
#2466=SURFACE_STYLE_FILL_AREA(#2531);
#2467=SURFACE_STYLE_FILL_AREA(#2532);
#2468=SURFACE_STYLE_FILL_AREA(#2533);
#2469=SURFACE_STYLE_FILL_AREA(#2534);
#2470=SURFACE_STYLE_FILL_AREA(#2535);
#2471=SURFACE_STYLE_FILL_AREA(#2536);
#2472=SURFACE_STYLE_FILL_AREA(#2537);
#2473=SURFACE_STYLE_FILL_AREA(#2538);
#2474=SURFACE_STYLE_FILL_AREA(#2539);
#2475=SURFACE_STYLE_FILL_AREA(#2540);
#2476=SURFACE_STYLE_FILL_AREA(#2541);
#2477=SURFACE_STYLE_FILL_AREA(#2542);
#2478=SURFACE_STYLE_FILL_AREA(#2543);
#2479=SURFACE_STYLE_FILL_AREA(#2544);
#2480=SURFACE_STYLE_FILL_AREA(#2545);
#2481=SURFACE_STYLE_FILL_AREA(#2546);
#2482=SURFACE_STYLE_FILL_AREA(#2547);
#2483=SURFACE_STYLE_FILL_AREA(#2548);
#2484=SURFACE_STYLE_FILL_AREA(#2549);
#2485=SURFACE_STYLE_FILL_AREA(#2550);
#2486=SURFACE_STYLE_FILL_AREA(#2551);
#2487=SURFACE_STYLE_FILL_AREA(#2552);
#2488=SURFACE_STYLE_FILL_AREA(#2553);
#2489=SURFACE_STYLE_FILL_AREA(#2554);
#2490=SURFACE_STYLE_FILL_AREA(#2555);
#2491=SURFACE_STYLE_FILL_AREA(#2556);
#2492=SURFACE_STYLE_FILL_AREA(#2557);
#2493=SURFACE_STYLE_FILL_AREA(#2558);
#2494=SURFACE_STYLE_FILL_AREA(#2559);
#2495=SURFACE_STYLE_FILL_AREA(#2560);
#2496=SURFACE_STYLE_FILL_AREA(#2561);
#2497=SURFACE_STYLE_FILL_AREA(#2562);
#2498=SURFACE_STYLE_FILL_AREA(#2563);
#2499=SURFACE_STYLE_FILL_AREA(#2564);
#2500=SURFACE_STYLE_FILL_AREA(#2565);
#2501=SURFACE_STYLE_FILL_AREA(#2566);
#2502=SURFACE_STYLE_FILL_AREA(#2567);
#2503=SURFACE_STYLE_FILL_AREA(#2568);
#2504=FILL_AREA_STYLE('',(#2569));
#2505=FILL_AREA_STYLE('',(#2570));
#2506=FILL_AREA_STYLE('',(#2571));
#2507=FILL_AREA_STYLE('',(#2572));
#2508=FILL_AREA_STYLE('',(#2573));
#2509=FILL_AREA_STYLE('',(#2574));
#2510=FILL_AREA_STYLE('',(#2575));
#2511=FILL_AREA_STYLE('',(#2576));
#2512=FILL_AREA_STYLE('',(#2577));
#2513=FILL_AREA_STYLE('',(#2578));
#2514=FILL_AREA_STYLE('',(#2579));
#2515=FILL_AREA_STYLE('',(#2580));
#2516=FILL_AREA_STYLE('',(#2581));
#2517=FILL_AREA_STYLE('',(#2582));
#2518=FILL_AREA_STYLE('',(#2583));
#2519=FILL_AREA_STYLE('',(#2584));
#2520=FILL_AREA_STYLE('',(#2585));
#2521=FILL_AREA_STYLE('',(#2586));
#2522=FILL_AREA_STYLE('',(#2587));
#2523=FILL_AREA_STYLE('',(#2588));
#2524=FILL_AREA_STYLE('',(#2589));
#2525=FILL_AREA_STYLE('',(#2590));
#2526=FILL_AREA_STYLE('',(#2591));
#2527=FILL_AREA_STYLE('',(#2592));
#2528=FILL_AREA_STYLE('',(#2593));
#2529=FILL_AREA_STYLE('',(#2594));
#2530=FILL_AREA_STYLE('',(#2595));
#2531=FILL_AREA_STYLE('',(#2596));
#2532=FILL_AREA_STYLE('',(#2597));
#2533=FILL_AREA_STYLE('',(#2598));
#2534=FILL_AREA_STYLE('',(#2599));
#2535=FILL_AREA_STYLE('',(#2600));
#2536=FILL_AREA_STYLE('',(#2601));
#2537=FILL_AREA_STYLE('',(#2602));
#2538=FILL_AREA_STYLE('',(#2603));
#2539=FILL_AREA_STYLE('',(#2604));
#2540=FILL_AREA_STYLE('',(#2605));
#2541=FILL_AREA_STYLE('',(#2606));
#2542=FILL_AREA_STYLE('',(#2607));
#2543=FILL_AREA_STYLE('',(#2608));
#2544=FILL_AREA_STYLE('',(#2609));
#2545=FILL_AREA_STYLE('',(#2610));
#2546=FILL_AREA_STYLE('',(#2611));
#2547=FILL_AREA_STYLE('',(#2612));
#2548=FILL_AREA_STYLE('',(#2613));
#2549=FILL_AREA_STYLE('',(#2614));
#2550=FILL_AREA_STYLE('',(#2615));
#2551=FILL_AREA_STYLE('',(#2616));
#2552=FILL_AREA_STYLE('',(#2617));
#2553=FILL_AREA_STYLE('',(#2618));
#2554=FILL_AREA_STYLE('',(#2619));
#2555=FILL_AREA_STYLE('',(#2620));
#2556=FILL_AREA_STYLE('',(#2621));
#2557=FILL_AREA_STYLE('',(#2622));
#2558=FILL_AREA_STYLE('',(#2623));
#2559=FILL_AREA_STYLE('',(#2624));
#2560=FILL_AREA_STYLE('',(#2625));
#2561=FILL_AREA_STYLE('',(#2626));
#2562=FILL_AREA_STYLE('',(#2627));
#2563=FILL_AREA_STYLE('',(#2628));
#2564=FILL_AREA_STYLE('',(#2629));
#2565=FILL_AREA_STYLE('',(#2630));
#2566=FILL_AREA_STYLE('',(#2631));
#2567=FILL_AREA_STYLE('',(#2632));
#2568=FILL_AREA_STYLE('',(#2633));
#2569=FILL_AREA_STYLE_COLOUR('',#2634);
#2570=FILL_AREA_STYLE_COLOUR('',#2132);
#2571=FILL_AREA_STYLE_COLOUR('',#2132);
#2572=FILL_AREA_STYLE_COLOUR('',#2132);
#2573=FILL_AREA_STYLE_COLOUR('',#2132);
#2574=FILL_AREA_STYLE_COLOUR('',#2132);
#2575=FILL_AREA_STYLE_COLOUR('',#2132);
#2576=FILL_AREA_STYLE_COLOUR('',#2132);
#2577=FILL_AREA_STYLE_COLOUR('',#2132);
#2578=FILL_AREA_STYLE_COLOUR('',#2132);
#2579=FILL_AREA_STYLE_COLOUR('',#2132);
#2580=FILL_AREA_STYLE_COLOUR('',#2132);
#2581=FILL_AREA_STYLE_COLOUR('',#2132);
#2582=FILL_AREA_STYLE_COLOUR('',#2132);
#2583=FILL_AREA_STYLE_COLOUR('',#2132);
#2584=FILL_AREA_STYLE_COLOUR('',#2132);
#2585=FILL_AREA_STYLE_COLOUR('',#2132);
#2586=FILL_AREA_STYLE_COLOUR('',#2132);
#2587=FILL_AREA_STYLE_COLOUR('',#2132);
#2588=FILL_AREA_STYLE_COLOUR('',#2132);
#2589=FILL_AREA_STYLE_COLOUR('',#2132);
#2590=FILL_AREA_STYLE_COLOUR('',#2132);
#2591=FILL_AREA_STYLE_COLOUR('',#2132);
#2592=FILL_AREA_STYLE_COLOUR('',#2132);
#2593=FILL_AREA_STYLE_COLOUR('',#2132);
#2594=FILL_AREA_STYLE_COLOUR('',#2132);
#2595=FILL_AREA_STYLE_COLOUR('',#2132);
#2596=FILL_AREA_STYLE_COLOUR('',#2132);
#2597=FILL_AREA_STYLE_COLOUR('',#2132);
#2598=FILL_AREA_STYLE_COLOUR('',#2132);
#2599=FILL_AREA_STYLE_COLOUR('',#2132);
#2600=FILL_AREA_STYLE_COLOUR('',#2132);
#2601=FILL_AREA_STYLE_COLOUR('',#2132);
#2602=FILL_AREA_STYLE_COLOUR('',#2132);
#2603=FILL_AREA_STYLE_COLOUR('',#2132);
#2604=FILL_AREA_STYLE_COLOUR('',#2132);
#2605=FILL_AREA_STYLE_COLOUR('',#2132);
#2606=FILL_AREA_STYLE_COLOUR('',#2132);
#2607=FILL_AREA_STYLE_COLOUR('',#2132);
#2608=FILL_AREA_STYLE_COLOUR('',#2132);
#2609=FILL_AREA_STYLE_COLOUR('',#2132);
#2610=FILL_AREA_STYLE_COLOUR('',#2132);
#2611=FILL_AREA_STYLE_COLOUR('',#2132);
#2612=FILL_AREA_STYLE_COLOUR('',#2132);
#2613=FILL_AREA_STYLE_COLOUR('',#2132);
#2614=FILL_AREA_STYLE_COLOUR('',#2132);
#2615=FILL_AREA_STYLE_COLOUR('',#2132);
#2616=FILL_AREA_STYLE_COLOUR('',#2132);
#2617=FILL_AREA_STYLE_COLOUR('',#2132);
#2618=FILL_AREA_STYLE_COLOUR('',#2132);
#2619=FILL_AREA_STYLE_COLOUR('',#2132);
#2620=FILL_AREA_STYLE_COLOUR('',#2132);
#2621=FILL_AREA_STYLE_COLOUR('',#2132);
#2622=FILL_AREA_STYLE_COLOUR('',#2132);
#2623=FILL_AREA_STYLE_COLOUR('',#2132);
#2624=FILL_AREA_STYLE_COLOUR('',#2132);
#2625=FILL_AREA_STYLE_COLOUR('',#2132);
#2626=FILL_AREA_STYLE_COLOUR('',#2132);
#2627=FILL_AREA_STYLE_COLOUR('',#2132);
#2628=FILL_AREA_STYLE_COLOUR('',#2132);
#2629=FILL_AREA_STYLE_COLOUR('',#2132);
#2630=FILL_AREA_STYLE_COLOUR('',#2132);
#2631=FILL_AREA_STYLE_COLOUR('',#2132);
#2632=FILL_AREA_STYLE_COLOUR('',#2132);
#2633=FILL_AREA_STYLE_COLOUR('',#2132);
#2634=DRAUGHTING_PRE_DEFINED_COLOUR('white');
#2635=MANIFOLD_SOLID_BREP('C-440055-4',#2242);
#2636=SHAPE_DEFINITION_REPRESENTATION(#3924,#2637);
#2637=SHAPE_REPRESENTATION('C-440055-4',(#2638),#3919);
#2638=AXIS2_PLACEMENT_3D('',#3303,#2764,#2765);
#2639=AXIS2_PLACEMENT_3D('',#3304,#2766,#2767);
#2640=AXIS2_PLACEMENT_3D('',#3313,#2772,#2773);
#2641=AXIS2_PLACEMENT_3D('',#3319,#2777,#2778);
#2642=AXIS2_PLACEMENT_3D('',#3323,#2781,#2782);
#2643=AXIS2_PLACEMENT_3D('',#3327,#2785,#2786);
#2644=AXIS2_PLACEMENT_3D('',#3329,#2788,#2789);
#2645=AXIS2_PLACEMENT_3D('',#3338,#2794,#2795);
#2646=AXIS2_PLACEMENT_3D('',#3344,#2799,#2800);
#2647=AXIS2_PLACEMENT_3D('',#3348,#2803,#2804);
#2648=AXIS2_PLACEMENT_3D('',#3352,#2807,#2808);
#2649=AXIS2_PLACEMENT_3D('',#3354,#2810,#2811);
#2650=AXIS2_PLACEMENT_3D('',#3363,#2816,#2817);
#2651=AXIS2_PLACEMENT_3D('',#3369,#2821,#2822);
#2652=AXIS2_PLACEMENT_3D('',#3378,#2827,#2828);
#2653=AXIS2_PLACEMENT_3D('',#3387,#2833,#2834);
#2654=AXIS2_PLACEMENT_3D('',#3391,#2836,#2837);
#2655=AXIS2_PLACEMENT_3D('',#3392,#2838,#2839);
#2656=AXIS2_PLACEMENT_3D('',#3393,#2840,#2841);
#2657=AXIS2_PLACEMENT_3D('',#3399,#2845,#2846);
#2658=AXIS2_PLACEMENT_3D('',#3405,#2850,#2851);
#2659=AXIS2_PLACEMENT_3D('',#3411,#2855,#2856);
#2660=AXIS2_PLACEMENT_3D('',#3415,#2858,#2859);
#2661=AXIS2_PLACEMENT_3D('',#3416,#2860,#2861);
#2662=AXIS2_PLACEMENT_3D('',#3417,#2862,#2863);
#2663=AXIS2_PLACEMENT_3D('',#3423,#2867,#2868);
#2664=AXIS2_PLACEMENT_3D('',#3425,#2870,#2871);
#2665=AXIS2_PLACEMENT_3D('',#3434,#2876,#2877);
#2666=AXIS2_PLACEMENT_3D('',#3440,#2881,#2882);
#2667=AXIS2_PLACEMENT_3D('',#3444,#2885,#2886);
#2668=AXIS2_PLACEMENT_3D('',#3448,#2889,#2890);
#2669=AXIS2_PLACEMENT_3D('',#3450,#2892,#2893);
#2670=AXIS2_PLACEMENT_3D('',#3452,#2895,#2896);
#2671=AXIS2_PLACEMENT_3D('',#3461,#2901,#2902);
#2672=AXIS2_PLACEMENT_3D('',#3465,#2904,#2905);
#2673=AXIS2_PLACEMENT_3D('',#3466,#2906,#2907);
#2674=AXIS2_PLACEMENT_3D('',#3467,#2908,#2909);
#2675=AXIS2_PLACEMENT_3D('',#3473,#2913,#2914);
#2676=AXIS2_PLACEMENT_3D('',#3479,#2918,#2919);
#2677=AXIS2_PLACEMENT_3D('',#3485,#2923,#2924);
#2678=AXIS2_PLACEMENT_3D('',#3489,#2926,#2927);
#2679=AXIS2_PLACEMENT_3D('',#3490,#2928,#2929);
#2680=AXIS2_PLACEMENT_3D('',#3491,#2930,#2931);
#2681=AXIS2_PLACEMENT_3D('',#3497,#2935,#2936);
#2682=AXIS2_PLACEMENT_3D('',#3499,#2938,#2939);
#2683=AXIS2_PLACEMENT_3D('',#3508,#2944,#2945);
#2684=AXIS2_PLACEMENT_3D('',#3514,#2949,#2950);
#2685=AXIS2_PLACEMENT_3D('',#3518,#2953,#2954);
#2686=AXIS2_PLACEMENT_3D('',#3522,#2957,#2958);
#2687=AXIS2_PLACEMENT_3D('',#3524,#2960,#2961);
#2688=AXIS2_PLACEMENT_3D('',#3526,#2963,#2964);
#2689=AXIS2_PLACEMENT_3D('',#3530,#2966,#2967);
#2690=AXIS2_PLACEMENT_3D('',#3534,#2969,#2970);
#2691=AXIS2_PLACEMENT_3D('',#3535,#2971,#2972);
#2692=AXIS2_PLACEMENT_3D('',#3541,#2976,#2977);
#2693=AXIS2_PLACEMENT_3D('',#3547,#2981,#2982);
#2694=AXIS2_PLACEMENT_3D('',#3553,#2986,#2987);
#2695=AXIS2_PLACEMENT_3D('',#3559,#2991,#2992);
#2696=AXIS2_PLACEMENT_3D('',#3565,#2996,#2997);
#2697=AXIS2_PLACEMENT_3D('',#3571,#3001,#3002);
#2698=AXIS2_PLACEMENT_3D('',#3577,#3006,#3007);
#2699=AXIS2_PLACEMENT_3D('',#3581,#3009,#3010);
#2700=AXIS2_PLACEMENT_3D('',#3582,#3011,#3012);
#2701=AXIS2_PLACEMENT_3D('',#3583,#3013,#3014);
#2702=AXIS2_PLACEMENT_3D('',#3589,#3018,#3019);
#2703=AXIS2_PLACEMENT_3D('',#3593,#3022,#3023);
#2704=AXIS2_PLACEMENT_3D('',#3597,#3026,#3027);
#2705=AXIS2_PLACEMENT_3D('',#3599,#3029,#3030);
#2706=AXIS2_PLACEMENT_3D('',#3605,#3033,#3034);
#2707=AXIS2_PLACEMENT_3D('',#3621,#3042,#3043);
#2708=AXIS2_PLACEMENT_3D('',#3624,#3045,#3046);
#2709=AXIS2_PLACEMENT_3D('',#3630,#3050,#3051);
#2710=AXIS2_PLACEMENT_3D('',#3633,#3053,#3054);
#2711=AXIS2_PLACEMENT_3D('',#3634,#3055,#3056);
#2712=AXIS2_PLACEMENT_3D('',#3638,#3059,#3060);
#2713=AXIS2_PLACEMENT_3D('',#3642,#3063,#3064);
#2714=AXIS2_PLACEMENT_3D('',#3646,#3067,#3068);
#2715=AXIS2_PLACEMENT_3D('',#3650,#3071,#3072);
#2716=AXIS2_PLACEMENT_3D('',#3654,#3075,#3076);
#2717=AXIS2_PLACEMENT_3D('',#3658,#3079,#3080);
#2718=AXIS2_PLACEMENT_3D('',#3662,#3083,#3084);
#2719=AXIS2_PLACEMENT_3D('',#3665,#3086,#3087);
#2720=AXIS2_PLACEMENT_3D('',#3666,#3088,#3089);
#2721=AXIS2_PLACEMENT_3D('',#3670,#3092,#3093);
#2722=AXIS2_PLACEMENT_3D('',#3672,#3095,#3096);
#2723=AXIS2_PLACEMENT_3D('',#3681,#3101,#3102);
#2724=AXIS2_PLACEMENT_3D('',#3687,#3106,#3107);
#2725=AXIS2_PLACEMENT_3D('',#3696,#3112,#3113);
#2726=AXIS2_PLACEMENT_3D('',#3702,#3117,#3118);
#2727=AXIS2_PLACEMENT_3D('',#3709,#3123,#3124);
#2728=AXIS2_PLACEMENT_3D('',#3713,#3127,#3128);
#2729=AXIS2_PLACEMENT_3D('',#3723,#3134,#3135);
#2730=AXIS2_PLACEMENT_3D('',#3725,#3137,#3138);
#2731=AXIS2_PLACEMENT_3D('',#3733,#3143,#3144);
#2732=AXIS2_PLACEMENT_3D('',#3737,#3147,#3148);
#2733=AXIS2_PLACEMENT_3D('',#3741,#3151,#3152);
#2734=AXIS2_PLACEMENT_3D('',#3747,#3156,#3157);
#2735=AXIS2_PLACEMENT_3D('',#3764,#3167,#3168);
#2736=AXIS2_PLACEMENT_3D('',#3773,#3173,#3174);
#2737=AXIS2_PLACEMENT_3D('',#3779,#3178,#3179);
#2738=AXIS2_PLACEMENT_3D('',#3790,#3185,#3186);
#2739=AXIS2_PLACEMENT_3D('',#3801,#3192,#3193);
#2740=AXIS2_PLACEMENT_3D('',#3807,#3197,#3198);
#2741=AXIS2_PLACEMENT_3D('',#3813,#3202,#3203);
#2742=AXIS2_PLACEMENT_3D('',#3822,#3208,#3209);
#2743=AXIS2_PLACEMENT_3D('',#3840,#3220,#3221);
#2744=AXIS2_PLACEMENT_3D('',#3846,#3225,#3226);
#2745=AXIS2_PLACEMENT_3D('',#3852,#3230,#3231);
#2746=AXIS2_PLACEMENT_3D('',#3856,#3234,#3235);
#2747=AXIS2_PLACEMENT_3D('',#3860,#3238,#3239);
#2748=AXIS2_PLACEMENT_3D('',#3864,#3242,#3243);
#2749=AXIS2_PLACEMENT_3D('',#3868,#3246,#3247);
#2750=AXIS2_PLACEMENT_3D('',#3878,#3254,#3255);
#2751=AXIS2_PLACEMENT_3D('',#3880,#3257,#3258);
#2752=AXIS2_PLACEMENT_3D('',#3882,#3260,#3261);
#2753=AXIS2_PLACEMENT_3D('',#3892,#3269,#3270);
#2754=AXIS2_PLACEMENT_3D('',#3893,#3271,#3272);
#2755=AXIS2_PLACEMENT_3D('',#3899,#3277,#3278);
#2756=AXIS2_PLACEMENT_3D('',#3901,#3280,#3281);
#2757=AXIS2_PLACEMENT_3D('',#3903,#3283,#3284);
#2758=AXIS2_PLACEMENT_3D('',#3904,#3285,#3286);
#2759=AXIS2_PLACEMENT_3D('',#3911,#3291,#3292);
#2760=AXIS2_PLACEMENT_3D('',#3913,#3294,#3295);
#2761=AXIS2_PLACEMENT_3D('',#3915,#3297,#3298);
#2762=AXIS2_PLACEMENT_3D('',#3916,#3299,#3300);
#2763=AXIS2_PLACEMENT_3D('',#3917,#3301,#3302);
#2764=DIRECTION('',(0.,0.,1.));
#2765=DIRECTION('',(1.,0.,0.));
#2766=DIRECTION('',(-1.,0.,0.));
#2767=DIRECTION('',(0.,1.,0.));
#2768=DIRECTION('',(0.,0.,-1.));
#2769=DIRECTION('',(0.,-1.,0.));
#2770=DIRECTION('',(0.,0.,-1.));
#2771=DIRECTION('',(0.,-1.,0.));
#2772=DIRECTION('',(0.,0.,-1.));
#2773=DIRECTION('',(1.,0.,0.));
#2774=DIRECTION('',(1.,0.,0.));
#2775=DIRECTION('',(1.,0.,0.));
#2776=DIRECTION('',(0.,-1.,0.));
#2777=DIRECTION('',(0.,1.,0.));
#2778=DIRECTION('',(1.,0.,0.));
#2779=DIRECTION('',(-1.,0.,0.));
#2780=DIRECTION('',(0.,0.,1.));
#2781=DIRECTION('',(0.,0.,1.));
#2782=DIRECTION('',(-1.,0.,0.));
#2783=DIRECTION('',(-1.,0.,0.));
#2784=DIRECTION('',(0.,-1.,0.));
#2785=DIRECTION('',(1.,0.,0.));
#2786=DIRECTION('',(0.,0.,1.));
#2787=DIRECTION('',(0.,0.,1.));
#2788=DIRECTION('',(0.,1.,0.));
#2789=DIRECTION('',(1.,0.,0.));
#2790=DIRECTION('',(-1.,0.,0.));
#2791=DIRECTION('',(0.,0.,-1.));
#2792=DIRECTION('',(1.,0.,0.));
#2793=DIRECTION('',(0.,0.,1.));
#2794=DIRECTION('',(0.,0.,-1.));
#2795=DIRECTION('',(1.,0.,0.));
#2796=DIRECTION('',(-1.,0.,0.));
#2797=DIRECTION('',(0.,-1.,0.));
#2798=DIRECTION('',(0.,-1.,0.));
#2799=DIRECTION('',(-1.,0.,0.));
#2800=DIRECTION('',(0.,1.,0.));
#2801=DIRECTION('',(0.,0.,-1.));
#2802=DIRECTION('',(0.,-1.,0.));
#2803=DIRECTION('',(0.,0.,1.));
#2804=DIRECTION('',(-1.,0.,0.));
#2805=DIRECTION('',(1.,0.,0.));
#2806=DIRECTION('',(0.,-1.,0.));
#2807=DIRECTION('',(1.,0.,0.));
#2808=DIRECTION('',(0.,0.,1.));
#2809=DIRECTION('',(0.,0.,1.));
#2810=DIRECTION('',(1.,0.,0.));
#2811=DIRECTION('',(0.,0.,1.));
#2812=DIRECTION('',(0.,1.,0.));
#2813=DIRECTION('',(0.,0.,-1.));
#2814=DIRECTION('',(0.,-1.,0.));
#2815=DIRECTION('',(0.,0.,-1.));
#2816=DIRECTION('',(0.,-1.,0.));
#2817=DIRECTION('',(1.,0.,0.));
#2818=DIRECTION('',(1.,0.,0.));
#2819=DIRECTION('',(1.,0.,0.));
#2820=DIRECTION('',(0.,0.,-1.));
#2821=DIRECTION('',(0.,-1.,0.));
#2822=DIRECTION('',(0.,0.,1.));
#2823=DIRECTION('',(0.,0.,-1.));
#2824=DIRECTION('',(-1.,0.,0.));
#2825=DIRECTION('',(0.,0.,-1.));
#2826=DIRECTION('',(-1.,0.,0.));
#2827=DIRECTION('',(0.,0.,1.));
#2828=DIRECTION('',(-1.,0.,0.));
#2829=DIRECTION('',(1.,0.,0.));
#2830=DIRECTION('',(0.,-1.,0.));
#2831=DIRECTION('',(-1.,0.,0.));
#2832=DIRECTION('',(0.,-1.,0.));
#2833=DIRECTION('',(-1.,0.,0.));
#2834=DIRECTION('',(0.,1.,0.));
#2835=DIRECTION('',(1.,0.,0.));
#2836=DIRECTION('',(1.,0.,0.));
#2837=DIRECTION('',(0.,-1.,0.));
#2838=DIRECTION('',(1.,0.,0.));
#2839=DIRECTION('',(0.,-1.,0.));
#2840=DIRECTION('',(0.,-1.,0.));
#2841=DIRECTION('',(0.,0.,1.));
#2842=DIRECTION('',(1.,0.,0.));
#2843=DIRECTION('',(0.,0.,1.));
#2844=DIRECTION('',(0.,0.,1.));
#2845=DIRECTION('',(0.,0.,-1.));
#2846=DIRECTION('',(0.,-1.,0.));
#2847=DIRECTION('',(1.,0.,0.));
#2848=DIRECTION('',(0.,-1.,0.));
#2849=DIRECTION('',(0.,-1.,0.));
#2850=DIRECTION('',(0.,1.,0.));
#2851=DIRECTION('',(0.,0.,-1.));
#2852=DIRECTION('',(1.,0.,0.));
#2853=DIRECTION('',(0.,0.,-1.));
#2854=DIRECTION('',(0.,0.,-1.));
#2855=DIRECTION('',(-1.,0.,0.));
#2856=DIRECTION('',(0.,1.,0.));
#2857=DIRECTION('',(1.,0.,0.));
#2858=DIRECTION('',(-1.,0.,0.));
#2859=DIRECTION('',(0.,-1.,0.));
#2860=DIRECTION('',(-1.,0.,0.));
#2861=DIRECTION('',(0.,-1.,0.));
#2862=DIRECTION('',(0.,0.,-1.));
#2863=DIRECTION('',(1.,0.,0.));
#2864=DIRECTION('',(-1.,0.,0.));
#2865=DIRECTION('',(0.,1.,0.));
#2866=DIRECTION('',(0.,1.,0.));
#2867=DIRECTION('',(-1.,0.,0.));
#2868=DIRECTION('',(0.,1.,0.));
#2869=DIRECTION('',(0.,0.,1.));
#2870=DIRECTION('',(-1.,0.,0.));
#2871=DIRECTION('',(0.,1.,0.));
#2872=DIRECTION('',(0.,0.,1.));
#2873=DIRECTION('',(0.,1.,0.));
#2874=DIRECTION('',(0.,0.,1.));
#2875=DIRECTION('',(0.,-1.,0.));
#2876=DIRECTION('',(0.,0.,-1.));
#2877=DIRECTION('',(1.,0.,0.));
#2878=DIRECTION('',(1.,0.,0.));
#2879=DIRECTION('',(-1.,0.,0.));
#2880=DIRECTION('',(0.,1.,0.));
#2881=DIRECTION('',(0.,1.,0.));
#2882=DIRECTION('',(1.,0.,0.));
#2883=DIRECTION('',(1.,0.,0.));
#2884=DIRECTION('',(0.,0.,1.));
#2885=DIRECTION('',(0.,0.,1.));
#2886=DIRECTION('',(-1.,0.,0.));
#2887=DIRECTION('',(-1.,0.,0.));
#2888=DIRECTION('',(0.,-1.,0.));
#2889=DIRECTION('',(-1.,0.,0.));
#2890=DIRECTION('',(0.,1.,0.));
#2891=DIRECTION('',(0.,0.,1.));
#2892=DIRECTION('',(-1.,0.,0.));
#2893=DIRECTION('',(0.,1.,0.));
#2894=DIRECTION('',(0.,0.,1.));
#2895=DIRECTION('',(0.,0.,1.));
#2896=DIRECTION('',(-1.,0.,0.));
#2897=DIRECTION('',(1.,0.,0.));
#2898=DIRECTION('',(0.,-1.,0.));
#2899=DIRECTION('',(-1.,0.,0.));
#2900=DIRECTION('',(0.,-1.,0.));
#2901=DIRECTION('',(-1.,0.,0.));
#2902=DIRECTION('',(0.,1.,0.));
#2903=DIRECTION('',(1.,0.,0.));
#2904=DIRECTION('',(1.,0.,0.));
#2905=DIRECTION('',(0.,-1.,0.));
#2906=DIRECTION('',(1.,0.,0.));
#2907=DIRECTION('',(0.,-1.,0.));
#2908=DIRECTION('',(0.,-1.,0.));
#2909=DIRECTION('',(0.,0.,1.));
#2910=DIRECTION('',(1.,0.,0.));
#2911=DIRECTION('',(0.,0.,1.));
#2912=DIRECTION('',(0.,0.,1.));
#2913=DIRECTION('',(0.,0.,-1.));
#2914=DIRECTION('',(0.,-1.,0.));
#2915=DIRECTION('',(1.,0.,0.));
#2916=DIRECTION('',(0.,-1.,0.));
#2917=DIRECTION('',(0.,-1.,0.));
#2918=DIRECTION('',(0.,1.,0.));
#2919=DIRECTION('',(0.,0.,-1.));
#2920=DIRECTION('',(1.,0.,0.));
#2921=DIRECTION('',(0.,0.,-1.));
#2922=DIRECTION('',(0.,0.,-1.));
#2923=DIRECTION('',(-1.,0.,0.));
#2924=DIRECTION('',(0.,1.,0.));
#2925=DIRECTION('',(1.,0.,0.));
#2926=DIRECTION('',(-1.,0.,0.));
#2927=DIRECTION('',(0.,-1.,0.));
#2928=DIRECTION('',(-1.,0.,0.));
#2929=DIRECTION('',(0.,-1.,0.));
#2930=DIRECTION('',(0.,0.,-1.));
#2931=DIRECTION('',(1.,0.,0.));
#2932=DIRECTION('',(-1.,0.,0.));
#2933=DIRECTION('',(0.,1.,0.));
#2934=DIRECTION('',(0.,1.,0.));
#2935=DIRECTION('',(-1.,0.,0.));
#2936=DIRECTION('',(0.,1.,0.));
#2937=DIRECTION('',(0.,0.,1.));
#2938=DIRECTION('',(-1.,0.,0.));
#2939=DIRECTION('',(0.,1.,0.));
#2940=DIRECTION('',(0.,0.,1.));
#2941=DIRECTION('',(0.,1.,0.));
#2942=DIRECTION('',(0.,0.,1.));
#2943=DIRECTION('',(0.,-1.,0.));
#2944=DIRECTION('',(0.,0.,-1.));
#2945=DIRECTION('',(1.,0.,0.));
#2946=DIRECTION('',(1.,0.,0.));
#2947=DIRECTION('',(-1.,0.,0.));
#2948=DIRECTION('',(0.,1.,0.));
#2949=DIRECTION('',(0.,1.,0.));
#2950=DIRECTION('',(1.,0.,0.));
#2951=DIRECTION('',(1.,0.,0.));
#2952=DIRECTION('',(0.,0.,1.));
#2953=DIRECTION('',(0.,0.,1.));
#2954=DIRECTION('',(-1.,0.,0.));
#2955=DIRECTION('',(-1.,0.,0.));
#2956=DIRECTION('',(0.,-1.,0.));
#2957=DIRECTION('',(-1.,0.,0.));
#2958=DIRECTION('',(0.,1.,0.));
#2959=DIRECTION('',(0.,0.,1.));
#2960=DIRECTION('',(-1.,0.,0.));
#2961=DIRECTION('',(0.,1.,0.));
#2962=DIRECTION('',(0.,0.,1.));
#2963=DIRECTION('',(-1.,0.,0.));
#2964=DIRECTION('',(0.,1.,0.));
#2965=DIRECTION('',(-1.,0.,0.));
#2966=DIRECTION('',(-1.,0.,0.));
#2967=DIRECTION('',(0.,0.,1.));
#2968=DIRECTION('',(-1.,0.,0.));
#2969=DIRECTION('',(-1.,0.,0.));
#2970=DIRECTION('',(0.,0.,1.));
#2971=DIRECTION('',(0.,1.,0.));
#2972=DIRECTION('',(0.,0.,-1.));
#2973=DIRECTION('',(-1.,0.,0.));
#2974=DIRECTION('',(0.,0.,-1.));
#2975=DIRECTION('',(0.,0.,-1.));
#2976=DIRECTION('',(0.,-0.983778201865891,0.179389100932898));
#2977=DIRECTION('',(0.,-0.179389100932898,-0.983778201865891));
#2978=DIRECTION('',(-1.,0.,1.06581410364E-14));
#2979=DIRECTION('',(0.,-0.179389100932898,-0.983778201865891));
#2980=DIRECTION('',(0.,-0.179389100932898,-0.983778201865891));
#2981=DIRECTION('',(0.,-0.985754054399137,-0.168193175354006));
#2982=DIRECTION('',(0.,0.168193175354006,-0.985754054399137));
#2983=DIRECTION('',(-1.,0.,0.));
#2984=DIRECTION('',(0.,0.168193175354006,-0.985754054399137));
#2985=DIRECTION('',(0.,0.168193175354006,-0.985754054399137));
#2986=DIRECTION('',(0.,-0.168193175354006,0.985754054399137));
#2987=DIRECTION('',(0.,-0.985754054399137,-0.168193175354006));
#2988=DIRECTION('',(-1.,0.,0.));
#2989=DIRECTION('',(0.,-0.985754054399137,-0.168193175354006));
#2990=DIRECTION('',(0.,-0.985754054399137,-0.168193175354006));
#2991=DIRECTION('',(0.,0.985754054399137,0.168193175354006));
#2992=DIRECTION('',(0.,-0.168193175354006,0.985754054399137));
#2993=DIRECTION('',(-1.,0.,0.));
#2994=DIRECTION('',(0.,-0.168193175354006,0.985754054399137));
#2995=DIRECTION('',(0.,-0.168193175354006,0.985754054399137));
#2996=DIRECTION('',(0.,0.983778201865891,-0.179389100932898));
#2997=DIRECTION('',(0.,0.179389100932898,0.983778201865891));
#2998=DIRECTION('',(-1.,0.,0.));
#2999=DIRECTION('',(0.,0.179389100932898,0.983778201865891));
#3000=DIRECTION('',(0.,0.179389100932898,0.983778201865891));
#3001=DIRECTION('',(0.,-1.,0.));
#3002=DIRECTION('',(0.,0.,1.));
#3003=DIRECTION('',(-1.,0.,0.));
#3004=DIRECTION('',(0.,0.,1.));
#3005=DIRECTION('',(0.,0.,1.));
#3006=DIRECTION('',(-1.,0.,0.));
#3007=DIRECTION('',(0.,1.,0.));
#3008=DIRECTION('',(-1.,0.,0.));
#3009=DIRECTION('',(1.,0.,0.));
#3010=DIRECTION('',(0.,1.,0.));
#3011=DIRECTION('',(1.,0.,0.));
#3012=DIRECTION('',(0.,1.,0.));
#3013=DIRECTION('',(0.,0.,1.));
#3014=DIRECTION('',(-1.,0.,0.));
#3015=DIRECTION('',(1.,0.,0.));
#3016=DIRECTION('',(0.,-1.,0.));
#3017=DIRECTION('',(0.,-1.,0.));
#3018=DIRECTION('',(1.,0.,0.));
#3019=DIRECTION('',(0.,0.,1.));
#3020=DIRECTION('',(0.,0.,1.));
#3021=DIRECTION('',(0.,1.,0.));
#3022=DIRECTION('',(0.,0.,-1.));
#3023=DIRECTION('',(1.,0.,0.));
#3024=DIRECTION('',(1.,0.,0.));
#3025=DIRECTION('',(0.,1.,0.));
#3026=DIRECTION('',(-1.,0.,0.));
#3027=DIRECTION('',(0.,1.,0.));
#3028=DIRECTION('',(0.,0.,1.));
#3029=DIRECTION('',(1.,0.,0.));
#3030=DIRECTION('',(0.,0.,1.));
#3031=DIRECTION('',(0.,0.,1.));
#3032=DIRECTION('',(0.,-1.,0.));
#3033=DIRECTION('',(1.,0.,0.));
#3034=DIRECTION('',(0.,1.,0.));
#3035=DIRECTION('',(0.,0.,1.));
#3036=DIRECTION('',(0.,-0.179389100932898,-0.983778201865891));
#3037=DIRECTION('',(0.,0.168193175354006,-0.985754054399137));
#3038=DIRECTION('',(0.,0.985754054399137,0.168193175354006));
#3039=DIRECTION('',(0.,-0.168193175354006,0.985754054399137));
#3040=DIRECTION('',(0.,0.179389100932898,0.983778201865891));
#3041=DIRECTION('',(0.,0.,1.));
#3042=DIRECTION('',(-1.,0.,0.));
#3043=DIRECTION('',(0.,1.,0.));
#3044=DIRECTION('',(0.,-1.,0.));
#3045=DIRECTION('',(0.,0.,1.));
#3046=DIRECTION('',(-1.,0.,0.));
#3047=DIRECTION('',(1.,0.,0.));
#3048=DIRECTION('',(-1.,0.,0.));
#3049=DIRECTION('',(0.,-1.,0.));
#3050=DIRECTION('',(-1.,0.,0.));
#3051=DIRECTION('',(0.,1.,0.));
#3052=DIRECTION('',(1.,0.,0.));
#3053=DIRECTION('',(1.,0.,0.));
#3054=DIRECTION('',(0.,-1.,0.));
#3055=DIRECTION('',(0.,-1.,0.));
#3056=DIRECTION('',(0.,0.,1.));
#3057=DIRECTION('',(1.,0.,0.));
#3058=DIRECTION('',(0.,0.,1.));
#3059=DIRECTION('',(0.,0.983778201865891,-0.179389100932898));
#3060=DIRECTION('',(0.,0.179389100932898,0.983778201865891));
#3061=DIRECTION('',(-1.,0.,0.));
#3062=DIRECTION('',(0.,-0.179389100932898,-0.983778201865891));
#3063=DIRECTION('',(0.,0.985754054399137,0.168193175354006));
#3064=DIRECTION('',(0.,-0.168193175354006,0.985754054399137));
#3065=DIRECTION('',(-1.,0.,0.));
#3066=DIRECTION('',(0.,0.168193175354006,-0.985754054399137));
#3067=DIRECTION('',(0.,-0.168193175354006,0.985754054399137));
#3068=DIRECTION('',(0.,-0.985754054399137,-0.168193175354006));
#3069=DIRECTION('',(-1.,0.,0.));
#3070=DIRECTION('',(0.,0.985754054399137,0.168193175354006));
#3071=DIRECTION('',(0.,-0.985754054399137,-0.168193175354006));
#3072=DIRECTION('',(0.,0.168193175354006,-0.985754054399137));
#3073=DIRECTION('',(-1.,0.,0.));
#3074=DIRECTION('',(0.,-0.168193175354006,0.985754054399137));
#3075=DIRECTION('',(0.,-0.983778201865891,0.179389100932898));
#3076=DIRECTION('',(0.,-0.179389100932898,-0.983778201865891));
#3077=DIRECTION('',(-1.,0.,0.));
#3078=DIRECTION('',(0.,0.179389100932898,0.983778201865891));
#3079=DIRECTION('',(0.,1.,0.));
#3080=DIRECTION('',(0.,0.,-1.));
#3081=DIRECTION('',(1.,0.,0.));
#3082=DIRECTION('',(0.,0.,1.));
#3083=DIRECTION('',(-1.,0.,0.));
#3084=DIRECTION('',(0.,1.,0.));
#3085=DIRECTION('',(1.,0.,0.));
#3086=DIRECTION('',(-1.,0.,0.));
#3087=DIRECTION('',(0.,-1.,0.));
#3088=DIRECTION('',(0.,0.,-1.));
#3089=DIRECTION('',(1.,0.,0.));
#3090=DIRECTION('',(-1.,0.,0.));
#3091=DIRECTION('',(0.,-1.,0.));
#3092=DIRECTION('',(-1.,0.,0.));
#3093=DIRECTION('',(0.,1.,0.));
#3094=DIRECTION('',(0.,0.,1.));
#3095=DIRECTION('',(0.,-0.960645574405532,0.277777033563009));
#3096=DIRECTION('',(0.,0.277777033563009,0.960645574405532));
#3097=DIRECTION('',(-1.,0.,0.));
#3098=DIRECTION('',(0.,0.277777033563009,0.960645574405532));
#3099=DIRECTION('',(-1.,0.,0.));
#3100=DIRECTION('',(0.,0.277777033563009,0.960645574405532));
#3101=DIRECTION('',(0.,1.,0.));
#3102=DIRECTION('',(0.,0.,-1.));
#3103=DIRECTION('',(1.,0.,0.));
#3104=DIRECTION('',(0.,0.,1.));
#3105=DIRECTION('',(0.,0.,1.));
#3106=DIRECTION('',(0.,1.,0.));
#3107=DIRECTION('',(0.,0.,-1.));
#3108=DIRECTION('',(1.,0.,0.));
#3109=DIRECTION('',(0.,0.,-1.));
#3110=DIRECTION('',(1.,0.,0.));
#3111=DIRECTION('',(0.,0.,-1.));
#3112=DIRECTION('',(0.,0.277777033563009,0.960645574405532));
#3113=DIRECTION('',(0.,0.960645574405532,-0.277777033563009));
#3114=DIRECTION('',(1.,0.,0.));
#3115=DIRECTION('',(0.,0.960645574405532,-0.277777033563009));
#3116=DIRECTION('',(0.,0.960645574405532,-0.277777033563009));
#3117=DIRECTION('',(-1.,0.,0.));
#3118=DIRECTION('',(0.,1.,0.));
#3119=DIRECTION('',(0.,1.,0.));
#3120=DIRECTION('',(0.,0.,1.));
#3121=DIRECTION('',(0.,-1.,0.));
#3122=DIRECTION('',(0.,0.,-1.));
#3123=DIRECTION('',(0.,-1.,0.));
#3124=DIRECTION('',(0.,0.,1.));
#3125=DIRECTION('',(-1.,0.,0.));
#3126=DIRECTION('',(0.,0.,1.));
#3127=DIRECTION('',(-1.,0.,0.));
#3128=DIRECTION('',(0.,1.,0.));
#3129=DIRECTION('',(0.,0.960645574405532,-0.277777033563009));
#3130=DIRECTION('',(0.,0.,-1.));
#3131=DIRECTION('',(0.,-1.,0.));
#3132=DIRECTION('',(0.,1.,0.));
#3133=DIRECTION('',(0.,0.,-1.));
#3134=DIRECTION('',(0.,0.,-1.));
#3135=DIRECTION('',(0.,-1.,0.));
#3136=DIRECTION('',(-1.,0.,0.));
#3137=DIRECTION('',(0.,-1.,0.));
#3138=DIRECTION('',(-1.,0.,0.));
#3139=DIRECTION('',(0.,0.,-1.));
#3140=DIRECTION('',(-1.,0.,0.));
#3141=DIRECTION('',(0.,0.,1.));
#3142=DIRECTION('',(-1.,0.,0.));
#3143=DIRECTION('',(0.,0.277777033563009,0.960645574405532));
#3144=DIRECTION('',(0.,0.960645574405532,-0.277777033563009));
#3145=DIRECTION('',(-1.,0.,0.));
#3146=DIRECTION('',(0.,0.960645574405532,-0.277777033563009));
#3147=DIRECTION('',(0.,1.,0.));
#3148=DIRECTION('',(0.,0.,-1.));
#3149=DIRECTION('',(-1.,0.,0.));
#3150=DIRECTION('',(0.,0.,-1.));
#3151=DIRECTION('',(0.,0.,-1.));
#3152=DIRECTION('',(1.,0.,0.));
#3153=DIRECTION('',(1.,0.,0.));
#3154=DIRECTION('',(0.,-1.,0.));
#3155=DIRECTION('',(0.,1.,0.));
#3156=DIRECTION('',(-1.,0.,0.));
#3157=DIRECTION('',(0.,0.,-1.));
#3158=DIRECTION('',(0.,0.,-1.));
#3159=DIRECTION('',(0.,1.,0.));
#3160=DIRECTION('',(0.,-1.,0.));
#3161=DIRECTION('',(0.,0.,-1.));
#3162=DIRECTION('',(0.,1.,0.));
#3163=DIRECTION('',(0.,0.,-1.));
#3164=DIRECTION('',(0.,1.,0.));
#3165=DIRECTION('',(0.,0.,-1.));
#3166=DIRECTION('',(0.,1.,0.));
#3167=DIRECTION('',(0.,0.707106781186548,0.707106781186548));
#3168=DIRECTION('',(0.,0.707106781186548,-0.707106781186548));
#3169=DIRECTION('',(-1.,0.,0.));
#3170=DIRECTION('',(0.,0.707106781186548,-0.707106781186548));
#3171=DIRECTION('',(-1.,0.,0.));
#3172=DIRECTION('',(0.,0.707106781186548,-0.707106781186548));
#3173=DIRECTION('',(0.,1.,0.));
#3174=DIRECTION('',(0.,0.,-1.));
#3175=DIRECTION('',(0.,0.,-1.));
#3176=DIRECTION('',(-1.,0.,0.));
#3177=DIRECTION('',(0.,0.,-1.));
#3178=DIRECTION('',(-1.,0.,0.));
#3179=DIRECTION('',(0.,-1.,0.));
#3180=DIRECTION('',(0.,1.,0.));
#3181=DIRECTION('',(0.,0.,-1.));
#3182=DIRECTION('',(0.,0.707106781186548,-0.707106781186548));
#3183=DIRECTION('',(0.,-1.,0.));
#3184=DIRECTION('',(0.,0.,-1.));
#3185=DIRECTION('',(1.,0.,0.));
#3186=DIRECTION('',(0.,1.,0.));
#3187=DIRECTION('',(0.,-1.,0.));
#3188=DIRECTION('',(0.,0.707106781186548,-0.707106781186548));
#3189=DIRECTION('',(0.,0.,-1.));
#3190=DIRECTION('',(0.,1.,0.));
#3191=DIRECTION('',(0.,0.,-1.));
#3192=DIRECTION('',(0.,-0.707106781186548,-0.707106781186548));
#3193=DIRECTION('',(0.,0.707106781186548,-0.707106781186548));
#3194=DIRECTION('',(1.,0.,0.));
#3195=DIRECTION('',(0.,-0.707106781186548,0.707106781186548));
#3196=DIRECTION('',(1.,0.,0.));
#3197=DIRECTION('',(0.,-0.707106781186548,-0.707106781186548));
#3198=DIRECTION('',(0.,0.707106781186548,-0.707106781186548));
#3199=DIRECTION('',(1.,0.,0.));
#3200=DIRECTION('',(0.,0.707106781186548,-0.707106781186548));
#3201=DIRECTION('',(1.,0.,0.));
#3202=DIRECTION('',(0.,-1.,0.));
#3203=DIRECTION('',(1.,0.,0.));
#3204=DIRECTION('',(1.,0.,0.));
#3205=DIRECTION('',(0.,0.,-1.));
#3206=DIRECTION('',(-1.,0.,0.));
#3207=DIRECTION('',(0.,0.,-1.));
#3208=DIRECTION('',(1.,0.,0.));
#3209=DIRECTION('',(0.,0.,1.));
#3210=DIRECTION('',(0.,1.,0.));
#3211=DIRECTION('',(0.,-0.707106781186548,-0.707106781186548));
#3212=DIRECTION('',(0.,0.,-1.));
#3213=DIRECTION('',(0.,1.,0.));
#3214=DIRECTION('',(0.,0.,-1.));
#3215=DIRECTION('',(0.,1.,0.));
#3216=DIRECTION('',(0.,0.,-1.));
#3217=DIRECTION('',(0.,1.,0.));
#3218=DIRECTION('',(0.,1.,0.));
#3219=DIRECTION('',(0.,0.,1.));
#3220=DIRECTION('',(0.,0.,-1.));
#3221=DIRECTION('',(0.,-1.,0.));
#3222=DIRECTION('',(-1.,0.,0.));
#3223=DIRECTION('',(0.,1.,0.));
#3224=DIRECTION('',(-1.,0.,0.));
#3225=DIRECTION('',(0.,0.,-1.));
#3226=DIRECTION('',(0.,-1.,0.));
#3227=DIRECTION('',(-1.,0.,0.));
#3228=DIRECTION('',(0.,1.,0.));
#3229=DIRECTION('',(-1.,0.,0.));
#3230=DIRECTION('',(0.,1.,0.));
#3231=DIRECTION('',(0.,0.,-1.));
#3232=DIRECTION('',(0.,0.,-1.));
#3233=DIRECTION('',(-1.,0.,0.));
#3234=DIRECTION('',(0.,1.,0.));
#3235=DIRECTION('',(0.,0.,-1.));
#3236=DIRECTION('',(0.,0.,-1.));
#3237=DIRECTION('',(-1.,0.,0.));
#3238=DIRECTION('',(0.,0.,1.));
#3239=DIRECTION('',(0.,1.,0.));
#3240=DIRECTION('',(0.,1.,0.));
#3241=DIRECTION('',(-1.,0.,0.));
#3242=DIRECTION('',(0.,0.,1.));
#3243=DIRECTION('',(0.,1.,0.));
#3244=DIRECTION('',(0.,1.,0.));
#3245=DIRECTION('',(-1.,0.,0.));
#3246=DIRECTION('',(1.,0.,0.));
#3247=DIRECTION('',(0.,0.,1.));
#3248=DIRECTION('',(0.,0.,1.));
#3249=DIRECTION('',(0.,1.,0.));
#3250=DIRECTION('',(0.,0.,-1.));
#3251=DIRECTION('',(0.,-1.,0.));
#3252=DIRECTION('',(0.,1.,0.));
#3253=DIRECTION('',(0.,0.,1.));
#3254=DIRECTION('',(0.,0.,-1.));
#3255=DIRECTION('',(0.,-1.,0.));
#3256=DIRECTION('',(-1.,0.,0.));
#3257=DIRECTION('',(0.,1.,0.));
#3258=DIRECTION('',(0.,0.,-1.));
#3259=DIRECTION('',(-1.,0.,0.));
#3260=DIRECTION('',(0.,0.,1.));
#3261=DIRECTION('',(-1.,0.,0.));
#3262=DIRECTION('',(-1.,0.,0.));
#3263=DIRECTION('',(0.,-1.,0.));
#3264=DIRECTION('',(0.,-1.,0.));
#3265=DIRECTION('',(-1.,0.,0.));
#3266=DIRECTION('',(-1.,0.,0.));
#3267=DIRECTION('',(-1.,0.,0.));
#3268=DIRECTION('',(-1.,0.,0.));
#3269=DIRECTION('',(0.,0.,1.));
#3270=DIRECTION('',(-1.,0.,0.));
#3271=DIRECTION('',(0.,-1.,0.));
#3272=DIRECTION('',(-1.,0.,0.));
#3273=DIRECTION('',(0.,0.,-1.));
#3274=DIRECTION('',(-1.,0.,0.));
#3275=DIRECTION('',(-1.,0.,0.));
#3276=DIRECTION('',(0.,0.,-1.));
#3277=DIRECTION('',(1.,0.,0.));
#3278=DIRECTION('',(0.,0.,1.));
#3279=DIRECTION('',(0.,-1.,0.));
#3280=DIRECTION('',(0.,0.,1.));
#3281=DIRECTION('',(-1.,0.,0.));
#3282=DIRECTION('',(0.,1.,0.));
#3283=DIRECTION('',(0.,0.,1.));
#3284=DIRECTION('',(-1.,0.,0.));
#3285=DIRECTION('',(-1.,0.,0.));
#3286=DIRECTION('',(0.,0.,-1.));
#3287=DIRECTION('',(0.,0.,1.));
#3288=DIRECTION('',(0.,0.,1.));
#3289=DIRECTION('',(0.,0.707106781186548,0.707106781186548));
#3290=DIRECTION('',(0.,-1.,0.));
#3291=DIRECTION('',(0.,0.,-1.));
#3292=DIRECTION('',(1.,0.,0.));
#3293=DIRECTION('',(-1.,0.,0.));
#3294=DIRECTION('',(0.,-0.707106781186548,0.707106781186548));
#3295=DIRECTION('',(0.,0.707106781186548,0.707106781186548));
#3296=DIRECTION('',(-1.,0.,0.));
#3297=DIRECTION('',(0.,-1.,0.));
#3298=DIRECTION('',(-1.,0.,0.));
#3299=DIRECTION('',(0.,-1.,0.));
#3300=DIRECTION('',(-1.,0.,0.));
#3301=DIRECTION('',(0.,-1.,0.));
#3302=DIRECTION('',(-1.,0.,0.));
#3303=CARTESIAN_POINT('',(0.,0.,0.));
#3304=CARTESIAN_POINT('',(-0.00275,-0.002169723183391,0.002475));
#3305=CARTESIAN_POINT('',(-0.00275,-0.002169723183391,0.002475));
#3306=CARTESIAN_POINT('',(-0.00275,-0.002169723183391,0.003325));
#3307=CARTESIAN_POINT('',(-0.00275,-0.002169723183391,0.002825));
#3308=CARTESIAN_POINT('',(-0.00275,0.001330276816609,0.002825));
#3309=CARTESIAN_POINT('',(-0.00275,0.001330276816609,0.002825));
#3310=CARTESIAN_POINT('',(-0.00275,0.001330276816609,0.002475));
#3311=CARTESIAN_POINT('',(-0.00275,0.001330276816609,0.003325));
#3312=CARTESIAN_POINT('',(-0.00275,-0.002169723183391,0.003325));
#3313=CARTESIAN_POINT('',(-0.00325,0.001330276816609,0.003325));
#3314=CARTESIAN_POINT('',(-0.00325,-0.002169723183391,0.003325));
#3315=CARTESIAN_POINT('',(-0.00325,-0.002169723183391,0.003325));
#3316=CARTESIAN_POINT('',(-0.00325,0.001330276816609,0.003325));
#3317=CARTESIAN_POINT('',(-0.00325,0.001330276816609,0.003325));
#3318=CARTESIAN_POINT('',(-0.00325,0.001330276816609,0.003325));
#3319=CARTESIAN_POINT('',(-7.15554163108156E-19,-0.002169723183391,0.002475));
#3320=CARTESIAN_POINT('',(-0.00275,-0.002169723183391,0.002825));
#3321=CARTESIAN_POINT('',(-0.00325,-0.002169723183391,0.002825));
#3322=CARTESIAN_POINT('',(-0.00325,-0.002169723183391,0.002825));
#3323=CARTESIAN_POINT('',(-0.00275,0.001330276816609,0.002825));
#3324=CARTESIAN_POINT('',(-0.00275,0.001330276816609,0.002825));
#3325=CARTESIAN_POINT('',(-0.00325,0.001330276816609,0.002825));
#3326=CARTESIAN_POINT('',(-0.00325,0.001330276816609,0.002825));
#3327=CARTESIAN_POINT('',(-0.00325,0.001330276816609,0.002825));
#3328=CARTESIAN_POINT('',(-0.00325,0.001330276816609,0.002825));
#3329=CARTESIAN_POINT('',(-7.15554163108156E-19,-0.002169723183391,0.002475));
#3330=CARTESIAN_POINT('',(-7.15554163108156E-19,-0.002169723183391,0.003325));
#3331=CARTESIAN_POINT('',(0.00325,-0.002169723183391,0.003325));
#3332=CARTESIAN_POINT('',(0.00275,-0.002169723183391,0.003325));
#3333=CARTESIAN_POINT('',(0.00275,-0.002169723183391,0.002475));
#3334=CARTESIAN_POINT('',(0.00275,-0.002169723183391,0.002825));
#3335=CARTESIAN_POINT('',(-7.15554163108156E-19,-0.002169723183391,0.002825));
#3336=CARTESIAN_POINT('',(0.00325,-0.002169723183391,0.002825));
#3337=CARTESIAN_POINT('',(0.00325,-0.002169723183391,0.002475));
#3338=CARTESIAN_POINT('',(-0.00325,0.001330276816609,0.003325));
#3339=CARTESIAN_POINT('',(-0.00325,0.001330276816609,0.003325));
#3340=CARTESIAN_POINT('',(0.00325,0.001330276816609,0.003325));
#3341=CARTESIAN_POINT('',(0.00275,0.001330276816609,0.003325));
#3342=CARTESIAN_POINT('',(0.00275,0.001330276816609,0.003325));
#3343=CARTESIAN_POINT('',(0.00325,0.001330276816609,0.003325));
#3344=CARTESIAN_POINT('',(0.00275,-0.002169723183391,0.002475));
#3345=CARTESIAN_POINT('',(0.00275,0.001330276816609,0.002475));
#3346=CARTESIAN_POINT('',(0.00275,0.001330276816609,0.002825));
#3347=CARTESIAN_POINT('',(0.00275,-0.002169723183391,0.002825));
#3348=CARTESIAN_POINT('',(-0.00275,0.001330276816609,0.002825));
#3349=CARTESIAN_POINT('',(-0.00275,0.001330276816609,0.002825));
#3350=CARTESIAN_POINT('',(0.00325,0.001330276816609,0.002825));
#3351=CARTESIAN_POINT('',(0.00325,0.001330276816609,0.002825));
#3352=CARTESIAN_POINT('',(0.00325,0.001330276816609,0.002825));
#3353=CARTESIAN_POINT('',(0.00325,0.001330276816609,0.002825));
#3354=CARTESIAN_POINT('',(-0.00325,0.001330276816609,0.002825));
#3355=CARTESIAN_POINT('',(-0.00325,0.001330276816609,0.00495));
#3356=CARTESIAN_POINT('',(-0.00325,-0.000919723183391003,0.00495));
#3357=CARTESIAN_POINT('',(-0.00325,0.001330276816609,0.00495));
#3358=CARTESIAN_POINT('',(-0.00325,0.001330276816609,0.002825));
#3359=CARTESIAN_POINT('',(-0.00325,0.001330276816609,0.004275));
#3360=CARTESIAN_POINT('',(-0.00325,0.001330276816609,0.004275));
#3361=CARTESIAN_POINT('',(-0.00325,-0.000919723183391003,0.004275));
#3362=CARTESIAN_POINT('',(-0.00325,-0.000919723183391003,0.00495));
#3363=CARTESIAN_POINT('',(-0.00445,-0.000919723183391003,0.00495));
#3364=CARTESIAN_POINT('',(-0.00445,-0.000919723183391003,0.00495));
#3365=CARTESIAN_POINT('',(-0.00445,-0.000919723183391003,0.00495));
#3366=CARTESIAN_POINT('',(-0.00445,-0.000919723183391003,0.004275));
#3367=CARTESIAN_POINT('',(-0.00445,-0.000919723183391003,0.004275));
#3368=CARTESIAN_POINT('',(-0.00445,-0.000919723183391003,0.00495));
#3369=CARTESIAN_POINT('',(0.006,0.001680276816609,0.00475));
#3370=CARTESIAN_POINT('',(-0.005,0.001680276816609,0.00495));
#3371=CARTESIAN_POINT('',(-0.005,0.001680276816609,0.00495));
#3372=CARTESIAN_POINT('',(-0.005,0.001680276816609,0.00475));
#3373=CARTESIAN_POINT('',(0.005,0.001680276816609,0.00495));
#3374=CARTESIAN_POINT('',(0.005,0.001680276816609,0.00495));
#3375=CARTESIAN_POINT('',(0.005,0.001680276816609,0.00495));
#3376=CARTESIAN_POINT('',(0.005,0.001680276816609,0.00475));
#3377=CARTESIAN_POINT('',(0.005,0.001680276816609,0.00475));
#3378=CARTESIAN_POINT('',(-0.00275,0.001330276816609,0.002825));
#3379=CARTESIAN_POINT('',(-0.00275,0.003019585967725,0.002825));
#3380=CARTESIAN_POINT('',(-0.00125,0.003019585967725,0.002825));
#3381=CARTESIAN_POINT('',(-0.00075,0.003019585967725,0.002825));
#3382=CARTESIAN_POINT('',(-0.00075,0.001330276816609,0.002825));
#3383=CARTESIAN_POINT('',(-0.00075,0.002930276816609,0.002825));
#3384=CARTESIAN_POINT('',(-0.00275,0.002930276816609,0.002825));
#3385=CARTESIAN_POINT('',(-0.00125,0.002930276816609,0.002825));
#3386=CARTESIAN_POINT('',(-0.00125,-0.002169723183391,0.002825));
#3387=CARTESIAN_POINT('',(-0.00275,0.003019585967725,0.0028143091511163));
#3388=CARTESIAN_POINT('',(-0.00275,0.00303027681660884,0.0028143091511163));
#3389=CARTESIAN_POINT('',(-0.00125,0.00303027681660889,0.0028143091511163));
#3390=CARTESIAN_POINT('',(-0.00075,0.00303027681660889,0.0028143091511163));
#3391=CARTESIAN_POINT('',(-0.00075,0.003019585967725,0.0028143091511163));
#3392=CARTESIAN_POINT('',(-0.00125,0.003019585967725,0.0028143091511163));
#3393=CARTESIAN_POINT('',(-0.00125,0.003030276816609,-0.0034));
#3394=CARTESIAN_POINT('',(-0.00125,0.003030276816609,-0.0034));
#3395=CARTESIAN_POINT('',(-0.00125,0.003030276816609,-0.0034));
#3396=CARTESIAN_POINT('',(-0.00075,0.003030276816609,-0.0034));
#3397=CARTESIAN_POINT('',(-0.00075,0.003030276816609,-0.0034));
#3398=CARTESIAN_POINT('',(-0.00125,0.003030276816609,-0.0034));
#3399=CARTESIAN_POINT('',(-0.00125,0.00353027681660899,-0.0034));
#3400=CARTESIAN_POINT('',(-0.00125,0.00353027681660899,-0.0034));
#3401=CARTESIAN_POINT('',(-0.00125,0.00353027681660899,-0.0034));
#3402=CARTESIAN_POINT('',(-0.00075,0.00353027681660899,-0.0034));
#3403=CARTESIAN_POINT('',(-0.00075,0.00353027681660899,-0.0034));
#3404=CARTESIAN_POINT('',(-0.00125,0.00353027681660899,-0.0034));
#3405=CARTESIAN_POINT('',(-0.00125,0.00353027681660899,0.0028143091511163));
#3406=CARTESIAN_POINT('',(-0.00275,0.00353027681660884,0.0028143091511163));
#3407=CARTESIAN_POINT('',(-0.00125,0.0035302768166089,0.0028143091511163));
#3408=CARTESIAN_POINT('',(-0.00075,0.0035302768166089,0.0028143091511163));
#3409=CARTESIAN_POINT('',(-0.00075,0.00353027681660899,0.0028143091511163));
#3410=CARTESIAN_POINT('',(-0.00125,0.00353027681660899,0.0028143091511163));
#3411=CARTESIAN_POINT('',(-0.00275,0.003019585967725,0.0028143091511163));
#3412=CARTESIAN_POINT('',(-0.00275,0.003019585967725,0.003325));
#3413=CARTESIAN_POINT('',(-0.00125,0.003019585967725,0.003325));
#3414=CARTESIAN_POINT('',(-0.00075,0.003019585967725,0.003325));
#3415=CARTESIAN_POINT('',(-0.00075,0.003019585967725,0.0028143091511163));
#3416=CARTESIAN_POINT('',(-0.00125,0.003019585967725,0.0028143091511163));
#3417=CARTESIAN_POINT('',(-0.00325,0.001330276816609,0.003325));
#3418=CARTESIAN_POINT('',(0.006,0.002930276816609,0.003325));
#3419=CARTESIAN_POINT('',(-0.00075,0.002930276816609,0.003325));
#3420=CARTESIAN_POINT('',(-0.00125,0.002930276816609,0.003325));
#3421=CARTESIAN_POINT('',(-0.00075,0.001330276816609,0.003325));
#3422=CARTESIAN_POINT('',(-0.00125,-0.002169723183391,0.003325));
#3423=CARTESIAN_POINT('',(-0.00075,-0.002169723183391,0.002475));
#3424=CARTESIAN_POINT('',(-0.00075,0.002930276816609,0.002825));
#3425=CARTESIAN_POINT('',(-0.00075,-0.002169723183391,0.002475));
#3426=CARTESIAN_POINT('',(-0.00075,0.001330276816609,0.002825));
#3427=CARTESIAN_POINT('',(-0.00075,0.001330276816609,0.002825));
#3428=CARTESIAN_POINT('',(-0.00075,0.001330276816609,0.003325));
#3429=CARTESIAN_POINT('',(-0.00075,0.001330276816609,0.003325));
#3430=CARTESIAN_POINT('',(-0.00075,-0.002169723183391,0.003325));
#3431=CARTESIAN_POINT('',(-0.00075,-0.002169723183391,0.002475));
#3432=CARTESIAN_POINT('',(-0.00075,-0.002169723183391,0.002825));
#3433=CARTESIAN_POINT('',(-0.00075,0.001330276816609,0.002825));
#3434=CARTESIAN_POINT('',(-0.00325,0.001330276816609,0.003325));
#3435=CARTESIAN_POINT('',(-0.00325,-0.002169723183391,0.003325));
#3436=CARTESIAN_POINT('',(-0.00125,-0.002169723183391,0.003325));
#3437=CARTESIAN_POINT('',(-0.00325,0.001330276816609,0.003325));
#3438=CARTESIAN_POINT('',(-0.00125,0.001330276816609,0.003325));
#3439=CARTESIAN_POINT('',(-0.00125,-0.002169723183391,0.003325));
#3440=CARTESIAN_POINT('',(-7.15554163108156E-19,-0.002169723183391,0.002475));
#3441=CARTESIAN_POINT('',(-7.15554163108156E-19,-0.002169723183391,0.002825));
#3442=CARTESIAN_POINT('',(-0.00125,-0.002169723183391,0.002825));
#3443=CARTESIAN_POINT('',(-0.00125,-0.002169723183391,0.002475));
#3444=CARTESIAN_POINT('',(-0.00275,0.001330276816609,0.002825));
#3445=CARTESIAN_POINT('',(-7.15554163108156E-19,0.001330276816609,0.002825));
#3446=CARTESIAN_POINT('',(-0.00125,0.001330276816609,0.002825));
#3447=CARTESIAN_POINT('',(-0.00125,-0.002169723183391,0.002825));
#3448=CARTESIAN_POINT('',(-0.00125,-0.002169723183391,0.002475));
#3449=CARTESIAN_POINT('',(-0.00125,0.002930276816609,0.002825));
#3450=CARTESIAN_POINT('',(-0.00125,-0.002169723183391,0.002475));
#3451=CARTESIAN_POINT('',(-0.00125,0.001330276816609,0.002825));
#3452=CARTESIAN_POINT('',(-0.00275,0.001330276816609,0.002825));
#3453=CARTESIAN_POINT('',(-0.00275,0.003019585967725,0.002825));
#3454=CARTESIAN_POINT('',(0.00075,0.003019585967725,0.002825));
#3455=CARTESIAN_POINT('',(0.00125,0.003019585967725,0.002825));
#3456=CARTESIAN_POINT('',(0.00125,0.001330276816609,0.002825));
#3457=CARTESIAN_POINT('',(0.00125,0.002930276816609,0.002825));
#3458=CARTESIAN_POINT('',(-0.00275,0.002930276816609,0.002825));
#3459=CARTESIAN_POINT('',(0.00075,0.002930276816609,0.002825));
#3460=CARTESIAN_POINT('',(0.00075,-0.002169723183391,0.002825));
#3461=CARTESIAN_POINT('',(-0.00275,0.003019585967725,0.0028143091511163));
#3462=CARTESIAN_POINT('',(-0.00275,0.00303027681660884,0.0028143091511163));
#3463=CARTESIAN_POINT('',(0.00075,0.00303027681660889,0.0028143091511163));
#3464=CARTESIAN_POINT('',(0.00125,0.00303027681660889,0.0028143091511163));
#3465=CARTESIAN_POINT('',(0.00125,0.003019585967725,0.0028143091511163));
#3466=CARTESIAN_POINT('',(0.00075,0.003019585967725,0.0028143091511163));
#3467=CARTESIAN_POINT('',(-0.00125,0.003030276816609,-0.0034));
#3468=CARTESIAN_POINT('',(-0.00125,0.003030276816609,-0.0034));
#3469=CARTESIAN_POINT('',(0.00075,0.003030276816609,-0.0034));
#3470=CARTESIAN_POINT('',(0.00125,0.003030276816609,-0.0034));
#3471=CARTESIAN_POINT('',(0.00125,0.003030276816609,-0.0034));
#3472=CARTESIAN_POINT('',(0.00075,0.003030276816609,0.002475));
#3473=CARTESIAN_POINT('',(-0.00125,0.00353027681660899,-0.0034));
#3474=CARTESIAN_POINT('',(-0.00125,0.00353027681660899,-0.0034));
#3475=CARTESIAN_POINT('',(0.00075,0.00353027681660899,-0.0034));
#3476=CARTESIAN_POINT('',(0.00125,0.00353027681660899,-0.0034));
#3477=CARTESIAN_POINT('',(0.00125,0.00353027681660899,-0.0034));
#3478=CARTESIAN_POINT('',(0.00075,-0.002169723183391,-0.0034));
#3479=CARTESIAN_POINT('',(-0.00125,0.00353027681660899,0.0028143091511163));
#3480=CARTESIAN_POINT('',(-0.00275,0.00353027681660884,0.0028143091511163));
#3481=CARTESIAN_POINT('',(0.00075,0.0035302768166089,0.0028143091511163));
#3482=CARTESIAN_POINT('',(0.00125,0.0035302768166089,0.0028143091511163));
#3483=CARTESIAN_POINT('',(0.00125,0.00353027681660899,0.0028143091511163));
#3484=CARTESIAN_POINT('',(0.00075,0.00353027681660899,0.002475));
#3485=CARTESIAN_POINT('',(-0.00275,0.003019585967725,0.0028143091511163));
#3486=CARTESIAN_POINT('',(-0.00275,0.003019585967725,0.003325));
#3487=CARTESIAN_POINT('',(0.00075,0.003019585967725,0.003325));
#3488=CARTESIAN_POINT('',(0.00125,0.003019585967725,0.003325));
#3489=CARTESIAN_POINT('',(0.00125,0.003019585967725,0.0028143091511163));
#3490=CARTESIAN_POINT('',(0.00075,0.003019585967725,0.0028143091511163));
#3491=CARTESIAN_POINT('',(-0.00325,0.001330276816609,0.003325));
#3492=CARTESIAN_POINT('',(0.006,0.002930276816609,0.003325));
#3493=CARTESIAN_POINT('',(0.00125,0.002930276816609,0.003325));
#3494=CARTESIAN_POINT('',(0.00075,0.002930276816609,0.003325));
#3495=CARTESIAN_POINT('',(0.00125,0.001330276816609,0.003325));
#3496=CARTESIAN_POINT('',(0.00075,-0.002169723183391,0.003325));
#3497=CARTESIAN_POINT('',(0.00125,-0.002169723183391,0.002475));
#3498=CARTESIAN_POINT('',(0.00125,0.002930276816609,0.002825));
#3499=CARTESIAN_POINT('',(0.00125,-0.002169723183391,0.002475));
#3500=CARTESIAN_POINT('',(0.00125,0.001330276816609,0.002825));
#3501=CARTESIAN_POINT('',(0.00125,0.001330276816609,0.002825));
#3502=CARTESIAN_POINT('',(0.00125,0.001330276816609,0.003325));
#3503=CARTESIAN_POINT('',(0.00125,0.001330276816609,0.003325));
#3504=CARTESIAN_POINT('',(0.00125,-0.002169723183391,0.003325));
#3505=CARTESIAN_POINT('',(0.00125,-0.002169723183391,0.002475));
#3506=CARTESIAN_POINT('',(0.00125,-0.002169723183391,0.002825));
#3507=CARTESIAN_POINT('',(0.00125,0.001330276816609,0.002825));
#3508=CARTESIAN_POINT('',(-0.00325,0.001330276816609,0.003325));
#3509=CARTESIAN_POINT('',(-0.00325,-0.002169723183391,0.003325));
#3510=CARTESIAN_POINT('',(0.00075,-0.002169723183391,0.003325));
#3511=CARTESIAN_POINT('',(-0.00325,0.001330276816609,0.003325));
#3512=CARTESIAN_POINT('',(0.00075,0.001330276816609,0.003325));
#3513=CARTESIAN_POINT('',(0.00075,-0.002169723183391,0.003325));
#3514=CARTESIAN_POINT('',(-7.15554163108156E-19,-0.002169723183391,0.002475));
#3515=CARTESIAN_POINT('',(-7.15554163108156E-19,-0.002169723183391,0.002825));
#3516=CARTESIAN_POINT('',(0.00075,-0.002169723183391,0.002825));
#3517=CARTESIAN_POINT('',(0.00075,-0.002169723183391,0.002475));
#3518=CARTESIAN_POINT('',(-0.00275,0.001330276816609,0.002825));
#3519=CARTESIAN_POINT('',(-7.15554163108156E-19,0.001330276816609,0.002825));
#3520=CARTESIAN_POINT('',(0.00075,0.001330276816609,0.002825));
#3521=CARTESIAN_POINT('',(0.00075,-0.002169723183391,0.002825));
#3522=CARTESIAN_POINT('',(0.00075,-0.002169723183391,0.002475));
#3523=CARTESIAN_POINT('',(0.00075,0.002930276816609,0.002825));
#3524=CARTESIAN_POINT('',(0.00075,-0.002169723183391,0.002475));
#3525=CARTESIAN_POINT('',(0.00075,0.001330276816609,0.002825));
#3526=CARTESIAN_POINT('',(-0.00275,0.003019585967725,0.0028143091511163));
#3527=CARTESIAN_POINT('',(-0.00275,0.00353027681660884,0.0028143091511163));
#3528=CARTESIAN_POINT('',(-0.00275,0.0035302768166089,0.0028143091511163));
#3529=CARTESIAN_POINT('',(-0.00325,0.0035302768166089,0.0028143091511163));
#3530=CARTESIAN_POINT('',(-0.00325,0.003019585967725,0.0028143091511163));
#3531=CARTESIAN_POINT('',(-0.00325,0.003019585967725,0.003325));
#3532=CARTESIAN_POINT('',(-0.00275,0.003019585967725,0.003325));
#3533=CARTESIAN_POINT('',(-0.00275,0.003019585967725,0.003325));
#3534=CARTESIAN_POINT('',(-0.00275,0.003019585967725,0.0028143091511163));
#3535=CARTESIAN_POINT('',(-0.00125,0.00353027681660899,0.0028143091511163));
#3536=CARTESIAN_POINT('',(-0.00125,0.00353027681660899,0.));
#3537=CARTESIAN_POINT('',(-0.00275,0.00353027681660899,0.));
#3538=CARTESIAN_POINT('',(-0.00325,0.00353027681660899,0.));
#3539=CARTESIAN_POINT('',(-0.00325,0.00353027681660899,0.002825));
#3540=CARTESIAN_POINT('',(-0.00275,0.00353027681660899,0.0028143091511163));
#3541=CARTESIAN_POINT('',(-0.00275,0.00353027681660899,0.));
#3542=CARTESIAN_POINT('',(-0.00275,0.003237995176455,-0.001602886155814));
#3543=CARTESIAN_POINT('',(-0.00275,0.003237995176455,-0.001602886155814));
#3544=CARTESIAN_POINT('',(-0.00325,0.003237995176455,-0.001602886155814));
#3545=CARTESIAN_POINT('',(-0.00325,0.00353027681660899,0.));
#3546=CARTESIAN_POINT('',(-0.00275,0.00353027681660899,0.));
#3547=CARTESIAN_POINT('',(-0.00275,0.003237995176455,-0.001602886155814));
#3548=CARTESIAN_POINT('',(-0.00275,0.00353027681660899,-0.003315903412323));
#3549=CARTESIAN_POINT('',(-0.00275,0.00353027681660899,-0.003315903412323));
#3550=CARTESIAN_POINT('',(-0.00325,0.00353027681660899,-0.003315903412323));
#3551=CARTESIAN_POINT('',(-0.00325,0.003237995176455,-0.001602886155814));
#3552=CARTESIAN_POINT('',(-0.00275,0.003237995176455,-0.001602886155814));
#3553=CARTESIAN_POINT('',(-0.00275,0.00353027681660899,-0.003315903412323));
#3554=CARTESIAN_POINT('',(-0.00275,0.00303739978940901,-0.00340000000000007));
#3555=CARTESIAN_POINT('',(-0.00275,0.00303739978940899,-0.0034));
#3556=CARTESIAN_POINT('',(-0.00325,0.00303739978940899,-0.0034));
#3557=CARTESIAN_POINT('',(-0.00325,0.00353027681660899,-0.003315903412323));
#3558=CARTESIAN_POINT('',(-0.00275,0.00353027681660899,-0.003315903412323));
#3559=CARTESIAN_POINT('',(-0.00275,0.00303739978940899,-0.0034));
#3560=CARTESIAN_POINT('',(-0.00275,0.002730276816609,-0.0016));
#3561=CARTESIAN_POINT('',(-0.00275,0.002730276816609,-0.0016));
#3562=CARTESIAN_POINT('',(-0.00325,0.002730276816609,-0.0016));
#3563=CARTESIAN_POINT('',(-0.00325,0.00303739978940899,-0.0034));
#3564=CARTESIAN_POINT('',(-0.00275,0.00303739978940899,-0.0034));
#3565=CARTESIAN_POINT('',(-0.00275,0.002730276816609,-0.0016));
#3566=CARTESIAN_POINT('',(-0.00275,0.003030276816609,4.52140014357057E-5));
#3567=CARTESIAN_POINT('',(-0.00275,0.003030276816609,4.52140014354664E-5));
#3568=CARTESIAN_POINT('',(-0.00325,0.003030276816609,4.52140014354707E-5));
#3569=CARTESIAN_POINT('',(-0.00325,0.002730276816609,-0.0016));
#3570=CARTESIAN_POINT('',(-0.00275,0.002730276816609,-0.0016));
#3571=CARTESIAN_POINT('',(-0.00125,0.003030276816609,-0.0034));
#3572=CARTESIAN_POINT('',(-0.00275,0.00303027681660884,0.0028143091511163));
#3573=CARTESIAN_POINT('',(-0.00275,0.00303027681660889,0.0028143091511163));
#3574=CARTESIAN_POINT('',(-0.00325,0.00303027681660889,0.0028143091511163));
#3575=CARTESIAN_POINT('',(-0.00325,0.003030276816609,0.002825));
#3576=CARTESIAN_POINT('',(-0.00275,0.003030276816609,-0.0034));
#3577=CARTESIAN_POINT('',(-0.00275,0.003019585967725,0.0028143091511163));
#3578=CARTESIAN_POINT('',(-0.00275,0.003019585967725,0.002825));
#3579=CARTESIAN_POINT('',(-0.00275,0.003019585967725,0.002825));
#3580=CARTESIAN_POINT('',(-0.00325,0.003019585967725,0.002825));
#3581=CARTESIAN_POINT('',(-0.00325,0.003019585967725,0.0028143091511163));
#3582=CARTESIAN_POINT('',(-0.00275,0.003019585967725,0.0028143091511163));
#3583=CARTESIAN_POINT('',(-0.00275,0.001330276816609,0.002825));
#3584=CARTESIAN_POINT('',(0.006,0.002930276816609,0.002825));
#3585=CARTESIAN_POINT('',(-0.00325,0.002930276816609,0.002825));
#3586=CARTESIAN_POINT('',(-0.00275,0.002930276816609,0.002825));
#3587=CARTESIAN_POINT('',(-0.00325,0.001330276816609,0.002825));
#3588=CARTESIAN_POINT('',(-0.00275,0.001330276816609,0.002825));
#3589=CARTESIAN_POINT('',(-0.00325,0.001330276816609,0.002825));
#3590=CARTESIAN_POINT('',(-0.00325,0.002930276816609,0.002825));
#3591=CARTESIAN_POINT('',(-0.00325,0.002930276816609,0.003325));
#3592=CARTESIAN_POINT('',(-0.00325,0.001330276816609,0.003325));
#3593=CARTESIAN_POINT('',(-0.00325,0.001330276816609,0.003325));
#3594=CARTESIAN_POINT('',(-0.00325,0.002930276816609,0.003325));
#3595=CARTESIAN_POINT('',(-0.00275,0.002930276816609,0.003325));
#3596=CARTESIAN_POINT('',(-0.00275,0.001330276816609,0.003325));
#3597=CARTESIAN_POINT('',(-0.00275,-0.002169723183391,0.002475));
#3598=CARTESIAN_POINT('',(-0.00275,0.002930276816609,0.002825));
#3599=CARTESIAN_POINT('',(0.00325,0.001330276816609,0.002825));
#3600=CARTESIAN_POINT('',(0.00325,0.002930276816609,0.002825));
#3601=CARTESIAN_POINT('',(0.00325,0.002930276816609,0.002825));
#3602=CARTESIAN_POINT('',(0.00325,0.002930276816609,0.003325));
#3603=CARTESIAN_POINT('',(0.00325,0.001330276816609,0.002825));
#3604=CARTESIAN_POINT('',(0.00325,0.003019585967725,0.002825));
#3605=CARTESIAN_POINT('',(0.00325,0.003019585967725,0.0028143091511163));
#3606=CARTESIAN_POINT('',(0.00325,0.00303027681660889,0.0028143091511163));
#3607=CARTESIAN_POINT('',(0.00325,0.003030276816609,-0.0034));
#3608=CARTESIAN_POINT('',(0.00325,0.003030276816609,4.52140014350014E-5));
#3609=CARTESIAN_POINT('',(0.00325,0.00346614414790129,0.00243553078880406));
#3610=CARTESIAN_POINT('',(0.00325,0.002730276816609,-0.00160000000000025));
#3611=CARTESIAN_POINT('',(0.00325,0.00195702010714449,0.00293193736809558));
#3612=CARTESIAN_POINT('',(0.00325,0.00303739978940916,-0.0034));
#3613=CARTESIAN_POINT('',(0.00325,0.00241065649887351,-0.00350693736809565));
#3614=CARTESIAN_POINT('',(0.00325,0.00353027681660899,-0.00331590341232297));
#3615=CARTESIAN_POINT('',(0.00325,0.0024498971343447,0.00301603395577268));
#3616=CARTESIAN_POINT('',(0.00325,0.00323799517645492,-0.00160288615581443));
#3617=CARTESIAN_POINT('',(0.00325,0.00395803324883432,0.00234583623833759));
#3618=CARTESIAN_POINT('',(0.00325,0.00353027681660899,-5.49907341884648E-16));
#3619=CARTESIAN_POINT('',(0.00325,0.00353027681660899,0.002825));
#3620=CARTESIAN_POINT('',(0.00325,0.0035302768166089,0.0028143091511163));
#3621=CARTESIAN_POINT('',(0.00325,0.003019585967725,0.0028143091511163));
#3622=CARTESIAN_POINT('',(0.00325,0.003019585967725,0.003325));
#3623=CARTESIAN_POINT('',(0.00325,0.001330276816609,0.003325));
#3624=CARTESIAN_POINT('',(-0.00275,0.001330276816609,0.002825));
#3625=CARTESIAN_POINT('',(-0.00275,0.003019585967725,0.002825));
#3626=CARTESIAN_POINT('',(0.00275,0.003019585967725,0.002825));
#3627=CARTESIAN_POINT('',(-0.00275,0.002930276816609,0.002825));
#3628=CARTESIAN_POINT('',(0.00275,0.002930276816609,0.002825));
#3629=CARTESIAN_POINT('',(0.00275,-0.002169723183391,0.002825));
#3630=CARTESIAN_POINT('',(-0.00275,0.003019585967725,0.0028143091511163));
#3631=CARTESIAN_POINT('',(-0.00275,0.00303027681660884,0.0028143091511163));
#3632=CARTESIAN_POINT('',(0.00275,0.00303027681660889,0.0028143091511163));
#3633=CARTESIAN_POINT('',(0.00275,0.003019585967725,0.0028143091511163));
#3634=CARTESIAN_POINT('',(-0.00125,0.003030276816609,-0.0034));
#3635=CARTESIAN_POINT('',(-0.00125,0.003030276816609,4.52140014357057E-5));
#3636=CARTESIAN_POINT('',(0.00275,0.003030276816609,4.52140014350014E-5));
#3637=CARTESIAN_POINT('',(0.00275,0.003030276816609,0.002475));
#3638=CARTESIAN_POINT('',(-0.00275,0.002730276816609,-0.0016));
#3639=CARTESIAN_POINT('',(-0.00275,0.00273027681660874,-0.00160000000000143));
#3640=CARTESIAN_POINT('',(0.00275,0.002730276816609,-0.00160000000000025));
#3641=CARTESIAN_POINT('',(0.00275,0.002730276816609,-0.0016));
#3642=CARTESIAN_POINT('',(-0.00275,0.00303739978940899,-0.0034));
#3643=CARTESIAN_POINT('',(-0.00275,0.00303739978940901,-0.00340000000000007));
#3644=CARTESIAN_POINT('',(0.00275,0.00303739978940916,-0.0034));
#3645=CARTESIAN_POINT('',(0.00275,0.00303739978940899,-0.0034));
#3646=CARTESIAN_POINT('',(-0.00275,0.00353027681660899,-0.003315903412323));
#3647=CARTESIAN_POINT('',(-0.00275,0.00353027681660921,-0.00331590341232296));
#3648=CARTESIAN_POINT('',(0.00275,0.00353027681660899,-0.00331590341232297));
#3649=CARTESIAN_POINT('',(0.00275,0.00353027681660899,-0.003315903412323));
#3650=CARTESIAN_POINT('',(-0.00275,0.003237995176455,-0.001602886155814));
#3651=CARTESIAN_POINT('',(-0.00275,0.00323799517645493,-0.00160288615581357));
#3652=CARTESIAN_POINT('',(0.00275,0.00323799517645492,-0.00160288615581443));
#3653=CARTESIAN_POINT('',(0.00275,0.003237995176455,-0.001602886155814));
#3654=CARTESIAN_POINT('',(-0.00275,0.00353027681660899,0.));
#3655=CARTESIAN_POINT('',(-0.00125,0.00353027681660899,0.));
#3656=CARTESIAN_POINT('',(0.00275,0.00353027681660899,-5.55111512312578E-16));
#3657=CARTESIAN_POINT('',(0.00275,0.00353027681660899,0.));
#3658=CARTESIAN_POINT('',(-0.00125,0.00353027681660899,0.0028143091511163));
#3659=CARTESIAN_POINT('',(-0.00275,0.00353027681660884,0.0028143091511163));
#3660=CARTESIAN_POINT('',(0.00275,0.0035302768166089,0.0028143091511163));
#3661=CARTESIAN_POINT('',(0.00275,0.00353027681660899,0.0028143091511163));
#3662=CARTESIAN_POINT('',(-0.00275,0.003019585967725,0.0028143091511163));
#3663=CARTESIAN_POINT('',(-0.00275,0.003019585967725,0.003325));
#3664=CARTESIAN_POINT('',(0.00275,0.003019585967725,0.003325));
#3665=CARTESIAN_POINT('',(0.00275,0.003019585967725,0.0028143091511163));
#3666=CARTESIAN_POINT('',(-0.00325,0.001330276816609,0.003325));
#3667=CARTESIAN_POINT('',(0.006,0.002930276816609,0.003325));
#3668=CARTESIAN_POINT('',(0.00275,0.002930276816609,0.003325));
#3669=CARTESIAN_POINT('',(0.00275,0.001330276816609,0.003325));
#3670=CARTESIAN_POINT('',(0.00275,-0.002169723183391,0.002475));
#3671=CARTESIAN_POINT('',(0.00275,0.002930276816609,0.002825));
#3672=CARTESIAN_POINT('',(0.006,0.002330276816609,0.0004));
#3673=CARTESIAN_POINT('',(0.006,0.002330276816609,0.0004));
#3674=CARTESIAN_POINT('',(0.004,0.002330276816609,0.0004));
#3675=CARTESIAN_POINT('',(-0.004,0.002330276816609,0.0004));
#3676=CARTESIAN_POINT('',(-0.004,0.002330276816609,0.0004));
#3677=CARTESIAN_POINT('',(-0.004,0.002930276816609,0.002475));
#3678=CARTESIAN_POINT('',(0.004,0.002930276816609,0.002475));
#3679=CARTESIAN_POINT('',(0.004,0.002930276816609,0.002475));
#3680=CARTESIAN_POINT('',(0.004,0.002330276816609,0.0004));
#3681=CARTESIAN_POINT('',(0.006,0.002330276816609,0.00495));
#3682=CARTESIAN_POINT('',(-0.005,0.002330276816609,0.));
#3683=CARTESIAN_POINT('',(-0.004,0.002330276816609,0.));
#3684=CARTESIAN_POINT('',(0.004,0.002330276816609,0.));
#3685=CARTESIAN_POINT('',(-0.004,0.002330276816609,0.00495));
#3686=CARTESIAN_POINT('',(0.004,0.002330276816609,0.002475));
#3687=CARTESIAN_POINT('',(-0.005,0.004730276816609,0.0034228915662651));
#3688=CARTESIAN_POINT('',(-0.005,0.004730276816609,0.0034228915662651));
#3689=CARTESIAN_POINT('',(-0.005,0.004730276816609,0.0034228915662651));
#3690=CARTESIAN_POINT('',(-0.004,0.004730276816609,0.0034228915662651));
#3691=CARTESIAN_POINT('',(-0.004,0.004730276816609,0.0034228915662651));
#3692=CARTESIAN_POINT('',(-0.004,0.004730276816609,0.));
#3693=CARTESIAN_POINT('',(-0.005,0.004730276816609,0.));
#3694=CARTESIAN_POINT('',(-0.005,0.004730276816609,0.));
#3695=CARTESIAN_POINT('',(-0.005,0.004730276816609,0.0034228915662651));
#3696=CARTESIAN_POINT('',(-0.005,0.003080276816609,0.0039));
#3697=CARTESIAN_POINT('',(-0.005,0.003080276816609,0.0039));
#3698=CARTESIAN_POINT('',(-0.005,0.003080276816609,0.0039));
#3699=CARTESIAN_POINT('',(-0.004,0.003080276816609,0.0039));
#3700=CARTESIAN_POINT('',(-0.004,0.003080276816609,0.0039));
#3701=CARTESIAN_POINT('',(-0.005,0.003080276816609,0.0039));
#3702=CARTESIAN_POINT('',(-0.004,-0.00296972318339101,0.002475));
#3703=CARTESIAN_POINT('',(-0.004,0.002330276816609,0.00475));
#3704=CARTESIAN_POINT('',(-0.004,0.002930276816609,0.00475));
#3705=CARTESIAN_POINT('',(-0.004,0.003080276816609,0.00475));
#3706=CARTESIAN_POINT('',(-0.004,0.002930276816609,0.002475));
#3707=CARTESIAN_POINT('',(-0.004,0.004730276816609,0.));
#3708=CARTESIAN_POINT('',(-0.004,0.003080276816609,0.00475));
#3709=CARTESIAN_POINT('',(0.006,0.002930276816609,0.002475));
#3710=CARTESIAN_POINT('',(0.006,0.002930276816609,0.00475));
#3711=CARTESIAN_POINT('',(0.004,0.002930276816609,0.00475));
#3712=CARTESIAN_POINT('',(0.004,0.002930276816609,0.002475));
#3713=CARTESIAN_POINT('',(0.004,-0.00296972318339101,0.002475));
#3714=CARTESIAN_POINT('',(0.004,-0.00212265017602344,0.00540446081714654));
#3715=CARTESIAN_POINT('',(0.004,0.003080276816609,0.0039));
#3716=CARTESIAN_POINT('',(0.004,0.004730276816609,0.00342289156626512));
#3717=CARTESIAN_POINT('',(0.004,0.004730276816609,0.002475));
#3718=CARTESIAN_POINT('',(0.004,0.004730276816609,0.));
#3719=CARTESIAN_POINT('',(0.004,0.004730276816609,0.));
#3720=CARTESIAN_POINT('',(0.004,-0.00296972318339101,0.00475));
#3721=CARTESIAN_POINT('',(0.004,0.003080276816609,0.00475));
#3722=CARTESIAN_POINT('',(0.004,0.003080276816609,0.00475));
#3723=CARTESIAN_POINT('',(0.006,0.002330276816609,0.00475));
#3724=CARTESIAN_POINT('',(-7.15554163108156E-19,0.003080276816609,0.00475));
#3725=CARTESIAN_POINT('',(-7.15554163108156E-19,0.003080276816609,0.002475));
#3726=CARTESIAN_POINT('',(-0.005,0.003080276816609,0.00495));
#3727=CARTESIAN_POINT('',(-0.005,0.003080276816609,0.00495));
#3728=CARTESIAN_POINT('',(0.005,0.003080276816609,0.00495));
#3729=CARTESIAN_POINT('',(0.005,0.003080276816609,0.00495));
#3730=CARTESIAN_POINT('',(0.005,0.003080276816609,0.0039));
#3731=CARTESIAN_POINT('',(0.005,0.003080276816609,0.0039));
#3732=CARTESIAN_POINT('',(-7.15554163108156E-19,0.003080276816609,0.0039));
#3733=CARTESIAN_POINT('',(-0.005,0.003080276816609,0.0039));
#3734=CARTESIAN_POINT('',(-0.005,0.004730276816609,0.00342289156626513));
#3735=CARTESIAN_POINT('',(0.005,0.004730276816609,0.00342289156626512));
#3736=CARTESIAN_POINT('',(0.005,0.003080276816609,0.0039));
#3737=CARTESIAN_POINT('',(-0.005,0.004730276816609,0.0034228915662651));
#3738=CARTESIAN_POINT('',(-0.005,0.004730276816609,0.));
#3739=CARTESIAN_POINT('',(0.005,0.004730276816609,0.));
#3740=CARTESIAN_POINT('',(0.005,0.004730276816609,0.0034228915662651));
#3741=CARTESIAN_POINT('',(-0.005,-0.00296972318339101,0.));
#3742=CARTESIAN_POINT('',(-0.005,-0.00296972318339101,0.));
#3743=CARTESIAN_POINT('',(-0.005,-0.00296972318339101,0.));
#3744=CARTESIAN_POINT('',(0.005,-0.00296972318339101,0.));
#3745=CARTESIAN_POINT('',(-0.005,0.004730276816609,0.));
#3746=CARTESIAN_POINT('',(0.005,-0.00296972318339101,0.));
#3747=CARTESIAN_POINT('',(-0.005,-0.00296972318339101,0.00495));
#3748=CARTESIAN_POINT('',(-0.005,-0.00296972318339101,0.00495));
#3749=CARTESIAN_POINT('',(-0.005,-0.00296972318339101,0.00495));
#3750=CARTESIAN_POINT('',(-0.005,-0.00296972318339101,0.0035));
#3751=CARTESIAN_POINT('',(-0.005,-0.00296972318339101,0.00495));
#3752=CARTESIAN_POINT('',(-0.005,0.002330276816609,0.00475));
#3753=CARTESIAN_POINT('',(-0.005,0.002330276816609,0.00475));
#3754=CARTESIAN_POINT('',(-0.005,0.002330276816609,0.00495));
#3755=CARTESIAN_POINT('',(-0.005,0.002330276816609,0.00495));
#3756=CARTESIAN_POINT('',(-0.005,0.002330276816609,0.00495));
#3757=CARTESIAN_POINT('',(-0.005,-0.00296972318339101,0.0025));
#3758=CARTESIAN_POINT('',(-0.005,-0.00296972318339101,0.0025));
#3759=CARTESIAN_POINT('',(-0.005,-0.00296972318339101,0.0025));
#3760=CARTESIAN_POINT('',(-0.005,-0.000469723183391003,0.0025));
#3761=CARTESIAN_POINT('',(-0.005,-0.000469723183391003,0.0035));
#3762=CARTESIAN_POINT('',(-0.005,-0.000469723183391003,0.0035));
#3763=CARTESIAN_POINT('',(-0.005,-0.00296972318339101,0.0035));
#3764=CARTESIAN_POINT('',(0.00445,0.001330276816609,0.002465));
#3765=CARTESIAN_POINT('',(0.00445,0.001330276816609,0.002465));
#3766=CARTESIAN_POINT('',(0.00445,0.001330276816609,0.002465));
#3767=CARTESIAN_POINT('',(-0.00445,0.001330276816609,0.002465));
#3768=CARTESIAN_POINT('',(-0.00445,0.001330276816609,0.002465));
#3769=CARTESIAN_POINT('',(-0.00445,0.002130276816609,0.001665));
#3770=CARTESIAN_POINT('',(0.00445,0.002130276816609,0.001665));
#3771=CARTESIAN_POINT('',(0.00445,0.002130276816609,0.001665));
#3772=CARTESIAN_POINT('',(0.00445,0.001330276816609,0.002465));
#3773=CARTESIAN_POINT('',(0.00445,0.002130276816609,0.001665));
#3774=CARTESIAN_POINT('',(-0.00445,0.002130276816609,0.001665));
#3775=CARTESIAN_POINT('',(-0.00445,0.002130276816609,0.000675));
#3776=CARTESIAN_POINT('',(0.00445,0.002130276816609,0.000675));
#3777=CARTESIAN_POINT('',(0.00445,0.002130276816609,0.000675));
#3778=CARTESIAN_POINT('',(0.00445,0.002130276816609,0.001665));
#3779=CARTESIAN_POINT('',(-0.002,0.001330276816609,0.00495));
#3780=CARTESIAN_POINT('',(-0.002,-0.00296972318339101,0.00495));
#3781=CARTESIAN_POINT('',(-0.002,-0.00296972318339101,0.00495));
#3782=CARTESIAN_POINT('',(-0.002,0.001330276816609,0.00495));
#3783=CARTESIAN_POINT('',(-0.002,-0.00296972318339101,0.00495));
#3784=CARTESIAN_POINT('',(-0.002,-0.00296972318339101,0.004613));
#3785=CARTESIAN_POINT('',(-0.002,-0.00296972318339101,0.004613));
#3786=CARTESIAN_POINT('',(-0.002,-0.002631723183391,0.004275));
#3787=CARTESIAN_POINT('',(-0.002,0.001330276816609,0.004275));
#3788=CARTESIAN_POINT('',(-0.002,0.001330276816609,0.004275));
#3789=CARTESIAN_POINT('',(-0.002,0.001330276816609,0.00495));
#3790=CARTESIAN_POINT('',(0.002,-0.00296972318339101,0.00495));
#3791=CARTESIAN_POINT('',(0.002,0.001330276816609,0.004275));
#3792=CARTESIAN_POINT('',(0.002,0.001330276816609,0.004275));
#3793=CARTESIAN_POINT('',(0.002,-0.002631723183391,0.004275));
#3794=CARTESIAN_POINT('',(0.002,-0.00296972318339101,0.004613));
#3795=CARTESIAN_POINT('',(0.002,-0.00296972318339101,0.004613));
#3796=CARTESIAN_POINT('',(0.002,-0.00296972318339101,0.00495));
#3797=CARTESIAN_POINT('',(0.002,-0.00296972318339101,0.00495));
#3798=CARTESIAN_POINT('',(0.002,-0.00296972318339101,0.00495));
#3799=CARTESIAN_POINT('',(0.002,0.001330276816609,0.00495));
#3800=CARTESIAN_POINT('',(0.002,0.001330276816609,0.00495));
#3801=CARTESIAN_POINT('',(-7.15554163108156E-19,-0.002800723183391,0.004444));
#3802=CARTESIAN_POINT('',(-0.00445,-0.00296972318339101,0.004613));
#3803=CARTESIAN_POINT('',(-0.00445,-0.00296972318339101,0.004613));
#3804=CARTESIAN_POINT('',(-0.00445,-0.002631723183391,0.004275));
#3805=CARTESIAN_POINT('',(-0.00445,-0.002631723183391,0.004275));
#3806=CARTESIAN_POINT('',(-0.00445,-0.002631723183391,0.004275));
#3807=CARTESIAN_POINT('',(-7.15554163108156E-19,-0.002800723183391,0.004444));
#3808=CARTESIAN_POINT('',(0.002,-0.002631723183391,0.004275));
#3809=CARTESIAN_POINT('',(0.00445,-0.002631723183391,0.004275));
#3810=CARTESIAN_POINT('',(0.00445,-0.00296972318339101,0.004613));
#3811=CARTESIAN_POINT('',(0.00445,-0.00296972318339101,0.004613));
#3812=CARTESIAN_POINT('',(0.002,-0.00296972318339101,0.004613));
#3813=CARTESIAN_POINT('',(-0.00445,-0.000919723183391003,0.00495));
#3814=CARTESIAN_POINT('',(-0.00445,-0.000919723183391003,0.00495));
#3815=CARTESIAN_POINT('',(0.00325,-0.000919723183391003,0.00495));
#3816=CARTESIAN_POINT('',(0.00445,-0.000919723183391003,0.00495));
#3817=CARTESIAN_POINT('',(0.00445,-0.000919723183391003,0.00495));
#3818=CARTESIAN_POINT('',(0.00445,-0.000919723183391003,0.004275));
#3819=CARTESIAN_POINT('',(-0.00445,-0.000919723183391003,0.004275));
#3820=CARTESIAN_POINT('',(0.00325,-0.000919723183391003,0.004275));
#3821=CARTESIAN_POINT('',(0.00325,-0.000919723183391003,0.002825));
#3822=CARTESIAN_POINT('',(0.00445,-0.00296972318339101,0.000675));
#3823=CARTESIAN_POINT('',(0.00445,-0.002631723183391,0.000675));
#3824=CARTESIAN_POINT('',(0.00445,-0.002631723183391,0.000675));
#3825=CARTESIAN_POINT('',(0.00445,-0.002631723183391,0.000675));
#3826=CARTESIAN_POINT('',(0.00445,-0.00296972318339101,0.000337));
#3827=CARTESIAN_POINT('',(0.00445,-0.00296972318339101,0.0025));
#3828=CARTESIAN_POINT('',(0.00445,-0.00296972318339101,0.0025));
#3829=CARTESIAN_POINT('',(0.00445,-0.00296972318339101,0.0025));
#3830=CARTESIAN_POINT('',(0.00445,-0.000469723183391003,0.0025));
#3831=CARTESIAN_POINT('',(0.00445,-0.000469723183391003,0.0035));
#3832=CARTESIAN_POINT('',(0.00445,-0.000469723183391003,0.0035));
#3833=CARTESIAN_POINT('',(0.00445,-0.00296972318339101,0.0035));
#3834=CARTESIAN_POINT('',(0.00445,-0.00296972318339101,0.0035));
#3835=CARTESIAN_POINT('',(0.00445,-0.00296972318339101,0.004613));
#3836=CARTESIAN_POINT('',(0.00445,-0.002631723183391,0.004275));
#3837=CARTESIAN_POINT('',(0.00445,-0.000919723183391003,0.00495));
#3838=CARTESIAN_POINT('',(0.00445,0.001330276816609,0.00495));
#3839=CARTESIAN_POINT('',(0.00445,0.001330276816609,0.002465));
#3840=CARTESIAN_POINT('',(0.006,-0.000469723183391003,0.0025));
#3841=CARTESIAN_POINT('',(-0.00445,-0.00296972318339101,0.0025));
#3842=CARTESIAN_POINT('',(-0.00445,-0.00296972318339101,0.0025));
#3843=CARTESIAN_POINT('',(-0.00445,-0.00296972318339101,0.0025));
#3844=CARTESIAN_POINT('',(-0.00445,-0.000469723183391003,0.0025));
#3845=CARTESIAN_POINT('',(-0.00445,-0.000469723183391003,0.0025));
#3846=CARTESIAN_POINT('',(0.006,-0.000469723183391003,0.0025));
#3847=CARTESIAN_POINT('',(0.005,-0.00296972318339101,0.0025));
#3848=CARTESIAN_POINT('',(0.005,-0.00296972318339101,0.0025));
#3849=CARTESIAN_POINT('',(0.005,-0.00296972318339101,0.0025));
#3850=CARTESIAN_POINT('',(0.005,-0.000469723183391003,0.0025));
#3851=CARTESIAN_POINT('',(0.005,-0.000469723183391003,0.0025));
#3852=CARTESIAN_POINT('',(0.006,-0.000469723183391003,0.0035));
#3853=CARTESIAN_POINT('',(-0.00445,-0.000469723183391003,0.0035));
#3854=CARTESIAN_POINT('',(-0.00445,-0.000469723183391003,0.0035));
#3855=CARTESIAN_POINT('',(-0.00445,-0.000469723183391003,0.0035));
#3856=CARTESIAN_POINT('',(0.006,-0.000469723183391003,0.0035));
#3857=CARTESIAN_POINT('',(0.005,-0.000469723183391003,0.0035));
#3858=CARTESIAN_POINT('',(0.005,-0.000469723183391003,0.0035));
#3859=CARTESIAN_POINT('',(0.005,-0.000469723183391003,0.0035));
#3860=CARTESIAN_POINT('',(0.006,-0.00296972318339101,0.0035));
#3861=CARTESIAN_POINT('',(-0.00445,-0.00296972318339101,0.0035));
#3862=CARTESIAN_POINT('',(-0.00445,-0.00296972318339101,0.0035));
#3863=CARTESIAN_POINT('',(-0.00445,-0.00296972318339101,0.0035));
#3864=CARTESIAN_POINT('',(0.006,-0.00296972318339101,0.0035));
#3865=CARTESIAN_POINT('',(0.005,-0.00296972318339101,0.0035));
#3866=CARTESIAN_POINT('',(0.005,-0.00296972318339101,0.0035));
#3867=CARTESIAN_POINT('',(0.005,-0.00296972318339101,0.0035));
#3868=CARTESIAN_POINT('',(0.005,-0.00296972318339101,0.));
#3869=CARTESIAN_POINT('',(0.005,-0.00296972318339101,0.));
#3870=CARTESIAN_POINT('',(0.005,0.002330276816609,0.00495));
#3871=CARTESIAN_POINT('',(0.005,0.002330276816609,0.00495));
#3872=CARTESIAN_POINT('',(0.005,0.002330276816609,0.00495));
#3873=CARTESIAN_POINT('',(0.005,0.002330276816609,0.00475));
#3874=CARTESIAN_POINT('',(0.005,0.002330276816609,0.00475));
#3875=CARTESIAN_POINT('',(0.005,-0.00296972318339101,0.00495));
#3876=CARTESIAN_POINT('',(0.005,-0.00296972318339101,0.00495));
#3877=CARTESIAN_POINT('',(0.005,-0.00296972318339101,0.0035));
#3878=CARTESIAN_POINT('',(0.006,0.002330276816609,0.00475));
#3879=CARTESIAN_POINT('',(0.005,0.002330276816609,0.00475));
#3880=CARTESIAN_POINT('',(0.006,0.002330276816609,0.00495));
#3881=CARTESIAN_POINT('',(0.005,0.002330276816609,0.00495));
#3882=CARTESIAN_POINT('',(0.005,-0.00296972318339101,0.00495));
#3883=CARTESIAN_POINT('',(-0.00325,0.001330276816609,0.00495));
#3884=CARTESIAN_POINT('',(-0.00445,0.001330276816609,0.00495));
#3885=CARTESIAN_POINT('',(-0.00445,0.001330276816609,0.00495));
#3886=CARTESIAN_POINT('',(0.00325,0.001330276816609,0.00495));
#3887=CARTESIAN_POINT('',(0.00325,0.001330276816609,0.00495));
#3888=CARTESIAN_POINT('',(0.00445,0.001330276816609,0.00495));
#3889=CARTESIAN_POINT('',(0.005,-0.00296972318339101,0.00495));
#3890=CARTESIAN_POINT('',(-0.002,-0.00296972318339101,0.00495));
#3891=CARTESIAN_POINT('',(0.002,0.001330276816609,0.00495));
#3892=CARTESIAN_POINT('',(0.005,-0.00296972318339101,0.00495));
#3893=CARTESIAN_POINT('',(-7.15554163108156E-19,0.001330276816609,0.002475));
#3894=CARTESIAN_POINT('',(0.00325,0.001330276816609,0.002475));
#3895=CARTESIAN_POINT('',(0.00325,0.001330276816609,0.004275));
#3896=CARTESIAN_POINT('',(0.00325,0.001330276816609,0.004275));
#3897=CARTESIAN_POINT('',(-0.002,0.001330276816609,0.004275));
#3898=CARTESIAN_POINT('',(-0.00445,0.001330276816609,0.00495));
#3899=CARTESIAN_POINT('',(0.00325,0.001330276816609,0.002825));
#3900=CARTESIAN_POINT('',(0.00325,-0.00296972318339101,0.004275));
#3901=CARTESIAN_POINT('',(0.00445,-0.00296972318339101,0.004275));
#3902=CARTESIAN_POINT('',(-0.00445,-0.002631723183391,0.004275));
#3903=CARTESIAN_POINT('',(0.00445,-0.00296972318339101,0.004275));
#3904=CARTESIAN_POINT('',(-0.00445,-0.00296972318339101,0.004275));
#3905=CARTESIAN_POINT('',(-0.00445,-0.00296972318339101,0.0035));
#3906=CARTESIAN_POINT('',(-0.00445,-0.00296972318339101,0.000337));
#3907=CARTESIAN_POINT('',(-0.00445,-0.00296972318339101,0.000337));
#3908=CARTESIAN_POINT('',(-0.00445,-0.00296972318339101,0.000337));
#3909=CARTESIAN_POINT('',(-0.00445,-0.002631723183391,0.000675));
#3910=CARTESIAN_POINT('',(-0.00445,0.002130276816609,0.000675));
#3911=CARTESIAN_POINT('',(-0.00445,-0.00296972318339101,0.000675));
#3912=CARTESIAN_POINT('',(0.00445,-0.002631723183391,0.000675));
#3913=CARTESIAN_POINT('',(-7.15554163108156E-19,-0.002800723183391,0.000506));
#3914=CARTESIAN_POINT('',(0.00445,-0.00296972318339101,0.000337));
#3915=CARTESIAN_POINT('',(-7.15554163108156E-19,-0.00296972318339101,0.002475));
#3916=CARTESIAN_POINT('',(-7.15554163108156E-19,-0.00296972318339101,0.002475));
#3917=CARTESIAN_POINT('',(-7.15554163108156E-19,-0.00296972318339101,0.002475));
#3918=MECHANICAL_DESIGN_GEOMETRIC_PRESENTATION_REPRESENTATION('',(#2243,
#2068,#2069,#2070,#2071,#2072,#2073,#2074,#2075,#2076,#2077,#2078,#2079,
#2080,#2081,#2082,#2083,#2084,#2085,#2086,#2087,#2088,#2089,#2090,#2091,
#2092,#2093,#2094,#2095,#2096,#2097,#2098,#2099,#2100,#2101,#2102,#2103,
#2104,#2105,#2106,#2107,#2108,#2109,#2110,#2111,#2112,#2113,#2114,#2115,
#2116,#2117,#2118,#2119,#2120,#2121,#2122,#2123,#2124,#2125,#2126,#2127,
#2128,#2129,#2130,#2131),#3919);
#3919=(
GEOMETRIC_REPRESENTATION_CONTEXT(3)
GLOBAL_UNCERTAINTY_ASSIGNED_CONTEXT((#3920))
GLOBAL_UNIT_ASSIGNED_CONTEXT((#3923,#3922,#3921))
REPRESENTATION_CONTEXT('C-440055-4','TOP_LEVEL_ASSEMBLY_PART')
);
#3920=UNCERTAINTY_MEASURE_WITH_UNIT(LENGTH_MEASURE(1.E-6),#3923,
'DISTANCE_ACCURACY_VALUE','Maximum Tolerance applied to model');
#3921=(
NAMED_UNIT(*)
SI_UNIT($,.STERADIAN.)
SOLID_ANGLE_UNIT()
);
#3922=(
NAMED_UNIT(*)
PLANE_ANGLE_UNIT()
SI_UNIT($,.RADIAN.)
);
#3923=(
LENGTH_UNIT()
NAMED_UNIT(*)
SI_UNIT($,.METRE.)
);
#3924=PRODUCT_DEFINITION_SHAPE('','',#3925);
#3925=PRODUCT_DEFINITION('','',#3927,#3926);
#3926=PRODUCT_DEFINITION_CONTEXT('',#3933,'design');
#3927=PRODUCT_DEFINITION_FORMATION_WITH_SPECIFIED_SOURCE('','',#3929,
 .NOT_KNOWN.);
#3928=PRODUCT_RELATED_PRODUCT_CATEGORY('','',(#3929));
#3929=PRODUCT('C-440055-4','C-440055-4','C-440055-4',(#3931));
#3930=PRODUCT_CATEGORY('','');
#3931=PRODUCT_CONTEXT('',#3933,'mechanical');
#3932=APPLICATION_PROTOCOL_DEFINITION('international standard',
'automotive_design',2010,#3933);
#3933=APPLICATION_CONTEXT(
'core data for automotive mechanical design processes');
ENDSEC;
END-ISO-10303-21;
