ISO-10303-21;
HEADER;
/* Generated by software containing ST-Developer
 * from STEP Tools, Inc. (www.steptools.com) 
 */
/* OPTION: using custom renumber hook */

FILE_DESCRIPTION(
/* description */ ('STEP AP214'),
/* implementation_level */ '2;1');

FILE_NAME(
/* name */ '68914d47792d2d6a8b54a047',
/* time_stamp */ '2025-08-05T00:16:08Z',
/* author */ (''),
/* organization */ (''),
/* preprocessor_version */ 'ST-DEVELOPER v20',
/* originating_system */ 'ONSHAPE BY PTC INC, 1.201',
/* authorisation */ '  ');

FILE_SCHEMA (('AUTOMOTIVE_DESIGN {1 0 10303 214 3 1 1}'));
ENDSEC;

DATA;
#10=PROPERTY_DEFINITION_REPRESENTATION(#14,#12);
#11=PROPERTY_DEFINITION_REPRESENTATION(#15,#13);
#12=REPRESENTATION('',(#16),#2883);
#13=REPRESENTATION('',(#17),#2883);
#14=PROPERTY_DEFINITION('pmi validation property','',#2888);
#15=PROPERTY_DEFINITION('pmi validation property','',#2888);
#16=VALUE_REPRESENTATION_ITEM('number of annotations',COUNT_MEASURE(0.));
#17=VALUE_REPRESENTATION_ITEM('number of views',COUNT_MEASURE(0.));
#18=SHAPE_REPRESENTATION_RELATIONSHIP('','',#1921,#19);
#19=ADVANCED_BREP_SHAPE_REPRESENTATION('',(#1919),#2883);
#20=CIRCLE('',#1937,0.0005106908488837);
#21=CIRCLE('',#1938,0.0005106908488837);
#22=CIRCLE('',#1947,1.069084888367E-5);
#23=CIRCLE('',#1948,1.069084888367E-5);
#24=CIRCLE('',#1954,1.069084888367E-5);
#25=CIRCLE('',#1955,0.0005106908488837);
#26=CIRCLE('',#1958,1.069084888367E-5);
#27=CIRCLE('',#1967,0.0005106908488837);
#28=CYLINDRICAL_SURFACE('',#1936,0.0005106908488837);
#29=CYLINDRICAL_SURFACE('',#1946,1.069084888367E-5);
#30=CYLINDRICAL_SURFACE('',#1957,1.069084888367E-5);
#31=CYLINDRICAL_SURFACE('',#1966,0.0005106908488837);
#32=ORIENTED_EDGE('',*,*,#494,.T.);
#33=ORIENTED_EDGE('',*,*,#495,.F.);
#34=ORIENTED_EDGE('',*,*,#496,.F.);
#35=ORIENTED_EDGE('',*,*,#497,.T.);
#36=ORIENTED_EDGE('',*,*,#498,.T.);
#37=ORIENTED_EDGE('',*,*,#497,.F.);
#38=ORIENTED_EDGE('',*,*,#499,.F.);
#39=ORIENTED_EDGE('',*,*,#500,.T.);
#40=ORIENTED_EDGE('',*,*,#501,.F.);
#41=ORIENTED_EDGE('',*,*,#494,.F.);
#42=ORIENTED_EDGE('',*,*,#498,.F.);
#43=ORIENTED_EDGE('',*,*,#502,.F.);
#44=ORIENTED_EDGE('',*,*,#503,.F.);
#45=ORIENTED_EDGE('',*,*,#495,.T.);
#46=ORIENTED_EDGE('',*,*,#501,.T.);
#47=ORIENTED_EDGE('',*,*,#504,.F.);
#48=ORIENTED_EDGE('',*,*,#502,.T.);
#49=ORIENTED_EDGE('',*,*,#500,.F.);
#50=ORIENTED_EDGE('',*,*,#505,.F.);
#51=ORIENTED_EDGE('',*,*,#504,.T.);
#52=ORIENTED_EDGE('',*,*,#506,.T.);
#53=ORIENTED_EDGE('',*,*,#507,.T.);
#54=ORIENTED_EDGE('',*,*,#508,.T.);
#55=ORIENTED_EDGE('',*,*,#509,.T.);
#56=ORIENTED_EDGE('',*,*,#510,.T.);
#57=ORIENTED_EDGE('',*,*,#511,.T.);
#58=ORIENTED_EDGE('',*,*,#506,.F.);
#59=ORIENTED_EDGE('',*,*,#512,.F.);
#60=ORIENTED_EDGE('',*,*,#513,.T.);
#61=ORIENTED_EDGE('',*,*,#514,.T.);
#62=ORIENTED_EDGE('',*,*,#507,.F.);
#63=ORIENTED_EDGE('',*,*,#511,.F.);
#64=ORIENTED_EDGE('',*,*,#508,.F.);
#65=ORIENTED_EDGE('',*,*,#514,.F.);
#66=ORIENTED_EDGE('',*,*,#515,.T.);
#67=ORIENTED_EDGE('',*,*,#516,.T.);
#68=ORIENTED_EDGE('',*,*,#517,.T.);
#69=ORIENTED_EDGE('',*,*,#512,.T.);
#70=ORIENTED_EDGE('',*,*,#509,.F.);
#71=ORIENTED_EDGE('',*,*,#516,.F.);
#72=ORIENTED_EDGE('',*,*,#518,.T.);
#73=ORIENTED_EDGE('',*,*,#519,.T.);
#74=ORIENTED_EDGE('',*,*,#520,.T.);
#75=ORIENTED_EDGE('',*,*,#521,.F.);
#76=ORIENTED_EDGE('',*,*,#522,.T.);
#77=ORIENTED_EDGE('',*,*,#521,.T.);
#78=ORIENTED_EDGE('',*,*,#523,.F.);
#79=ORIENTED_EDGE('',*,*,#524,.F.);
#80=ORIENTED_EDGE('',*,*,#525,.F.);
#81=ORIENTED_EDGE('',*,*,#526,.F.);
#82=ORIENTED_EDGE('',*,*,#527,.T.);
#83=ORIENTED_EDGE('',*,*,#528,.T.);
#84=ORIENTED_EDGE('',*,*,#529,.T.);
#85=ORIENTED_EDGE('',*,*,#530,.F.);
#86=ORIENTED_EDGE('',*,*,#531,.F.);
#87=ORIENTED_EDGE('',*,*,#532,.T.);
#88=ORIENTED_EDGE('',*,*,#533,.T.);
#89=ORIENTED_EDGE('',*,*,#534,.F.);
#90=ORIENTED_EDGE('',*,*,#529,.F.);
#91=ORIENTED_EDGE('',*,*,#535,.T.);
#92=ORIENTED_EDGE('',*,*,#536,.T.);
#93=ORIENTED_EDGE('',*,*,#537,.F.);
#94=ORIENTED_EDGE('',*,*,#533,.F.);
#95=ORIENTED_EDGE('',*,*,#538,.T.);
#96=ORIENTED_EDGE('',*,*,#539,.T.);
#97=ORIENTED_EDGE('',*,*,#540,.F.);
#98=ORIENTED_EDGE('',*,*,#536,.F.);
#99=ORIENTED_EDGE('',*,*,#541,.T.);
#100=ORIENTED_EDGE('',*,*,#542,.T.);
#101=ORIENTED_EDGE('',*,*,#543,.F.);
#102=ORIENTED_EDGE('',*,*,#539,.F.);
#103=ORIENTED_EDGE('',*,*,#544,.T.);
#104=ORIENTED_EDGE('',*,*,#545,.T.);
#105=ORIENTED_EDGE('',*,*,#546,.F.);
#106=ORIENTED_EDGE('',*,*,#542,.F.);
#107=ORIENTED_EDGE('',*,*,#547,.T.);
#108=ORIENTED_EDGE('',*,*,#548,.T.);
#109=ORIENTED_EDGE('',*,*,#549,.F.);
#110=ORIENTED_EDGE('',*,*,#545,.F.);
#111=ORIENTED_EDGE('',*,*,#550,.T.);
#112=ORIENTED_EDGE('',*,*,#551,.T.);
#113=ORIENTED_EDGE('',*,*,#552,.F.);
#114=ORIENTED_EDGE('',*,*,#548,.F.);
#115=ORIENTED_EDGE('',*,*,#553,.T.);
#116=ORIENTED_EDGE('',*,*,#554,.T.);
#117=ORIENTED_EDGE('',*,*,#555,.F.);
#118=ORIENTED_EDGE('',*,*,#551,.F.);
#119=ORIENTED_EDGE('',*,*,#556,.T.);
#120=ORIENTED_EDGE('',*,*,#557,.F.);
#121=ORIENTED_EDGE('',*,*,#558,.F.);
#122=ORIENTED_EDGE('',*,*,#554,.F.);
#123=ORIENTED_EDGE('',*,*,#559,.T.);
#124=ORIENTED_EDGE('',*,*,#530,.T.);
#125=ORIENTED_EDGE('',*,*,#534,.T.);
#126=ORIENTED_EDGE('',*,*,#537,.T.);
#127=ORIENTED_EDGE('',*,*,#540,.T.);
#128=ORIENTED_EDGE('',*,*,#543,.T.);
#129=ORIENTED_EDGE('',*,*,#546,.T.);
#130=ORIENTED_EDGE('',*,*,#549,.T.);
#131=ORIENTED_EDGE('',*,*,#552,.T.);
#132=ORIENTED_EDGE('',*,*,#555,.T.);
#133=ORIENTED_EDGE('',*,*,#558,.T.);
#134=ORIENTED_EDGE('',*,*,#560,.T.);
#135=ORIENTED_EDGE('',*,*,#561,.T.);
#136=ORIENTED_EDGE('',*,*,#531,.T.);
#137=ORIENTED_EDGE('',*,*,#561,.F.);
#138=ORIENTED_EDGE('',*,*,#562,.T.);
#139=ORIENTED_EDGE('',*,*,#563,.T.);
#140=ORIENTED_EDGE('',*,*,#564,.F.);
#141=ORIENTED_EDGE('',*,*,#559,.F.);
#142=ORIENTED_EDGE('',*,*,#556,.F.);
#143=ORIENTED_EDGE('',*,*,#553,.F.);
#144=ORIENTED_EDGE('',*,*,#550,.F.);
#145=ORIENTED_EDGE('',*,*,#547,.F.);
#146=ORIENTED_EDGE('',*,*,#544,.F.);
#147=ORIENTED_EDGE('',*,*,#541,.F.);
#148=ORIENTED_EDGE('',*,*,#538,.F.);
#149=ORIENTED_EDGE('',*,*,#535,.F.);
#150=ORIENTED_EDGE('',*,*,#532,.F.);
#151=ORIENTED_EDGE('',*,*,#563,.F.);
#152=ORIENTED_EDGE('',*,*,#565,.F.);
#153=ORIENTED_EDGE('',*,*,#566,.F.);
#154=ORIENTED_EDGE('',*,*,#567,.F.);
#155=ORIENTED_EDGE('',*,*,#568,.F.);
#156=ORIENTED_EDGE('',*,*,#569,.T.);
#157=ORIENTED_EDGE('',*,*,#570,.T.);
#158=ORIENTED_EDGE('',*,*,#571,.T.);
#159=ORIENTED_EDGE('',*,*,#572,.T.);
#160=ORIENTED_EDGE('',*,*,#573,.T.);
#161=ORIENTED_EDGE('',*,*,#574,.T.);
#162=ORIENTED_EDGE('',*,*,#575,.F.);
#163=ORIENTED_EDGE('',*,*,#576,.T.);
#164=ORIENTED_EDGE('',*,*,#577,.T.);
#165=ORIENTED_EDGE('',*,*,#566,.T.);
#166=ORIENTED_EDGE('',*,*,#578,.T.);
#167=ORIENTED_EDGE('',*,*,#579,.F.);
#168=ORIENTED_EDGE('',*,*,#580,.T.);
#169=ORIENTED_EDGE('',*,*,#567,.T.);
#170=ORIENTED_EDGE('',*,*,#577,.F.);
#171=ORIENTED_EDGE('',*,*,#581,.F.);
#172=ORIENTED_EDGE('',*,*,#582,.T.);
#173=ORIENTED_EDGE('',*,*,#568,.T.);
#174=ORIENTED_EDGE('',*,*,#580,.F.);
#175=ORIENTED_EDGE('',*,*,#583,.F.);
#176=ORIENTED_EDGE('',*,*,#584,.F.);
#177=ORIENTED_EDGE('',*,*,#569,.F.);
#178=ORIENTED_EDGE('',*,*,#582,.F.);
#179=ORIENTED_EDGE('',*,*,#585,.T.);
#180=ORIENTED_EDGE('',*,*,#586,.F.);
#181=ORIENTED_EDGE('',*,*,#570,.F.);
#182=ORIENTED_EDGE('',*,*,#584,.T.);
#183=ORIENTED_EDGE('',*,*,#587,.T.);
#184=ORIENTED_EDGE('',*,*,#588,.F.);
#185=ORIENTED_EDGE('',*,*,#571,.F.);
#186=ORIENTED_EDGE('',*,*,#586,.T.);
#187=ORIENTED_EDGE('',*,*,#589,.T.);
#188=ORIENTED_EDGE('',*,*,#590,.F.);
#189=ORIENTED_EDGE('',*,*,#572,.F.);
#190=ORIENTED_EDGE('',*,*,#588,.T.);
#191=ORIENTED_EDGE('',*,*,#591,.T.);
#192=ORIENTED_EDGE('',*,*,#592,.F.);
#193=ORIENTED_EDGE('',*,*,#573,.F.);
#194=ORIENTED_EDGE('',*,*,#590,.T.);
#195=ORIENTED_EDGE('',*,*,#593,.T.);
#196=ORIENTED_EDGE('',*,*,#594,.T.);
#197=ORIENTED_EDGE('',*,*,#574,.F.);
#198=ORIENTED_EDGE('',*,*,#592,.T.);
#199=ORIENTED_EDGE('',*,*,#595,.T.);
#200=ORIENTED_EDGE('',*,*,#596,.T.);
#201=ORIENTED_EDGE('',*,*,#575,.T.);
#202=ORIENTED_EDGE('',*,*,#594,.F.);
#203=ORIENTED_EDGE('',*,*,#597,.F.);
#204=ORIENTED_EDGE('',*,*,#598,.F.);
#205=ORIENTED_EDGE('',*,*,#576,.F.);
#206=ORIENTED_EDGE('',*,*,#596,.F.);
#207=ORIENTED_EDGE('',*,*,#599,.T.);
#208=ORIENTED_EDGE('',*,*,#597,.T.);
#209=ORIENTED_EDGE('',*,*,#595,.F.);
#210=ORIENTED_EDGE('',*,*,#593,.F.);
#211=ORIENTED_EDGE('',*,*,#591,.F.);
#212=ORIENTED_EDGE('',*,*,#589,.F.);
#213=ORIENTED_EDGE('',*,*,#587,.F.);
#214=ORIENTED_EDGE('',*,*,#585,.F.);
#215=ORIENTED_EDGE('',*,*,#583,.T.);
#216=ORIENTED_EDGE('',*,*,#581,.T.);
#217=ORIENTED_EDGE('',*,*,#579,.T.);
#218=ORIENTED_EDGE('',*,*,#600,.T.);
#219=ORIENTED_EDGE('',*,*,#599,.F.);
#220=ORIENTED_EDGE('',*,*,#601,.T.);
#221=ORIENTED_EDGE('',*,*,#602,.T.);
#222=ORIENTED_EDGE('',*,*,#603,.F.);
#223=ORIENTED_EDGE('',*,*,#604,.F.);
#224=ORIENTED_EDGE('',*,*,#605,.F.);
#225=ORIENTED_EDGE('',*,*,#606,.T.);
#226=ORIENTED_EDGE('',*,*,#601,.F.);
#227=ORIENTED_EDGE('',*,*,#607,.F.);
#228=ORIENTED_EDGE('',*,*,#608,.T.);
#229=ORIENTED_EDGE('',*,*,#609,.T.);
#230=ORIENTED_EDGE('',*,*,#610,.F.);
#231=ORIENTED_EDGE('',*,*,#611,.F.);
#232=ORIENTED_EDGE('',*,*,#612,.T.);
#233=ORIENTED_EDGE('',*,*,#613,.T.);
#234=ORIENTED_EDGE('',*,*,#608,.F.);
#235=ORIENTED_EDGE('',*,*,#614,.F.);
#236=ORIENTED_EDGE('',*,*,#615,.F.);
#237=ORIENTED_EDGE('',*,*,#616,.F.);
#238=ORIENTED_EDGE('',*,*,#602,.F.);
#239=ORIENTED_EDGE('',*,*,#606,.F.);
#240=ORIENTED_EDGE('',*,*,#617,.F.);
#241=ORIENTED_EDGE('',*,*,#609,.F.);
#242=ORIENTED_EDGE('',*,*,#613,.F.);
#243=ORIENTED_EDGE('',*,*,#618,.F.);
#244=ORIENTED_EDGE('',*,*,#562,.F.);
#245=ORIENTED_EDGE('',*,*,#560,.F.);
#246=ORIENTED_EDGE('',*,*,#557,.T.);
#247=ORIENTED_EDGE('',*,*,#564,.T.);
#248=ORIENTED_EDGE('',*,*,#578,.F.);
#249=ORIENTED_EDGE('',*,*,#565,.T.);
#250=ORIENTED_EDGE('',*,*,#598,.T.);
#251=ORIENTED_EDGE('',*,*,#600,.F.);
#252=ORIENTED_EDGE('',*,*,#603,.T.);
#253=ORIENTED_EDGE('',*,*,#616,.T.);
#254=ORIENTED_EDGE('',*,*,#619,.F.);
#255=ORIENTED_EDGE('',*,*,#620,.F.);
#256=ORIENTED_EDGE('',*,*,#621,.T.);
#257=ORIENTED_EDGE('',*,*,#622,.T.);
#258=ORIENTED_EDGE('',*,*,#623,.T.);
#259=ORIENTED_EDGE('',*,*,#607,.T.);
#260=ORIENTED_EDGE('',*,*,#604,.T.);
#261=ORIENTED_EDGE('',*,*,#620,.T.);
#262=ORIENTED_EDGE('',*,*,#624,.T.);
#263=ORIENTED_EDGE('',*,*,#625,.T.);
#264=ORIENTED_EDGE('',*,*,#619,.T.);
#265=ORIENTED_EDGE('',*,*,#615,.T.);
#266=ORIENTED_EDGE('',*,*,#626,.F.);
#267=ORIENTED_EDGE('',*,*,#624,.F.);
#268=ORIENTED_EDGE('',*,*,#618,.T.);
#269=ORIENTED_EDGE('',*,*,#612,.F.);
#270=ORIENTED_EDGE('',*,*,#627,.F.);
#271=ORIENTED_EDGE('',*,*,#628,.F.);
#272=ORIENTED_EDGE('',*,*,#629,.F.);
#273=ORIENTED_EDGE('',*,*,#630,.T.);
#274=ORIENTED_EDGE('',*,*,#625,.F.);
#275=ORIENTED_EDGE('',*,*,#626,.T.);
#276=ORIENTED_EDGE('',*,*,#631,.T.);
#277=ORIENTED_EDGE('',*,*,#621,.F.);
#278=ORIENTED_EDGE('',*,*,#630,.F.);
#279=ORIENTED_EDGE('',*,*,#632,.T.);
#280=ORIENTED_EDGE('',*,*,#633,.T.);
#281=ORIENTED_EDGE('',*,*,#622,.F.);
#282=ORIENTED_EDGE('',*,*,#631,.F.);
#283=ORIENTED_EDGE('',*,*,#634,.T.);
#284=ORIENTED_EDGE('',*,*,#635,.F.);
#285=ORIENTED_EDGE('',*,*,#636,.F.);
#286=ORIENTED_EDGE('',*,*,#610,.T.);
#287=ORIENTED_EDGE('',*,*,#617,.T.);
#288=ORIENTED_EDGE('',*,*,#605,.T.);
#289=ORIENTED_EDGE('',*,*,#623,.F.);
#290=ORIENTED_EDGE('',*,*,#633,.F.);
#291=ORIENTED_EDGE('',*,*,#637,.F.);
#292=ORIENTED_EDGE('',*,*,#638,.F.);
#293=ORIENTED_EDGE('',*,*,#639,.T.);
#294=ORIENTED_EDGE('',*,*,#525,.T.);
#295=ORIENTED_EDGE('',*,*,#640,.F.);
#296=ORIENTED_EDGE('',*,*,#641,.F.);
#297=ORIENTED_EDGE('',*,*,#642,.T.);
#298=ORIENTED_EDGE('',*,*,#627,.T.);
#299=ORIENTED_EDGE('',*,*,#614,.T.);
#300=ORIENTED_EDGE('',*,*,#611,.T.);
#301=ORIENTED_EDGE('',*,*,#636,.T.);
#302=ORIENTED_EDGE('',*,*,#643,.F.);
#303=ORIENTED_EDGE('',*,*,#644,.T.);
#304=ORIENTED_EDGE('',*,*,#645,.F.);
#305=ORIENTED_EDGE('',*,*,#646,.F.);
#306=ORIENTED_EDGE('',*,*,#647,.T.);
#307=ORIENTED_EDGE('',*,*,#648,.T.);
#308=ORIENTED_EDGE('',*,*,#649,.F.);
#309=ORIENTED_EDGE('',*,*,#650,.F.);
#310=ORIENTED_EDGE('',*,*,#649,.T.);
#311=ORIENTED_EDGE('',*,*,#651,.T.);
#312=ORIENTED_EDGE('',*,*,#652,.F.);
#313=ORIENTED_EDGE('',*,*,#653,.F.);
#314=ORIENTED_EDGE('',*,*,#654,.F.);
#315=ORIENTED_EDGE('',*,*,#655,.T.);
#316=ORIENTED_EDGE('',*,*,#656,.T.);
#317=ORIENTED_EDGE('',*,*,#657,.F.);
#318=ORIENTED_EDGE('',*,*,#658,.F.);
#319=ORIENTED_EDGE('',*,*,#659,.T.);
#320=ORIENTED_EDGE('',*,*,#660,.F.);
#321=ORIENTED_EDGE('',*,*,#661,.F.);
#322=ORIENTED_EDGE('',*,*,#662,.T.);
#323=ORIENTED_EDGE('',*,*,#663,.T.);
#324=ORIENTED_EDGE('',*,*,#664,.F.);
#325=ORIENTED_EDGE('',*,*,#665,.F.);
#326=ORIENTED_EDGE('',*,*,#666,.T.);
#327=ORIENTED_EDGE('',*,*,#656,.F.);
#328=ORIENTED_EDGE('',*,*,#667,.T.);
#329=ORIENTED_EDGE('',*,*,#668,.F.);
#330=ORIENTED_EDGE('',*,*,#669,.F.);
#331=ORIENTED_EDGE('',*,*,#660,.T.);
#332=ORIENTED_EDGE('',*,*,#670,.T.);
#333=ORIENTED_EDGE('',*,*,#671,.T.);
#334=ORIENTED_EDGE('',*,*,#672,.T.);
#335=ORIENTED_EDGE('',*,*,#673,.F.);
#336=ORIENTED_EDGE('',*,*,#650,.T.);
#337=ORIENTED_EDGE('',*,*,#653,.T.);
#338=ORIENTED_EDGE('',*,*,#674,.F.);
#339=ORIENTED_EDGE('',*,*,#675,.T.);
#340=ORIENTED_EDGE('',*,*,#676,.F.);
#341=ORIENTED_EDGE('',*,*,#677,.T.);
#342=ORIENTED_EDGE('',*,*,#678,.F.);
#343=ORIENTED_EDGE('',*,*,#679,.F.);
#344=ORIENTED_EDGE('',*,*,#680,.F.);
#345=ORIENTED_EDGE('',*,*,#668,.T.);
#346=ORIENTED_EDGE('',*,*,#681,.T.);
#347=ORIENTED_EDGE('',*,*,#671,.F.);
#348=ORIENTED_EDGE('',*,*,#682,.T.);
#349=ORIENTED_EDGE('',*,*,#683,.F.);
#350=ORIENTED_EDGE('',*,*,#644,.F.);
#351=ORIENTED_EDGE('',*,*,#684,.F.);
#352=ORIENTED_EDGE('',*,*,#685,.T.);
#353=ORIENTED_EDGE('',*,*,#686,.T.);
#354=ORIENTED_EDGE('',*,*,#677,.F.);
#355=ORIENTED_EDGE('',*,*,#687,.F.);
#356=ORIENTED_EDGE('',*,*,#688,.T.);
#357=ORIENTED_EDGE('',*,*,#689,.T.);
#358=ORIENTED_EDGE('',*,*,#645,.T.);
#359=ORIENTED_EDGE('',*,*,#686,.F.);
#360=ORIENTED_EDGE('',*,*,#690,.F.);
#361=ORIENTED_EDGE('',*,*,#691,.T.);
#362=ORIENTED_EDGE('',*,*,#678,.T.);
#363=ORIENTED_EDGE('',*,*,#689,.F.);
#364=ORIENTED_EDGE('',*,*,#692,.F.);
#365=ORIENTED_EDGE('',*,*,#693,.T.);
#366=ORIENTED_EDGE('',*,*,#694,.F.);
#367=ORIENTED_EDGE('',*,*,#695,.T.);
#368=ORIENTED_EDGE('',*,*,#646,.T.);
#369=ORIENTED_EDGE('',*,*,#691,.F.);
#370=ORIENTED_EDGE('',*,*,#696,.F.);
#371=ORIENTED_EDGE('',*,*,#697,.T.);
#372=ORIENTED_EDGE('',*,*,#679,.T.);
#373=ORIENTED_EDGE('',*,*,#693,.F.);
#374=ORIENTED_EDGE('',*,*,#692,.T.);
#375=ORIENTED_EDGE('',*,*,#688,.F.);
#376=ORIENTED_EDGE('',*,*,#698,.F.);
#377=ORIENTED_EDGE('',*,*,#637,.T.);
#378=ORIENTED_EDGE('',*,*,#634,.F.);
#379=ORIENTED_EDGE('',*,*,#632,.F.);
#380=ORIENTED_EDGE('',*,*,#629,.T.);
#381=ORIENTED_EDGE('',*,*,#699,.F.);
#382=ORIENTED_EDGE('',*,*,#700,.T.);
#383=ORIENTED_EDGE('',*,*,#701,.T.);
#384=ORIENTED_EDGE('',*,*,#527,.F.);
#385=ORIENTED_EDGE('',*,*,#702,.F.);
#386=ORIENTED_EDGE('',*,*,#703,.F.);
#387=ORIENTED_EDGE('',*,*,#696,.T.);
#388=ORIENTED_EDGE('',*,*,#640,.T.);
#389=ORIENTED_EDGE('',*,*,#528,.F.);
#390=ORIENTED_EDGE('',*,*,#701,.F.);
#391=ORIENTED_EDGE('',*,*,#704,.T.);
#392=ORIENTED_EDGE('',*,*,#700,.F.);
#393=ORIENTED_EDGE('',*,*,#705,.T.);
#394=ORIENTED_EDGE('',*,*,#641,.T.);
#395=ORIENTED_EDGE('',*,*,#704,.F.);
#396=ORIENTED_EDGE('',*,*,#706,.F.);
#397=ORIENTED_EDGE('',*,*,#518,.F.);
#398=ORIENTED_EDGE('',*,*,#522,.F.);
#399=ORIENTED_EDGE('',*,*,#707,.F.);
#400=ORIENTED_EDGE('',*,*,#682,.F.);
#401=ORIENTED_EDGE('',*,*,#670,.F.);
#402=ORIENTED_EDGE('',*,*,#708,.F.);
#403=ORIENTED_EDGE('',*,*,#709,.F.);
#404=ORIENTED_EDGE('',*,*,#710,.F.);
#405=ORIENTED_EDGE('',*,*,#702,.T.);
#406=ORIENTED_EDGE('',*,*,#526,.T.);
#407=ORIENTED_EDGE('',*,*,#639,.F.);
#408=ORIENTED_EDGE('',*,*,#711,.F.);
#409=ORIENTED_EDGE('',*,*,#654,.T.);
#410=ORIENTED_EDGE('',*,*,#712,.F.);
#411=ORIENTED_EDGE('',*,*,#662,.F.);
#412=ORIENTED_EDGE('',*,*,#699,.T.);
#413=ORIENTED_EDGE('',*,*,#628,.T.);
#414=ORIENTED_EDGE('',*,*,#642,.F.);
#415=ORIENTED_EDGE('',*,*,#705,.F.);
#416=ORIENTED_EDGE('',*,*,#499,.T.);
#417=ORIENTED_EDGE('',*,*,#496,.T.);
#418=ORIENTED_EDGE('',*,*,#503,.T.);
#419=ORIENTED_EDGE('',*,*,#505,.T.);
#420=ORIENTED_EDGE('',*,*,#515,.F.);
#421=ORIENTED_EDGE('',*,*,#513,.F.);
#422=ORIENTED_EDGE('',*,*,#510,.F.);
#423=ORIENTED_EDGE('',*,*,#517,.F.);
#424=ORIENTED_EDGE('',*,*,#647,.F.);
#425=ORIENTED_EDGE('',*,*,#683,.T.);
#426=ORIENTED_EDGE('',*,*,#709,.T.);
#427=ORIENTED_EDGE('',*,*,#713,.T.);
#428=ORIENTED_EDGE('',*,*,#714,.T.);
#429=ORIENTED_EDGE('',*,*,#663,.F.);
#430=ORIENTED_EDGE('',*,*,#712,.T.);
#431=ORIENTED_EDGE('',*,*,#658,.T.);
#432=ORIENTED_EDGE('',*,*,#715,.T.);
#433=ORIENTED_EDGE('',*,*,#519,.F.);
#434=ORIENTED_EDGE('',*,*,#706,.T.);
#435=ORIENTED_EDGE('',*,*,#716,.T.);
#436=ORIENTED_EDGE('',*,*,#708,.T.);
#437=ORIENTED_EDGE('',*,*,#673,.T.);
#438=ORIENTED_EDGE('',*,*,#717,.F.);
#439=ORIENTED_EDGE('',*,*,#713,.F.);
#440=ORIENTED_EDGE('',*,*,#520,.F.);
#441=ORIENTED_EDGE('',*,*,#715,.F.);
#442=ORIENTED_EDGE('',*,*,#657,.T.);
#443=ORIENTED_EDGE('',*,*,#666,.F.);
#444=ORIENTED_EDGE('',*,*,#718,.T.);
#445=ORIENTED_EDGE('',*,*,#523,.T.);
#446=ORIENTED_EDGE('',*,*,#672,.F.);
#447=ORIENTED_EDGE('',*,*,#681,.F.);
#448=ORIENTED_EDGE('',*,*,#667,.F.);
#449=ORIENTED_EDGE('',*,*,#659,.F.);
#450=ORIENTED_EDGE('',*,*,#714,.F.);
#451=ORIENTED_EDGE('',*,*,#717,.T.);
#452=ORIENTED_EDGE('',*,*,#665,.T.);
#453=ORIENTED_EDGE('',*,*,#719,.F.);
#454=ORIENTED_EDGE('',*,*,#694,.T.);
#455=ORIENTED_EDGE('',*,*,#690,.T.);
#456=ORIENTED_EDGE('',*,*,#685,.F.);
#457=ORIENTED_EDGE('',*,*,#720,.F.);
#458=ORIENTED_EDGE('',*,*,#721,.T.);
#459=ORIENTED_EDGE('',*,*,#722,.F.);
#460=ORIENTED_EDGE('',*,*,#651,.F.);
#461=ORIENTED_EDGE('',*,*,#648,.F.);
#462=ORIENTED_EDGE('',*,*,#716,.F.);
#463=ORIENTED_EDGE('',*,*,#707,.T.);
#464=ORIENTED_EDGE('',*,*,#524,.T.);
#465=ORIENTED_EDGE('',*,*,#718,.F.);
#466=ORIENTED_EDGE('',*,*,#674,.T.);
#467=ORIENTED_EDGE('',*,*,#652,.T.);
#468=ORIENTED_EDGE('',*,*,#722,.T.);
#469=ORIENTED_EDGE('',*,*,#723,.F.);
#470=ORIENTED_EDGE('',*,*,#721,.F.);
#471=ORIENTED_EDGE('',*,*,#724,.F.);
#472=ORIENTED_EDGE('',*,*,#675,.F.);
#473=ORIENTED_EDGE('',*,*,#723,.T.);
#474=ORIENTED_EDGE('',*,*,#711,.T.);
#475=ORIENTED_EDGE('',*,*,#638,.T.);
#476=ORIENTED_EDGE('',*,*,#695,.F.);
#477=ORIENTED_EDGE('',*,*,#719,.T.);
#478=ORIENTED_EDGE('',*,*,#664,.T.);
#479=ORIENTED_EDGE('',*,*,#655,.F.);
#480=ORIENTED_EDGE('',*,*,#669,.T.);
#481=ORIENTED_EDGE('',*,*,#680,.T.);
#482=ORIENTED_EDGE('',*,*,#697,.F.);
#483=ORIENTED_EDGE('',*,*,#703,.T.);
#484=ORIENTED_EDGE('',*,*,#710,.T.);
#485=ORIENTED_EDGE('',*,*,#661,.T.);
#486=ORIENTED_EDGE('',*,*,#720,.T.);
#487=ORIENTED_EDGE('',*,*,#684,.T.);
#488=ORIENTED_EDGE('',*,*,#643,.T.);
#489=ORIENTED_EDGE('',*,*,#635,.T.);
#490=ORIENTED_EDGE('',*,*,#698,.T.);
#491=ORIENTED_EDGE('',*,*,#687,.T.);
#492=ORIENTED_EDGE('',*,*,#676,.T.);
#493=ORIENTED_EDGE('',*,*,#724,.T.);
#494=EDGE_CURVE('',#725,#726,#879,.T.);
#495=EDGE_CURVE('',#727,#726,#880,.T.);
#496=EDGE_CURVE('',#728,#727,#881,.T.);
#497=EDGE_CURVE('',#728,#725,#882,.T.);
#498=EDGE_CURVE('',#729,#725,#883,.T.);
#499=EDGE_CURVE('',#730,#728,#884,.T.);
#500=EDGE_CURVE('',#730,#729,#885,.T.);
#501=EDGE_CURVE('',#726,#731,#886,.T.);
#502=EDGE_CURVE('',#731,#729,#887,.T.);
#503=EDGE_CURVE('',#727,#732,#888,.T.);
#504=EDGE_CURVE('',#732,#731,#889,.T.);
#505=EDGE_CURVE('',#732,#730,#890,.T.);
#506=EDGE_CURVE('',#733,#734,#891,.T.);
#507=EDGE_CURVE('',#734,#735,#892,.T.);
#508=EDGE_CURVE('',#735,#736,#893,.T.);
#509=EDGE_CURVE('',#736,#733,#894,.T.);
#510=EDGE_CURVE('',#737,#738,#895,.T.);
#511=EDGE_CURVE('',#738,#734,#896,.T.);
#512=EDGE_CURVE('',#737,#733,#897,.T.);
#513=EDGE_CURVE('',#738,#739,#898,.T.);
#514=EDGE_CURVE('',#739,#735,#899,.T.);
#515=EDGE_CURVE('',#739,#740,#900,.T.);
#516=EDGE_CURVE('',#740,#736,#901,.T.);
#517=EDGE_CURVE('',#740,#737,#902,.T.);
#518=EDGE_CURVE('',#741,#742,#903,.T.);
#519=EDGE_CURVE('',#742,#743,#904,.T.);
#520=EDGE_CURVE('',#743,#744,#905,.T.);
#521=EDGE_CURVE('',#741,#744,#906,.T.);
#522=EDGE_CURVE('',#745,#741,#907,.T.);
#523=EDGE_CURVE('',#746,#744,#908,.T.);
#524=EDGE_CURVE('',#745,#746,#909,.T.);
#525=EDGE_CURVE('',#747,#748,#910,.T.);
#526=EDGE_CURVE('',#749,#747,#911,.T.);
#527=EDGE_CURVE('',#749,#750,#912,.T.);
#528=EDGE_CURVE('',#750,#748,#913,.T.);
#529=EDGE_CURVE('',#751,#752,#914,.T.);
#530=EDGE_CURVE('',#753,#752,#20,.T.);
#531=EDGE_CURVE('',#754,#753,#915,.T.);
#532=EDGE_CURVE('',#754,#751,#21,.T.);
#533=EDGE_CURVE('',#755,#756,#916,.T.);
#534=EDGE_CURVE('',#752,#756,#917,.T.);
#535=EDGE_CURVE('',#751,#755,#918,.T.);
#536=EDGE_CURVE('',#757,#758,#919,.T.);
#537=EDGE_CURVE('',#756,#758,#920,.T.);
#538=EDGE_CURVE('',#755,#757,#921,.T.);
#539=EDGE_CURVE('',#759,#760,#922,.T.);
#540=EDGE_CURVE('',#758,#760,#923,.T.);
#541=EDGE_CURVE('',#757,#759,#924,.T.);
#542=EDGE_CURVE('',#761,#762,#925,.T.);
#543=EDGE_CURVE('',#760,#762,#926,.T.);
#544=EDGE_CURVE('',#759,#761,#927,.T.);
#545=EDGE_CURVE('',#763,#764,#928,.T.);
#546=EDGE_CURVE('',#762,#764,#929,.T.);
#547=EDGE_CURVE('',#761,#763,#930,.T.);
#548=EDGE_CURVE('',#765,#766,#931,.T.);
#549=EDGE_CURVE('',#764,#766,#932,.T.);
#550=EDGE_CURVE('',#763,#765,#933,.T.);
#551=EDGE_CURVE('',#767,#768,#934,.T.);
#552=EDGE_CURVE('',#766,#768,#935,.T.);
#553=EDGE_CURVE('',#765,#767,#936,.T.);
#554=EDGE_CURVE('',#769,#770,#937,.T.);
#555=EDGE_CURVE('',#768,#770,#22,.T.);
#556=EDGE_CURVE('',#767,#769,#23,.T.);
#557=EDGE_CURVE('',#771,#772,#938,.T.);
#558=EDGE_CURVE('',#770,#771,#939,.T.);
#559=EDGE_CURVE('',#769,#772,#940,.T.);
#560=EDGE_CURVE('',#771,#773,#941,.T.);
#561=EDGE_CURVE('',#773,#753,#942,.T.);
#562=EDGE_CURVE('',#773,#774,#943,.T.);
#563=EDGE_CURVE('',#774,#754,#944,.T.);
#564=EDGE_CURVE('',#772,#774,#945,.T.);
#565=EDGE_CURVE('',#775,#776,#946,.T.);
#566=EDGE_CURVE('',#777,#775,#947,.T.);
#567=EDGE_CURVE('',#778,#777,#24,.T.);
#568=EDGE_CURVE('',#779,#778,#948,.T.);
#569=EDGE_CURVE('',#779,#780,#949,.T.);
#570=EDGE_CURVE('',#780,#781,#950,.T.);
#571=EDGE_CURVE('',#781,#782,#951,.T.);
#572=EDGE_CURVE('',#782,#783,#952,.T.);
#573=EDGE_CURVE('',#783,#784,#953,.T.);
#574=EDGE_CURVE('',#784,#785,#954,.T.);
#575=EDGE_CURVE('',#786,#785,#25,.T.);
#576=EDGE_CURVE('',#786,#776,#955,.T.);
#577=EDGE_CURVE('',#787,#777,#956,.T.);
#578=EDGE_CURVE('',#775,#788,#957,.T.);
#579=EDGE_CURVE('',#787,#788,#958,.T.);
#580=EDGE_CURVE('',#789,#778,#959,.T.);
#581=EDGE_CURVE('',#789,#787,#26,.T.);
#582=EDGE_CURVE('',#790,#779,#960,.T.);
#583=EDGE_CURVE('',#790,#789,#961,.T.);
#584=EDGE_CURVE('',#780,#791,#962,.T.);
#585=EDGE_CURVE('',#790,#791,#963,.T.);
#586=EDGE_CURVE('',#781,#792,#964,.T.);
#587=EDGE_CURVE('',#791,#792,#965,.T.);
#588=EDGE_CURVE('',#782,#793,#966,.T.);
#589=EDGE_CURVE('',#792,#793,#967,.T.);
#590=EDGE_CURVE('',#783,#794,#968,.T.);
#591=EDGE_CURVE('',#793,#794,#969,.T.);
#592=EDGE_CURVE('',#784,#795,#970,.T.);
#593=EDGE_CURVE('',#794,#795,#971,.T.);
#594=EDGE_CURVE('',#796,#785,#972,.T.);
#595=EDGE_CURVE('',#795,#796,#973,.T.);
#596=EDGE_CURVE('',#797,#786,#974,.T.);
#597=EDGE_CURVE('',#797,#796,#27,.T.);
#598=EDGE_CURVE('',#776,#798,#975,.T.);
#599=EDGE_CURVE('',#797,#798,#976,.T.);
#600=EDGE_CURVE('',#788,#798,#977,.T.);
#601=EDGE_CURVE('',#799,#800,#978,.T.);
#602=EDGE_CURVE('',#800,#801,#979,.T.);
#603=EDGE_CURVE('',#802,#801,#980,.T.);
#604=EDGE_CURVE('',#799,#802,#981,.T.);
#605=EDGE_CURVE('',#803,#804,#982,.T.);
#606=EDGE_CURVE('',#803,#800,#983,.T.);
#607=EDGE_CURVE('',#804,#799,#984,.T.);
#608=EDGE_CURVE('',#805,#806,#985,.T.);
#609=EDGE_CURVE('',#806,#807,#986,.T.);
#610=EDGE_CURVE('',#808,#807,#987,.T.);
#611=EDGE_CURVE('',#805,#808,#988,.T.);
#612=EDGE_CURVE('',#809,#810,#989,.T.);
#613=EDGE_CURVE('',#810,#806,#990,.T.);
#614=EDGE_CURVE('',#809,#805,#991,.T.);
#615=EDGE_CURVE('',#811,#812,#992,.T.);
#616=EDGE_CURVE('',#801,#811,#993,.T.);
#617=EDGE_CURVE('',#807,#803,#994,.T.);
#618=EDGE_CURVE('',#812,#810,#995,.T.);
#619=EDGE_CURVE('',#813,#811,#996,.T.);
#620=EDGE_CURVE('',#802,#813,#997,.T.);
#621=EDGE_CURVE('',#814,#815,#998,.T.);
#622=EDGE_CURVE('',#815,#816,#999,.T.);
#623=EDGE_CURVE('',#816,#804,#1000,.T.);
#624=EDGE_CURVE('',#813,#817,#1001,.T.);
#625=EDGE_CURVE('',#817,#814,#1002,.T.);
#626=EDGE_CURVE('',#817,#812,#1003,.T.);
#627=EDGE_CURVE('',#818,#809,#1004,.T.);
#628=EDGE_CURVE('',#819,#818,#1005,.T.);
#629=EDGE_CURVE('',#820,#819,#1006,.T.);
#630=EDGE_CURVE('',#820,#814,#1007,.T.);
#631=EDGE_CURVE('',#821,#815,#1008,.T.);
#632=EDGE_CURVE('',#820,#821,#1009,.T.);
#633=EDGE_CURVE('',#822,#816,#1010,.T.);
#634=EDGE_CURVE('',#821,#822,#1011,.T.);
#635=EDGE_CURVE('',#823,#824,#1012,.T.);
#636=EDGE_CURVE('',#808,#823,#1013,.T.);
#637=EDGE_CURVE('',#824,#822,#1014,.T.);
#638=EDGE_CURVE('',#825,#826,#1015,.T.);
#639=EDGE_CURVE('',#825,#747,#1016,.T.);
#640=EDGE_CURVE('',#827,#748,#1017,.T.);
#641=EDGE_CURVE('',#828,#827,#1018,.T.);
#642=EDGE_CURVE('',#828,#818,#1019,.T.);
#643=EDGE_CURVE('',#829,#823,#1020,.T.);
#644=EDGE_CURVE('',#829,#830,#1021,.T.);
#645=EDGE_CURVE('',#831,#830,#1022,.T.);
#646=EDGE_CURVE('',#826,#831,#1023,.T.);
#647=EDGE_CURVE('',#832,#833,#1024,.T.);
#648=EDGE_CURVE('',#833,#834,#1025,.T.);
#649=EDGE_CURVE('',#835,#834,#1026,.T.);
#650=EDGE_CURVE('',#832,#835,#1027,.T.);
#651=EDGE_CURVE('',#834,#836,#1028,.T.);
#652=EDGE_CURVE('',#837,#836,#1029,.T.);
#653=EDGE_CURVE('',#835,#837,#1030,.T.);
#654=EDGE_CURVE('',#838,#839,#1031,.T.);
#655=EDGE_CURVE('',#838,#840,#1032,.T.);
#656=EDGE_CURVE('',#840,#841,#1033,.T.);
#657=EDGE_CURVE('',#842,#841,#1034,.T.);
#658=EDGE_CURVE('',#839,#842,#1035,.T.);
#659=EDGE_CURVE('',#843,#844,#1036,.T.);
#660=EDGE_CURVE('',#845,#844,#1037,.T.);
#661=EDGE_CURVE('',#846,#845,#1038,.T.);
#662=EDGE_CURVE('',#846,#847,#1039,.T.);
#663=EDGE_CURVE('',#847,#843,#1040,.T.);
#664=EDGE_CURVE('',#848,#840,#1041,.T.);
#665=EDGE_CURVE('',#849,#848,#1042,.T.);
#666=EDGE_CURVE('',#849,#841,#1043,.T.);
#667=EDGE_CURVE('',#844,#850,#1044,.T.);
#668=EDGE_CURVE('',#851,#850,#1045,.T.);
#669=EDGE_CURVE('',#845,#851,#1046,.T.);
#670=EDGE_CURVE('',#852,#853,#1047,.T.);
#671=EDGE_CURVE('',#853,#854,#1048,.T.);
#672=EDGE_CURVE('',#854,#855,#1049,.T.);
#673=EDGE_CURVE('',#852,#855,#1050,.T.);
#674=EDGE_CURVE('',#856,#837,#1051,.T.);
#675=EDGE_CURVE('',#856,#857,#1052,.T.);
#676=EDGE_CURVE('',#858,#857,#1053,.T.);
#677=EDGE_CURVE('',#858,#859,#1054,.T.);
#678=EDGE_CURVE('',#860,#859,#1055,.T.);
#679=EDGE_CURVE('',#861,#860,#1056,.T.);
#680=EDGE_CURVE('',#851,#861,#1057,.T.);
#681=EDGE_CURVE('',#850,#854,#1058,.T.);
#682=EDGE_CURVE('',#853,#862,#1059,.T.);
#683=EDGE_CURVE('',#832,#862,#1060,.T.);
#684=EDGE_CURVE('',#863,#829,#1061,.T.);
#685=EDGE_CURVE('',#863,#864,#1062,.T.);
#686=EDGE_CURVE('',#864,#830,#1063,.T.);
#687=EDGE_CURVE('',#865,#858,#1064,.T.);
#688=EDGE_CURVE('',#865,#866,#1065,.T.);
#689=EDGE_CURVE('',#866,#859,#1066,.T.);
#690=EDGE_CURVE('',#867,#864,#1067,.T.);
#691=EDGE_CURVE('',#867,#831,#1068,.T.);
#692=EDGE_CURVE('',#868,#866,#1069,.T.);
#693=EDGE_CURVE('',#868,#860,#1070,.T.);
#694=EDGE_CURVE('',#869,#867,#1071,.T.);
#695=EDGE_CURVE('',#869,#826,#1072,.T.);
#696=EDGE_CURVE('',#870,#868,#1073,.T.);
#697=EDGE_CURVE('',#870,#861,#1074,.T.);
#698=EDGE_CURVE('',#824,#865,#1075,.T.);
#699=EDGE_CURVE('',#871,#819,#1076,.T.);
#700=EDGE_CURVE('',#871,#872,#1077,.T.);
#701=EDGE_CURVE('',#872,#750,#1078,.T.);
#702=EDGE_CURVE('',#873,#749,#1079,.T.);
#703=EDGE_CURVE('',#870,#873,#1080,.T.);
#704=EDGE_CURVE('',#872,#827,#1081,.T.);
#705=EDGE_CURVE('',#871,#828,#1082,.T.);
#706=EDGE_CURVE('',#742,#874,#1083,.T.);
#707=EDGE_CURVE('',#874,#745,#1084,.T.);
#708=EDGE_CURVE('',#875,#852,#1085,.T.);
#709=EDGE_CURVE('',#862,#875,#1086,.T.);
#710=EDGE_CURVE('',#873,#846,#1087,.T.);
#711=EDGE_CURVE('',#838,#825,#1088,.T.);
#712=EDGE_CURVE('',#847,#839,#1089,.T.);
#713=EDGE_CURVE('',#875,#876,#1090,.T.);
#714=EDGE_CURVE('',#876,#843,#1091,.T.);
#715=EDGE_CURVE('',#842,#743,#1092,.T.);
#716=EDGE_CURVE('',#874,#833,#1093,.T.);
#717=EDGE_CURVE('',#876,#855,#1094,.T.);
#718=EDGE_CURVE('',#849,#746,#1095,.T.);
#719=EDGE_CURVE('',#869,#848,#1096,.T.);
#720=EDGE_CURVE('',#877,#863,#1097,.T.);
#721=EDGE_CURVE('',#877,#878,#1098,.T.);
#722=EDGE_CURVE('',#836,#878,#1099,.T.);
#723=EDGE_CURVE('',#856,#878,#1100,.T.);
#724=EDGE_CURVE('',#857,#877,#1101,.T.);
#725=VERTEX_POINT('',#2418);
#726=VERTEX_POINT('',#2419);
#727=VERTEX_POINT('',#2421);
#728=VERTEX_POINT('',#2423);
#729=VERTEX_POINT('',#2427);
#730=VERTEX_POINT('',#2429);
#731=VERTEX_POINT('',#2433);
#732=VERTEX_POINT('',#2437);
#733=VERTEX_POINT('',#2443);
#734=VERTEX_POINT('',#2444);
#735=VERTEX_POINT('',#2446);
#736=VERTEX_POINT('',#2448);
#737=VERTEX_POINT('',#2452);
#738=VERTEX_POINT('',#2453);
#739=VERTEX_POINT('',#2458);
#740=VERTEX_POINT('',#2462);
#741=VERTEX_POINT('',#2468);
#742=VERTEX_POINT('',#2469);
#743=VERTEX_POINT('',#2471);
#744=VERTEX_POINT('',#2473);
#745=VERTEX_POINT('',#2477);
#746=VERTEX_POINT('',#2479);
#747=VERTEX_POINT('',#2483);
#748=VERTEX_POINT('',#2484);
#749=VERTEX_POINT('',#2486);
#750=VERTEX_POINT('',#2488);
#751=VERTEX_POINT('',#2492);
#752=VERTEX_POINT('',#2493);
#753=VERTEX_POINT('',#2495);
#754=VERTEX_POINT('',#2497);
#755=VERTEX_POINT('',#2501);
#756=VERTEX_POINT('',#2502);
#757=VERTEX_POINT('',#2507);
#758=VERTEX_POINT('',#2508);
#759=VERTEX_POINT('',#2513);
#760=VERTEX_POINT('',#2514);
#761=VERTEX_POINT('',#2519);
#762=VERTEX_POINT('',#2520);
#763=VERTEX_POINT('',#2525);
#764=VERTEX_POINT('',#2526);
#765=VERTEX_POINT('',#2531);
#766=VERTEX_POINT('',#2532);
#767=VERTEX_POINT('',#2537);
#768=VERTEX_POINT('',#2538);
#769=VERTEX_POINT('',#2543);
#770=VERTEX_POINT('',#2544);
#771=VERTEX_POINT('',#2549);
#772=VERTEX_POINT('',#2550);
#773=VERTEX_POINT('',#2555);
#774=VERTEX_POINT('',#2559);
#775=VERTEX_POINT('',#2565);
#776=VERTEX_POINT('',#2566);
#777=VERTEX_POINT('',#2568);
#778=VERTEX_POINT('',#2570);
#779=VERTEX_POINT('',#2572);
#780=VERTEX_POINT('',#2574);
#781=VERTEX_POINT('',#2576);
#782=VERTEX_POINT('',#2578);
#783=VERTEX_POINT('',#2580);
#784=VERTEX_POINT('',#2582);
#785=VERTEX_POINT('',#2584);
#786=VERTEX_POINT('',#2586);
#787=VERTEX_POINT('',#2590);
#788=VERTEX_POINT('',#2592);
#789=VERTEX_POINT('',#2596);
#790=VERTEX_POINT('',#2600);
#791=VERTEX_POINT('',#2604);
#792=VERTEX_POINT('',#2608);
#793=VERTEX_POINT('',#2612);
#794=VERTEX_POINT('',#2616);
#795=VERTEX_POINT('',#2620);
#796=VERTEX_POINT('',#2624);
#797=VERTEX_POINT('',#2628);
#798=VERTEX_POINT('',#2632);
#799=VERTEX_POINT('',#2638);
#800=VERTEX_POINT('',#2639);
#801=VERTEX_POINT('',#2641);
#802=VERTEX_POINT('',#2643);
#803=VERTEX_POINT('',#2647);
#804=VERTEX_POINT('',#2648);
#805=VERTEX_POINT('',#2653);
#806=VERTEX_POINT('',#2654);
#807=VERTEX_POINT('',#2656);
#808=VERTEX_POINT('',#2658);
#809=VERTEX_POINT('',#2662);
#810=VERTEX_POINT('',#2663);
#811=VERTEX_POINT('',#2668);
#812=VERTEX_POINT('',#2669);
#813=VERTEX_POINT('',#2675);
#814=VERTEX_POINT('',#2679);
#815=VERTEX_POINT('',#2680);
#816=VERTEX_POINT('',#2682);
#817=VERTEX_POINT('',#2685);
#818=VERTEX_POINT('',#2691);
#819=VERTEX_POINT('',#2693);
#820=VERTEX_POINT('',#2695);
#821=VERTEX_POINT('',#2699);
#822=VERTEX_POINT('',#2703);
#823=VERTEX_POINT('',#2707);
#824=VERTEX_POINT('',#2708);
#825=VERTEX_POINT('',#2713);
#826=VERTEX_POINT('',#2714);
#827=VERTEX_POINT('',#2717);
#828=VERTEX_POINT('',#2719);
#829=VERTEX_POINT('',#2722);
#830=VERTEX_POINT('',#2724);
#831=VERTEX_POINT('',#2726);
#832=VERTEX_POINT('',#2730);
#833=VERTEX_POINT('',#2731);
#834=VERTEX_POINT('',#2733);
#835=VERTEX_POINT('',#2735);
#836=VERTEX_POINT('',#2739);
#837=VERTEX_POINT('',#2741);
#838=VERTEX_POINT('',#2745);
#839=VERTEX_POINT('',#2746);
#840=VERTEX_POINT('',#2748);
#841=VERTEX_POINT('',#2750);
#842=VERTEX_POINT('',#2752);
#843=VERTEX_POINT('',#2756);
#844=VERTEX_POINT('',#2757);
#845=VERTEX_POINT('',#2759);
#846=VERTEX_POINT('',#2761);
#847=VERTEX_POINT('',#2763);
#848=VERTEX_POINT('',#2767);
#849=VERTEX_POINT('',#2769);
#850=VERTEX_POINT('',#2773);
#851=VERTEX_POINT('',#2775);
#852=VERTEX_POINT('',#2779);
#853=VERTEX_POINT('',#2780);
#854=VERTEX_POINT('',#2782);
#855=VERTEX_POINT('',#2784);
#856=VERTEX_POINT('',#2788);
#857=VERTEX_POINT('',#2790);
#858=VERTEX_POINT('',#2792);
#859=VERTEX_POINT('',#2794);
#860=VERTEX_POINT('',#2796);
#861=VERTEX_POINT('',#2798);
#862=VERTEX_POINT('',#2802);
#863=VERTEX_POINT('',#2806);
#864=VERTEX_POINT('',#2808);
#865=VERTEX_POINT('',#2812);
#866=VERTEX_POINT('',#2814);
#867=VERTEX_POINT('',#2818);
#868=VERTEX_POINT('',#2822);
#869=VERTEX_POINT('',#2826);
#870=VERTEX_POINT('',#2830);
#871=VERTEX_POINT('',#2835);
#872=VERTEX_POINT('',#2837);
#873=VERTEX_POINT('',#2840);
#874=VERTEX_POINT('',#2848);
#875=VERTEX_POINT('',#2851);
#876=VERTEX_POINT('',#2859);
#877=VERTEX_POINT('',#2871);
#878=VERTEX_POINT('',#2873);
#879=LINE('',#2417,#1102);
#880=LINE('',#2420,#1103);
#881=LINE('',#2422,#1104);
#882=LINE('',#2424,#1105);
#883=LINE('',#2426,#1106);
#884=LINE('',#2428,#1107);
#885=LINE('',#2430,#1108);
#886=LINE('',#2432,#1109);
#887=LINE('',#2434,#1110);
#888=LINE('',#2436,#1111);
#889=LINE('',#2438,#1112);
#890=LINE('',#2440,#1113);
#891=LINE('',#2442,#1114);
#892=LINE('',#2445,#1115);
#893=LINE('',#2447,#1116);
#894=LINE('',#2449,#1117);
#895=LINE('',#2451,#1118);
#896=LINE('',#2454,#1119);
#897=LINE('',#2455,#1120);
#898=LINE('',#2457,#1121);
#899=LINE('',#2459,#1122);
#900=LINE('',#2461,#1123);
#901=LINE('',#2463,#1124);
#902=LINE('',#2465,#1125);
#903=LINE('',#2467,#1126);
#904=LINE('',#2470,#1127);
#905=LINE('',#2472,#1128);
#906=LINE('',#2474,#1129);
#907=LINE('',#2476,#1130);
#908=LINE('',#2478,#1131);
#909=LINE('',#2480,#1132);
#910=LINE('',#2482,#1133);
#911=LINE('',#2485,#1134);
#912=LINE('',#2487,#1135);
#913=LINE('',#2489,#1136);
#914=LINE('',#2491,#1137);
#915=LINE('',#2496,#1138);
#916=LINE('',#2500,#1139);
#917=LINE('',#2503,#1140);
#918=LINE('',#2504,#1141);
#919=LINE('',#2506,#1142);
#920=LINE('',#2509,#1143);
#921=LINE('',#2510,#1144);
#922=LINE('',#2512,#1145);
#923=LINE('',#2515,#1146);
#924=LINE('',#2516,#1147);
#925=LINE('',#2518,#1148);
#926=LINE('',#2521,#1149);
#927=LINE('',#2522,#1150);
#928=LINE('',#2524,#1151);
#929=LINE('',#2527,#1152);
#930=LINE('',#2528,#1153);
#931=LINE('',#2530,#1154);
#932=LINE('',#2533,#1155);
#933=LINE('',#2534,#1156);
#934=LINE('',#2536,#1157);
#935=LINE('',#2539,#1158);
#936=LINE('',#2540,#1159);
#937=LINE('',#2542,#1160);
#938=LINE('',#2548,#1161);
#939=LINE('',#2551,#1162);
#940=LINE('',#2552,#1163);
#941=LINE('',#2554,#1164);
#942=LINE('',#2556,#1165);
#943=LINE('',#2558,#1166);
#944=LINE('',#2560,#1167);
#945=LINE('',#2562,#1168);
#946=LINE('',#2564,#1169);
#947=LINE('',#2567,#1170);
#948=LINE('',#2571,#1171);
#949=LINE('',#2573,#1172);
#950=LINE('',#2575,#1173);
#951=LINE('',#2577,#1174);
#952=LINE('',#2579,#1175);
#953=LINE('',#2581,#1176);
#954=LINE('',#2583,#1177);
#955=LINE('',#2587,#1178);
#956=LINE('',#2589,#1179);
#957=LINE('',#2591,#1180);
#958=LINE('',#2593,#1181);
#959=LINE('',#2595,#1182);
#960=LINE('',#2599,#1183);
#961=LINE('',#2601,#1184);
#962=LINE('',#2603,#1185);
#963=LINE('',#2605,#1186);
#964=LINE('',#2607,#1187);
#965=LINE('',#2609,#1188);
#966=LINE('',#2611,#1189);
#967=LINE('',#2613,#1190);
#968=LINE('',#2615,#1191);
#969=LINE('',#2617,#1192);
#970=LINE('',#2619,#1193);
#971=LINE('',#2621,#1194);
#972=LINE('',#2623,#1195);
#973=LINE('',#2625,#1196);
#974=LINE('',#2627,#1197);
#975=LINE('',#2631,#1198);
#976=LINE('',#2633,#1199);
#977=LINE('',#2635,#1200);
#978=LINE('',#2637,#1201);
#979=LINE('',#2640,#1202);
#980=LINE('',#2642,#1203);
#981=LINE('',#2644,#1204);
#982=LINE('',#2646,#1205);
#983=LINE('',#2649,#1206);
#984=LINE('',#2650,#1207);
#985=LINE('',#2652,#1208);
#986=LINE('',#2655,#1209);
#987=LINE('',#2657,#1210);
#988=LINE('',#2659,#1211);
#989=LINE('',#2661,#1212);
#990=LINE('',#2664,#1213);
#991=LINE('',#2665,#1214);
#992=LINE('',#2667,#1215);
#993=LINE('',#2670,#1216);
#994=LINE('',#2671,#1217);
#995=LINE('',#2672,#1218);
#996=LINE('',#2674,#1219);
#997=LINE('',#2676,#1220);
#998=LINE('',#2678,#1221);
#999=LINE('',#2681,#1222);
#1000=LINE('',#2683,#1223);
#1001=LINE('',#2684,#1224);
#1002=LINE('',#2686,#1225);
#1003=LINE('',#2688,#1226);
#1004=LINE('',#2690,#1227);
#1005=LINE('',#2692,#1228);
#1006=LINE('',#2694,#1229);
#1007=LINE('',#2696,#1230);
#1008=LINE('',#2698,#1231);
#1009=LINE('',#2700,#1232);
#1010=LINE('',#2702,#1233);
#1011=LINE('',#2704,#1234);
#1012=LINE('',#2706,#1235);
#1013=LINE('',#2709,#1236);
#1014=LINE('',#2710,#1237);
#1015=LINE('',#2712,#1238);
#1016=LINE('',#2715,#1239);
#1017=LINE('',#2716,#1240);
#1018=LINE('',#2718,#1241);
#1019=LINE('',#2720,#1242);
#1020=LINE('',#2721,#1243);
#1021=LINE('',#2723,#1244);
#1022=LINE('',#2725,#1245);
#1023=LINE('',#2727,#1246);
#1024=LINE('',#2729,#1247);
#1025=LINE('',#2732,#1248);
#1026=LINE('',#2734,#1249);
#1027=LINE('',#2736,#1250);
#1028=LINE('',#2738,#1251);
#1029=LINE('',#2740,#1252);
#1030=LINE('',#2742,#1253);
#1031=LINE('',#2744,#1254);
#1032=LINE('',#2747,#1255);
#1033=LINE('',#2749,#1256);
#1034=LINE('',#2751,#1257);
#1035=LINE('',#2753,#1258);
#1036=LINE('',#2755,#1259);
#1037=LINE('',#2758,#1260);
#1038=LINE('',#2760,#1261);
#1039=LINE('',#2762,#1262);
#1040=LINE('',#2764,#1263);
#1041=LINE('',#2766,#1264);
#1042=LINE('',#2768,#1265);
#1043=LINE('',#2770,#1266);
#1044=LINE('',#2772,#1267);
#1045=LINE('',#2774,#1268);
#1046=LINE('',#2776,#1269);
#1047=LINE('',#2778,#1270);
#1048=LINE('',#2781,#1271);
#1049=LINE('',#2783,#1272);
#1050=LINE('',#2785,#1273);
#1051=LINE('',#2787,#1274);
#1052=LINE('',#2789,#1275);
#1053=LINE('',#2791,#1276);
#1054=LINE('',#2793,#1277);
#1055=LINE('',#2795,#1278);
#1056=LINE('',#2797,#1279);
#1057=LINE('',#2799,#1280);
#1058=LINE('',#2800,#1281);
#1059=LINE('',#2801,#1282);
#1060=LINE('',#2803,#1283);
#1061=LINE('',#2805,#1284);
#1062=LINE('',#2807,#1285);
#1063=LINE('',#2809,#1286);
#1064=LINE('',#2811,#1287);
#1065=LINE('',#2813,#1288);
#1066=LINE('',#2815,#1289);
#1067=LINE('',#2817,#1290);
#1068=LINE('',#2819,#1291);
#1069=LINE('',#2821,#1292);
#1070=LINE('',#2823,#1293);
#1071=LINE('',#2825,#1294);
#1072=LINE('',#2827,#1295);
#1073=LINE('',#2829,#1296);
#1074=LINE('',#2831,#1297);
#1075=LINE('',#2833,#1298);
#1076=LINE('',#2834,#1299);
#1077=LINE('',#2836,#1300);
#1078=LINE('',#2838,#1301);
#1079=LINE('',#2839,#1302);
#1080=LINE('',#2841,#1303);
#1081=LINE('',#2843,#1304);
#1082=LINE('',#2845,#1305);
#1083=LINE('',#2847,#1306);
#1084=LINE('',#2849,#1307);
#1085=LINE('',#2850,#1308);
#1086=LINE('',#2852,#1309);
#1087=LINE('',#2853,#1310);
#1088=LINE('',#2854,#1311);
#1089=LINE('',#2855,#1312);
#1090=LINE('',#2858,#1313);
#1091=LINE('',#2860,#1314);
#1092=LINE('',#2861,#1315);
#1093=LINE('',#2862,#1316);
#1094=LINE('',#2864,#1317);
#1095=LINE('',#2866,#1318);
#1096=LINE('',#2869,#1319);
#1097=LINE('',#2870,#1320);
#1098=LINE('',#2872,#1321);
#1099=LINE('',#2874,#1322);
#1100=LINE('',#2876,#1323);
#1101=LINE('',#2878,#1324);
#1102=VECTOR('',#2016,1.);
#1103=VECTOR('',#2017,1.);
#1104=VECTOR('',#2018,1.);
#1105=VECTOR('',#2019,1.);
#1106=VECTOR('',#2022,1.);
#1107=VECTOR('',#2023,1.);
#1108=VECTOR('',#2024,1.);
#1109=VECTOR('',#2027,1.);
#1110=VECTOR('',#2028,1.);
#1111=VECTOR('',#2031,1.);
#1112=VECTOR('',#2032,1.);
#1113=VECTOR('',#2035,1.);
#1114=VECTOR('',#2038,1.);
#1115=VECTOR('',#2039,1.);
#1116=VECTOR('',#2040,1.);
#1117=VECTOR('',#2041,1.);
#1118=VECTOR('',#2044,1.);
#1119=VECTOR('',#2045,1.);
#1120=VECTOR('',#2046,1.);
#1121=VECTOR('',#2049,1.);
#1122=VECTOR('',#2050,1.);
#1123=VECTOR('',#2053,1.);
#1124=VECTOR('',#2054,1.);
#1125=VECTOR('',#2057,1.);
#1126=VECTOR('',#2060,1.);
#1127=VECTOR('',#2061,1.);
#1128=VECTOR('',#2062,1.);
#1129=VECTOR('',#2063,1.);
#1130=VECTOR('',#2066,1.);
#1131=VECTOR('',#2067,1.);
#1132=VECTOR('',#2068,1.);
#1133=VECTOR('',#2071,1.);
#1134=VECTOR('',#2072,1.);
#1135=VECTOR('',#2073,1.);
#1136=VECTOR('',#2074,1.);
#1137=VECTOR('',#2077,1.);
#1138=VECTOR('',#2080,1.);
#1139=VECTOR('',#2085,1.);
#1140=VECTOR('',#2086,1.);
#1141=VECTOR('',#2087,1.);
#1142=VECTOR('',#2090,1.);
#1143=VECTOR('',#2091,1.);
#1144=VECTOR('',#2092,1.);
#1145=VECTOR('',#2095,1.);
#1146=VECTOR('',#2096,1.);
#1147=VECTOR('',#2097,1.);
#1148=VECTOR('',#2100,1.);
#1149=VECTOR('',#2101,1.);
#1150=VECTOR('',#2102,1.);
#1151=VECTOR('',#2105,1.);
#1152=VECTOR('',#2106,1.);
#1153=VECTOR('',#2107,1.);
#1154=VECTOR('',#2110,1.);
#1155=VECTOR('',#2111,1.);
#1156=VECTOR('',#2112,1.);
#1157=VECTOR('',#2115,1.);
#1158=VECTOR('',#2116,1.);
#1159=VECTOR('',#2117,1.);
#1160=VECTOR('',#2120,1.);
#1161=VECTOR('',#2127,1.);
#1162=VECTOR('',#2128,1.);
#1163=VECTOR('',#2129,1.);
#1164=VECTOR('',#2132,1.);
#1165=VECTOR('',#2133,1.);
#1166=VECTOR('',#2136,1.);
#1167=VECTOR('',#2137,1.);
#1168=VECTOR('',#2140,1.);
#1169=VECTOR('',#2143,1.);
#1170=VECTOR('',#2144,1.);
#1171=VECTOR('',#2147,1.);
#1172=VECTOR('',#2148,1.);
#1173=VECTOR('',#2149,1.);
#1174=VECTOR('',#2150,1.);
#1175=VECTOR('',#2151,1.);
#1176=VECTOR('',#2152,1.);
#1177=VECTOR('',#2153,1.);
#1178=VECTOR('',#2156,1.);
#1179=VECTOR('',#2159,1.);
#1180=VECTOR('',#2160,1.);
#1181=VECTOR('',#2161,1.);
#1182=VECTOR('',#2164,1.);
#1183=VECTOR('',#2169,1.);
#1184=VECTOR('',#2170,1.);
#1185=VECTOR('',#2173,1.);
#1186=VECTOR('',#2174,1.);
#1187=VECTOR('',#2177,1.);
#1188=VECTOR('',#2178,1.);
#1189=VECTOR('',#2181,1.);
#1190=VECTOR('',#2182,1.);
#1191=VECTOR('',#2185,1.);
#1192=VECTOR('',#2186,1.);
#1193=VECTOR('',#2189,1.);
#1194=VECTOR('',#2190,1.);
#1195=VECTOR('',#2193,1.);
#1196=VECTOR('',#2194,1.);
#1197=VECTOR('',#2197,1.);
#1198=VECTOR('',#2202,1.);
#1199=VECTOR('',#2203,1.);
#1200=VECTOR('',#2206,1.);
#1201=VECTOR('',#2209,1.);
#1202=VECTOR('',#2210,1.);
#1203=VECTOR('',#2211,1.);
#1204=VECTOR('',#2212,1.);
#1205=VECTOR('',#2215,1.);
#1206=VECTOR('',#2216,1.);
#1207=VECTOR('',#2217,1.);
#1208=VECTOR('',#2220,1.);
#1209=VECTOR('',#2221,1.);
#1210=VECTOR('',#2222,1.);
#1211=VECTOR('',#2223,1.);
#1212=VECTOR('',#2226,1.);
#1213=VECTOR('',#2227,1.);
#1214=VECTOR('',#2228,1.);
#1215=VECTOR('',#2231,1.);
#1216=VECTOR('',#2232,1.);
#1217=VECTOR('',#2233,1.);
#1218=VECTOR('',#2234,1.);
#1219=VECTOR('',#2237,1.);
#1220=VECTOR('',#2238,1.);
#1221=VECTOR('',#2241,1.);
#1222=VECTOR('',#2242,1.);
#1223=VECTOR('',#2243,1.);
#1224=VECTOR('',#2244,1.);
#1225=VECTOR('',#2245,1.);
#1226=VECTOR('',#2248,1.);
#1227=VECTOR('',#2251,1.);
#1228=VECTOR('',#2252,1.);
#1229=VECTOR('',#2253,1.);
#1230=VECTOR('',#2254,1.);
#1231=VECTOR('',#2257,1.);
#1232=VECTOR('',#2258,1.);
#1233=VECTOR('',#2261,1.);
#1234=VECTOR('',#2262,1.);
#1235=VECTOR('',#2265,1.);
#1236=VECTOR('',#2266,1.);
#1237=VECTOR('',#2267,1.);
#1238=VECTOR('',#2270,1.);
#1239=VECTOR('',#2271,1.);
#1240=VECTOR('',#2272,1.);
#1241=VECTOR('',#2273,1.);
#1242=VECTOR('',#2274,1.);
#1243=VECTOR('',#2275,1.);
#1244=VECTOR('',#2276,1.);
#1245=VECTOR('',#2277,1.);
#1246=VECTOR('',#2278,1.);
#1247=VECTOR('',#2281,1.);
#1248=VECTOR('',#2282,1.);
#1249=VECTOR('',#2283,1.);
#1250=VECTOR('',#2284,1.);
#1251=VECTOR('',#2287,1.);
#1252=VECTOR('',#2288,1.);
#1253=VECTOR('',#2289,1.);
#1254=VECTOR('',#2292,1.);
#1255=VECTOR('',#2293,1.);
#1256=VECTOR('',#2294,1.);
#1257=VECTOR('',#2295,1.);
#1258=VECTOR('',#2296,1.);
#1259=VECTOR('',#2299,1.);
#1260=VECTOR('',#2300,1.);
#1261=VECTOR('',#2301,1.);
#1262=VECTOR('',#2302,1.);
#1263=VECTOR('',#2303,1.);
#1264=VECTOR('',#2306,1.);
#1265=VECTOR('',#2307,1.);
#1266=VECTOR('',#2308,1.);
#1267=VECTOR('',#2311,1.);
#1268=VECTOR('',#2312,1.);
#1269=VECTOR('',#2313,1.);
#1270=VECTOR('',#2316,1.);
#1271=VECTOR('',#2317,1.);
#1272=VECTOR('',#2318,1.);
#1273=VECTOR('',#2319,1.);
#1274=VECTOR('',#2322,1.);
#1275=VECTOR('',#2323,1.);
#1276=VECTOR('',#2324,1.);
#1277=VECTOR('',#2325,1.);
#1278=VECTOR('',#2326,1.);
#1279=VECTOR('',#2327,1.);
#1280=VECTOR('',#2328,1.);
#1281=VECTOR('',#2329,1.);
#1282=VECTOR('',#2330,1.);
#1283=VECTOR('',#2331,1.);
#1284=VECTOR('',#2334,1.);
#1285=VECTOR('',#2335,1.);
#1286=VECTOR('',#2336,1.);
#1287=VECTOR('',#2339,1.);
#1288=VECTOR('',#2340,1.);
#1289=VECTOR('',#2341,1.);
#1290=VECTOR('',#2344,1.);
#1291=VECTOR('',#2345,1.);
#1292=VECTOR('',#2348,1.);
#1293=VECTOR('',#2349,1.);
#1294=VECTOR('',#2352,1.);
#1295=VECTOR('',#2353,1.);
#1296=VECTOR('',#2356,1.);
#1297=VECTOR('',#2357,1.);
#1298=VECTOR('',#2360,1.);
#1299=VECTOR('',#2361,1.);
#1300=VECTOR('',#2362,1.);
#1301=VECTOR('',#2363,1.);
#1302=VECTOR('',#2364,1.);
#1303=VECTOR('',#2365,1.);
#1304=VECTOR('',#2368,1.);
#1305=VECTOR('',#2371,1.);
#1306=VECTOR('',#2374,1.);
#1307=VECTOR('',#2375,1.);
#1308=VECTOR('',#2376,1.);
#1309=VECTOR('',#2377,1.);
#1310=VECTOR('',#2378,1.);
#1311=VECTOR('',#2379,1.);
#1312=VECTOR('',#2380,1.);
#1313=VECTOR('',#2385,1.);
#1314=VECTOR('',#2386,1.);
#1315=VECTOR('',#2387,1.);
#1316=VECTOR('',#2388,1.);
#1317=VECTOR('',#2391,1.);
#1318=VECTOR('',#2394,1.);
#1319=VECTOR('',#2399,1.);
#1320=VECTOR('',#2400,1.);
#1321=VECTOR('',#2401,1.);
#1322=VECTOR('',#2402,1.);
#1323=VECTOR('',#2405,1.);
#1324=VECTOR('',#2408,1.);
#1325=EDGE_LOOP('',(#32,#33,#34,#35));
#1326=EDGE_LOOP('',(#36,#37,#38,#39));
#1327=EDGE_LOOP('',(#40,#41,#42,#43));
#1328=EDGE_LOOP('',(#44,#45,#46,#47));
#1329=EDGE_LOOP('',(#48,#49,#50,#51));
#1330=EDGE_LOOP('',(#52,#53,#54,#55));
#1331=EDGE_LOOP('',(#56,#57,#58,#59));
#1332=EDGE_LOOP('',(#60,#61,#62,#63));
#1333=EDGE_LOOP('',(#64,#65,#66,#67));
#1334=EDGE_LOOP('',(#68,#69,#70,#71));
#1335=EDGE_LOOP('',(#72,#73,#74,#75));
#1336=EDGE_LOOP('',(#76,#77,#78,#79));
#1337=EDGE_LOOP('',(#80,#81,#82,#83));
#1338=EDGE_LOOP('',(#84,#85,#86,#87));
#1339=EDGE_LOOP('',(#88,#89,#90,#91));
#1340=EDGE_LOOP('',(#92,#93,#94,#95));
#1341=EDGE_LOOP('',(#96,#97,#98,#99));
#1342=EDGE_LOOP('',(#100,#101,#102,#103));
#1343=EDGE_LOOP('',(#104,#105,#106,#107));
#1344=EDGE_LOOP('',(#108,#109,#110,#111));
#1345=EDGE_LOOP('',(#112,#113,#114,#115));
#1346=EDGE_LOOP('',(#116,#117,#118,#119));
#1347=EDGE_LOOP('',(#120,#121,#122,#123));
#1348=EDGE_LOOP('',(#124,#125,#126,#127,#128,#129,#130,#131,#132,#133,#134,
#135));
#1349=EDGE_LOOP('',(#136,#137,#138,#139));
#1350=EDGE_LOOP('',(#140,#141,#142,#143,#144,#145,#146,#147,#148,#149,#150,
#151));
#1351=EDGE_LOOP('',(#152,#153,#154,#155,#156,#157,#158,#159,#160,#161,#162,
#163));
#1352=EDGE_LOOP('',(#164,#165,#166,#167));
#1353=EDGE_LOOP('',(#168,#169,#170,#171));
#1354=EDGE_LOOP('',(#172,#173,#174,#175));
#1355=EDGE_LOOP('',(#176,#177,#178,#179));
#1356=EDGE_LOOP('',(#180,#181,#182,#183));
#1357=EDGE_LOOP('',(#184,#185,#186,#187));
#1358=EDGE_LOOP('',(#188,#189,#190,#191));
#1359=EDGE_LOOP('',(#192,#193,#194,#195));
#1360=EDGE_LOOP('',(#196,#197,#198,#199));
#1361=EDGE_LOOP('',(#200,#201,#202,#203));
#1362=EDGE_LOOP('',(#204,#205,#206,#207));
#1363=EDGE_LOOP('',(#208,#209,#210,#211,#212,#213,#214,#215,#216,#217,#218,
#219));
#1364=EDGE_LOOP('',(#220,#221,#222,#223));
#1365=EDGE_LOOP('',(#224,#225,#226,#227));
#1366=EDGE_LOOP('',(#228,#229,#230,#231));
#1367=EDGE_LOOP('',(#232,#233,#234,#235));
#1368=EDGE_LOOP('',(#236,#237,#238,#239,#240,#241,#242,#243));
#1369=EDGE_LOOP('',(#244,#245,#246,#247));
#1370=EDGE_LOOP('',(#248,#249,#250,#251));
#1371=EDGE_LOOP('',(#252,#253,#254,#255));
#1372=EDGE_LOOP('',(#256,#257,#258,#259,#260,#261,#262,#263));
#1373=EDGE_LOOP('',(#264,#265,#266,#267));
#1374=EDGE_LOOP('',(#268,#269,#270,#271,#272,#273,#274,#275));
#1375=EDGE_LOOP('',(#276,#277,#278,#279));
#1376=EDGE_LOOP('',(#280,#281,#282,#283));
#1377=EDGE_LOOP('',(#284,#285,#286,#287,#288,#289,#290,#291));
#1378=EDGE_LOOP('',(#292,#293,#294,#295,#296,#297,#298,#299,#300,#301,#302,
#303,#304,#305));
#1379=EDGE_LOOP('',(#306,#307,#308,#309));
#1380=EDGE_LOOP('',(#310,#311,#312,#313));
#1381=EDGE_LOOP('',(#314,#315,#316,#317,#318));
#1382=EDGE_LOOP('',(#319,#320,#321,#322,#323));
#1383=EDGE_LOOP('',(#324,#325,#326,#327));
#1384=EDGE_LOOP('',(#328,#329,#330,#331));
#1385=EDGE_LOOP('',(#332,#333,#334,#335));
#1386=EDGE_LOOP('',(#336,#337,#338,#339,#340,#341,#342,#343,#344,#345,#346,
#347,#348,#349));
#1387=EDGE_LOOP('',(#350,#351,#352,#353));
#1388=EDGE_LOOP('',(#354,#355,#356,#357));
#1389=EDGE_LOOP('',(#358,#359,#360,#361));
#1390=EDGE_LOOP('',(#362,#363,#364,#365));
#1391=EDGE_LOOP('',(#366,#367,#368,#369));
#1392=EDGE_LOOP('',(#370,#371,#372,#373));
#1393=EDGE_LOOP('',(#374,#375,#376,#377,#378,#379,#380,#381,#382,#383,#384,
#385,#386,#387));
#1394=EDGE_LOOP('',(#388,#389,#390,#391));
#1395=EDGE_LOOP('',(#392,#393,#394,#395));
#1396=EDGE_LOOP('',(#396,#397,#398,#399));
#1397=EDGE_LOOP('',(#400,#401,#402,#403));
#1398=EDGE_LOOP('',(#404,#405,#406,#407,#408,#409,#410,#411));
#1399=EDGE_LOOP('',(#412,#413,#414,#415));
#1400=EDGE_LOOP('',(#416,#417,#418,#419));
#1401=EDGE_LOOP('',(#420,#421,#422,#423));
#1402=EDGE_LOOP('',(#424,#425,#426,#427,#428,#429,#430,#431,#432,#433,#434,
#435));
#1403=EDGE_LOOP('',(#436,#437,#438,#439));
#1404=EDGE_LOOP('',(#440,#441,#442,#443,#444,#445));
#1405=EDGE_LOOP('',(#446,#447,#448,#449,#450,#451));
#1406=EDGE_LOOP('',(#452,#453,#454,#455,#456,#457,#458,#459,#460,#461,#462,
#463,#464,#465));
#1407=EDGE_LOOP('',(#466,#467,#468,#469));
#1408=EDGE_LOOP('',(#470,#471,#472,#473));
#1409=EDGE_LOOP('',(#474,#475,#476,#477,#478,#479));
#1410=EDGE_LOOP('',(#480,#481,#482,#483,#484,#485));
#1411=EDGE_LOOP('',(#486,#487,#488,#489,#490,#491,#492,#493));
#1412=FACE_BOUND('',#1325,.T.);
#1413=FACE_BOUND('',#1326,.T.);
#1414=FACE_BOUND('',#1327,.T.);
#1415=FACE_BOUND('',#1328,.T.);
#1416=FACE_BOUND('',#1329,.T.);
#1417=FACE_BOUND('',#1330,.T.);
#1418=FACE_BOUND('',#1331,.T.);
#1419=FACE_BOUND('',#1332,.T.);
#1420=FACE_BOUND('',#1333,.T.);
#1421=FACE_BOUND('',#1334,.T.);
#1422=FACE_BOUND('',#1335,.T.);
#1423=FACE_BOUND('',#1336,.T.);
#1424=FACE_BOUND('',#1337,.T.);
#1425=FACE_BOUND('',#1338,.T.);
#1426=FACE_BOUND('',#1339,.T.);
#1427=FACE_BOUND('',#1340,.T.);
#1428=FACE_BOUND('',#1341,.T.);
#1429=FACE_BOUND('',#1342,.T.);
#1430=FACE_BOUND('',#1343,.T.);
#1431=FACE_BOUND('',#1344,.T.);
#1432=FACE_BOUND('',#1345,.T.);
#1433=FACE_BOUND('',#1346,.T.);
#1434=FACE_BOUND('',#1347,.T.);
#1435=FACE_BOUND('',#1348,.T.);
#1436=FACE_BOUND('',#1349,.T.);
#1437=FACE_BOUND('',#1350,.T.);
#1438=FACE_BOUND('',#1351,.T.);
#1439=FACE_BOUND('',#1352,.T.);
#1440=FACE_BOUND('',#1353,.T.);
#1441=FACE_BOUND('',#1354,.T.);
#1442=FACE_BOUND('',#1355,.T.);
#1443=FACE_BOUND('',#1356,.T.);
#1444=FACE_BOUND('',#1357,.T.);
#1445=FACE_BOUND('',#1358,.T.);
#1446=FACE_BOUND('',#1359,.T.);
#1447=FACE_BOUND('',#1360,.T.);
#1448=FACE_BOUND('',#1361,.T.);
#1449=FACE_BOUND('',#1362,.T.);
#1450=FACE_BOUND('',#1363,.T.);
#1451=FACE_BOUND('',#1364,.T.);
#1452=FACE_BOUND('',#1365,.T.);
#1453=FACE_BOUND('',#1366,.T.);
#1454=FACE_BOUND('',#1367,.T.);
#1455=FACE_BOUND('',#1368,.T.);
#1456=FACE_BOUND('',#1369,.T.);
#1457=FACE_BOUND('',#1370,.T.);
#1458=FACE_BOUND('',#1371,.T.);
#1459=FACE_BOUND('',#1372,.T.);
#1460=FACE_BOUND('',#1373,.T.);
#1461=FACE_BOUND('',#1374,.T.);
#1462=FACE_BOUND('',#1375,.T.);
#1463=FACE_BOUND('',#1376,.T.);
#1464=FACE_BOUND('',#1377,.T.);
#1465=FACE_BOUND('',#1378,.T.);
#1466=FACE_BOUND('',#1379,.T.);
#1467=FACE_BOUND('',#1380,.T.);
#1468=FACE_BOUND('',#1381,.T.);
#1469=FACE_BOUND('',#1382,.T.);
#1470=FACE_BOUND('',#1383,.T.);
#1471=FACE_BOUND('',#1384,.T.);
#1472=FACE_BOUND('',#1385,.T.);
#1473=FACE_BOUND('',#1386,.T.);
#1474=FACE_BOUND('',#1387,.T.);
#1475=FACE_BOUND('',#1388,.T.);
#1476=FACE_BOUND('',#1389,.T.);
#1477=FACE_BOUND('',#1390,.T.);
#1478=FACE_BOUND('',#1391,.T.);
#1479=FACE_BOUND('',#1392,.T.);
#1480=FACE_BOUND('',#1393,.T.);
#1481=FACE_BOUND('',#1394,.T.);
#1482=FACE_BOUND('',#1395,.T.);
#1483=FACE_BOUND('',#1396,.T.);
#1484=FACE_BOUND('',#1397,.T.);
#1485=FACE_BOUND('',#1398,.T.);
#1486=FACE_BOUND('',#1399,.T.);
#1487=FACE_BOUND('',#1400,.T.);
#1488=FACE_BOUND('',#1401,.T.);
#1489=FACE_BOUND('',#1402,.T.);
#1490=FACE_BOUND('',#1403,.T.);
#1491=FACE_BOUND('',#1404,.T.);
#1492=FACE_BOUND('',#1405,.T.);
#1493=FACE_BOUND('',#1406,.T.);
#1494=FACE_BOUND('',#1407,.T.);
#1495=FACE_BOUND('',#1408,.T.);
#1496=FACE_BOUND('',#1409,.T.);
#1497=FACE_BOUND('',#1410,.T.);
#1498=FACE_BOUND('',#1411,.T.);
#1499=PLANE('',#1923);
#1500=PLANE('',#1924);
#1501=PLANE('',#1925);
#1502=PLANE('',#1926);
#1503=PLANE('',#1927);
#1504=PLANE('',#1928);
#1505=PLANE('',#1929);
#1506=PLANE('',#1930);
#1507=PLANE('',#1931);
#1508=PLANE('',#1932);
#1509=PLANE('',#1933);
#1510=PLANE('',#1934);
#1511=PLANE('',#1935);
#1512=PLANE('',#1939);
#1513=PLANE('',#1940);
#1514=PLANE('',#1941);
#1515=PLANE('',#1942);
#1516=PLANE('',#1943);
#1517=PLANE('',#1944);
#1518=PLANE('',#1945);
#1519=PLANE('',#1949);
#1520=PLANE('',#1950);
#1521=PLANE('',#1951);
#1522=PLANE('',#1952);
#1523=PLANE('',#1953);
#1524=PLANE('',#1956);
#1525=PLANE('',#1959);
#1526=PLANE('',#1960);
#1527=PLANE('',#1961);
#1528=PLANE('',#1962);
#1529=PLANE('',#1963);
#1530=PLANE('',#1964);
#1531=PLANE('',#1965);
#1532=PLANE('',#1968);
#1533=PLANE('',#1969);
#1534=PLANE('',#1970);
#1535=PLANE('',#1971);
#1536=PLANE('',#1972);
#1537=PLANE('',#1973);
#1538=PLANE('',#1974);
#1539=PLANE('',#1975);
#1540=PLANE('',#1976);
#1541=PLANE('',#1977);
#1542=PLANE('',#1978);
#1543=PLANE('',#1979);
#1544=PLANE('',#1980);
#1545=PLANE('',#1981);
#1546=PLANE('',#1982);
#1547=PLANE('',#1983);
#1548=PLANE('',#1984);
#1549=PLANE('',#1985);
#1550=PLANE('',#1986);
#1551=PLANE('',#1987);
#1552=PLANE('',#1988);
#1553=PLANE('',#1989);
#1554=PLANE('',#1990);
#1555=PLANE('',#1991);
#1556=PLANE('',#1992);
#1557=PLANE('',#1993);
#1558=PLANE('',#1994);
#1559=PLANE('',#1995);
#1560=PLANE('',#1996);
#1561=PLANE('',#1997);
#1562=PLANE('',#1998);
#1563=PLANE('',#1999);
#1564=PLANE('',#2000);
#1565=PLANE('',#2001);
#1566=PLANE('',#2002);
#1567=PLANE('',#2003);
#1568=PLANE('',#2004);
#1569=PLANE('',#2005);
#1570=PLANE('',#2006);
#1571=PLANE('',#2007);
#1572=PLANE('',#2008);
#1573=PLANE('',#2009);
#1574=PLANE('',#2010);
#1575=PLANE('',#2011);
#1576=OVER_RIDING_STYLED_ITEM('',(#1697),#1613,#1695);
#1577=OVER_RIDING_STYLED_ITEM('',(#1698),#1614,#1695);
#1578=OVER_RIDING_STYLED_ITEM('',(#1699),#1615,#1695);
#1579=OVER_RIDING_STYLED_ITEM('',(#1700),#1616,#1695);
#1580=OVER_RIDING_STYLED_ITEM('',(#1701),#1617,#1695);
#1581=OVER_RIDING_STYLED_ITEM('',(#1702),#1618,#1695);
#1582=OVER_RIDING_STYLED_ITEM('',(#1703),#1619,#1695);
#1583=OVER_RIDING_STYLED_ITEM('',(#1704),#1620,#1695);
#1584=OVER_RIDING_STYLED_ITEM('',(#1705),#1621,#1695);
#1585=OVER_RIDING_STYLED_ITEM('',(#1706),#1622,#1695);
#1586=OVER_RIDING_STYLED_ITEM('',(#1707),#1626,#1695);
#1587=OVER_RIDING_STYLED_ITEM('',(#1708),#1627,#1695);
#1588=OVER_RIDING_STYLED_ITEM('',(#1709),#1628,#1695);
#1589=OVER_RIDING_STYLED_ITEM('',(#1710),#1629,#1695);
#1590=OVER_RIDING_STYLED_ITEM('',(#1711),#1630,#1695);
#1591=OVER_RIDING_STYLED_ITEM('',(#1712),#1631,#1695);
#1592=OVER_RIDING_STYLED_ITEM('',(#1713),#1632,#1695);
#1593=OVER_RIDING_STYLED_ITEM('',(#1714),#1633,#1695);
#1594=OVER_RIDING_STYLED_ITEM('',(#1715),#1634,#1695);
#1595=OVER_RIDING_STYLED_ITEM('',(#1716),#1635,#1695);
#1596=OVER_RIDING_STYLED_ITEM('',(#1717),#1636,#1695);
#1597=OVER_RIDING_STYLED_ITEM('',(#1718),#1637,#1695);
#1598=OVER_RIDING_STYLED_ITEM('',(#1719),#1638,#1695);
#1599=OVER_RIDING_STYLED_ITEM('',(#1720),#1639,#1695);
#1600=OVER_RIDING_STYLED_ITEM('',(#1721),#1640,#1695);
#1601=OVER_RIDING_STYLED_ITEM('',(#1722),#1641,#1695);
#1602=OVER_RIDING_STYLED_ITEM('',(#1723),#1642,#1695);
#1603=OVER_RIDING_STYLED_ITEM('',(#1724),#1643,#1695);
#1604=OVER_RIDING_STYLED_ITEM('',(#1725),#1644,#1695);
#1605=OVER_RIDING_STYLED_ITEM('',(#1726),#1645,#1695);
#1606=OVER_RIDING_STYLED_ITEM('',(#1727),#1646,#1695);
#1607=OVER_RIDING_STYLED_ITEM('',(#1728),#1647,#1695);
#1608=OVER_RIDING_STYLED_ITEM('',(#1729),#1648,#1695);
#1609=OVER_RIDING_STYLED_ITEM('',(#1730),#1649,#1695);
#1610=OVER_RIDING_STYLED_ITEM('',(#1731),#1650,#1695);
#1611=OVER_RIDING_STYLED_ITEM('',(#1732),#1651,#1695);
#1612=COLOUR_RGB('',1.,0.843137254901961,0.);
#1613=ADVANCED_FACE('',(#1412),#1499,.F.);
#1614=ADVANCED_FACE('',(#1413),#1500,.F.);
#1615=ADVANCED_FACE('',(#1414),#1501,.F.);
#1616=ADVANCED_FACE('',(#1415),#1502,.F.);
#1617=ADVANCED_FACE('',(#1416),#1503,.F.);
#1618=ADVANCED_FACE('',(#1417),#1504,.F.);
#1619=ADVANCED_FACE('',(#1418),#1505,.F.);
#1620=ADVANCED_FACE('',(#1419),#1506,.T.);
#1621=ADVANCED_FACE('',(#1420),#1507,.F.);
#1622=ADVANCED_FACE('',(#1421),#1508,.T.);
#1623=ADVANCED_FACE('',(#1422),#1509,.F.);
#1624=ADVANCED_FACE('',(#1423),#1510,.F.);
#1625=ADVANCED_FACE('',(#1424),#1511,.F.);
#1626=ADVANCED_FACE('',(#1425),#28,.T.);
#1627=ADVANCED_FACE('',(#1426),#1512,.F.);
#1628=ADVANCED_FACE('',(#1427),#1513,.F.);
#1629=ADVANCED_FACE('',(#1428),#1514,.F.);
#1630=ADVANCED_FACE('',(#1429),#1515,.F.);
#1631=ADVANCED_FACE('',(#1430),#1516,.F.);
#1632=ADVANCED_FACE('',(#1431),#1517,.F.);
#1633=ADVANCED_FACE('',(#1432),#1518,.F.);
#1634=ADVANCED_FACE('',(#1433),#29,.F.);
#1635=ADVANCED_FACE('',(#1434),#1519,.F.);
#1636=ADVANCED_FACE('',(#1435),#1520,.F.);
#1637=ADVANCED_FACE('',(#1436),#1521,.F.);
#1638=ADVANCED_FACE('',(#1437),#1522,.F.);
#1639=ADVANCED_FACE('',(#1438),#1523,.T.);
#1640=ADVANCED_FACE('',(#1439),#1524,.F.);
#1641=ADVANCED_FACE('',(#1440),#30,.F.);
#1642=ADVANCED_FACE('',(#1441),#1525,.F.);
#1643=ADVANCED_FACE('',(#1442),#1526,.F.);
#1644=ADVANCED_FACE('',(#1443),#1527,.F.);
#1645=ADVANCED_FACE('',(#1444),#1528,.F.);
#1646=ADVANCED_FACE('',(#1445),#1529,.F.);
#1647=ADVANCED_FACE('',(#1446),#1530,.F.);
#1648=ADVANCED_FACE('',(#1447),#1531,.F.);
#1649=ADVANCED_FACE('',(#1448),#31,.T.);
#1650=ADVANCED_FACE('',(#1449),#1532,.F.);
#1651=ADVANCED_FACE('',(#1450),#1533,.T.);
#1652=ADVANCED_FACE('',(#1451),#1534,.F.);
#1653=ADVANCED_FACE('',(#1452),#1535,.T.);
#1654=ADVANCED_FACE('',(#1453),#1536,.T.);
#1655=ADVANCED_FACE('',(#1454),#1537,.T.);
#1656=ADVANCED_FACE('',(#1455),#1538,.F.);
#1657=ADVANCED_FACE('',(#1456,#1457,#1458),#1539,.F.);
#1658=ADVANCED_FACE('',(#1459),#1540,.T.);
#1659=ADVANCED_FACE('',(#1460),#1541,.T.);
#1660=ADVANCED_FACE('',(#1461),#1542,.F.);
#1661=ADVANCED_FACE('',(#1462),#1543,.T.);
#1662=ADVANCED_FACE('',(#1463),#1544,.T.);
#1663=ADVANCED_FACE('',(#1464),#1545,.T.);
#1664=ADVANCED_FACE('',(#1465),#1546,.T.);
#1665=ADVANCED_FACE('',(#1466),#1547,.F.);
#1666=ADVANCED_FACE('',(#1467),#1548,.F.);
#1667=ADVANCED_FACE('',(#1468),#1549,.F.);
#1668=ADVANCED_FACE('',(#1469),#1550,.F.);
#1669=ADVANCED_FACE('',(#1470),#1551,.T.);
#1670=ADVANCED_FACE('',(#1471),#1552,.T.);
#1671=ADVANCED_FACE('',(#1472),#1553,.F.);
#1672=ADVANCED_FACE('',(#1473),#1554,.F.);
#1673=ADVANCED_FACE('',(#1474),#1555,.F.);
#1674=ADVANCED_FACE('',(#1475),#1556,.F.);
#1675=ADVANCED_FACE('',(#1476),#1557,.F.);
#1676=ADVANCED_FACE('',(#1477),#1558,.F.);
#1677=ADVANCED_FACE('',(#1478),#1559,.F.);
#1678=ADVANCED_FACE('',(#1479),#1560,.F.);
#1679=ADVANCED_FACE('',(#1480),#1561,.T.);
#1680=ADVANCED_FACE('',(#1481),#1562,.F.);
#1681=ADVANCED_FACE('',(#1482),#1563,.F.);
#1682=ADVANCED_FACE('',(#1483,#1484,#1485),#1564,.T.);
#1683=ADVANCED_FACE('',(#1486),#1565,.T.);
#1684=ADVANCED_FACE('',(#1487,#1488,#1489),#1566,.T.);
#1685=ADVANCED_FACE('',(#1490),#1567,.T.);
#1686=ADVANCED_FACE('',(#1491),#1568,.F.);
#1687=ADVANCED_FACE('',(#1492),#1569,.F.);
#1688=ADVANCED_FACE('',(#1493),#1570,.F.);
#1689=ADVANCED_FACE('',(#1494),#1571,.F.);
#1690=ADVANCED_FACE('',(#1495),#1572,.T.);
#1691=ADVANCED_FACE('',(#1496),#1573,.T.);
#1692=ADVANCED_FACE('',(#1497),#1574,.T.);
#1693=ADVANCED_FACE('',(#1498),#1575,.T.);
#1694=CLOSED_SHELL('',(#1613,#1614,#1615,#1616,#1617,#1618,#1619,#1620,
#1621,#1622,#1623,#1624,#1625,#1626,#1627,#1628,#1629,#1630,#1631,#1632,
#1633,#1634,#1635,#1636,#1637,#1638,#1639,#1640,#1641,#1642,#1643,#1644,
#1645,#1646,#1647,#1648,#1649,#1650,#1651,#1652,#1653,#1654,#1655,#1656,
#1657,#1658,#1659,#1660,#1661,#1662,#1663,#1664,#1665,#1666,#1667,#1668,
#1669,#1670,#1671,#1672,#1673,#1674,#1675,#1676,#1677,#1678,#1679,#1680,
#1681,#1682,#1683,#1684,#1685,#1686,#1687,#1688,#1689,#1690,#1691,#1692,
#1693));
#1695=STYLED_ITEM('',(#1696),#1919);
#1696=PRESENTATION_STYLE_ASSIGNMENT((#1733));
#1697=PRESENTATION_STYLE_ASSIGNMENT((#1734));
#1698=PRESENTATION_STYLE_ASSIGNMENT((#1735));
#1699=PRESENTATION_STYLE_ASSIGNMENT((#1736));
#1700=PRESENTATION_STYLE_ASSIGNMENT((#1737));
#1701=PRESENTATION_STYLE_ASSIGNMENT((#1738));
#1702=PRESENTATION_STYLE_ASSIGNMENT((#1739));
#1703=PRESENTATION_STYLE_ASSIGNMENT((#1740));
#1704=PRESENTATION_STYLE_ASSIGNMENT((#1741));
#1705=PRESENTATION_STYLE_ASSIGNMENT((#1742));
#1706=PRESENTATION_STYLE_ASSIGNMENT((#1743));
#1707=PRESENTATION_STYLE_ASSIGNMENT((#1744));
#1708=PRESENTATION_STYLE_ASSIGNMENT((#1745));
#1709=PRESENTATION_STYLE_ASSIGNMENT((#1746));
#1710=PRESENTATION_STYLE_ASSIGNMENT((#1747));
#1711=PRESENTATION_STYLE_ASSIGNMENT((#1748));
#1712=PRESENTATION_STYLE_ASSIGNMENT((#1749));
#1713=PRESENTATION_STYLE_ASSIGNMENT((#1750));
#1714=PRESENTATION_STYLE_ASSIGNMENT((#1751));
#1715=PRESENTATION_STYLE_ASSIGNMENT((#1752));
#1716=PRESENTATION_STYLE_ASSIGNMENT((#1753));
#1717=PRESENTATION_STYLE_ASSIGNMENT((#1754));
#1718=PRESENTATION_STYLE_ASSIGNMENT((#1755));
#1719=PRESENTATION_STYLE_ASSIGNMENT((#1756));
#1720=PRESENTATION_STYLE_ASSIGNMENT((#1757));
#1721=PRESENTATION_STYLE_ASSIGNMENT((#1758));
#1722=PRESENTATION_STYLE_ASSIGNMENT((#1759));
#1723=PRESENTATION_STYLE_ASSIGNMENT((#1760));
#1724=PRESENTATION_STYLE_ASSIGNMENT((#1761));
#1725=PRESENTATION_STYLE_ASSIGNMENT((#1762));
#1726=PRESENTATION_STYLE_ASSIGNMENT((#1763));
#1727=PRESENTATION_STYLE_ASSIGNMENT((#1764));
#1728=PRESENTATION_STYLE_ASSIGNMENT((#1765));
#1729=PRESENTATION_STYLE_ASSIGNMENT((#1766));
#1730=PRESENTATION_STYLE_ASSIGNMENT((#1767));
#1731=PRESENTATION_STYLE_ASSIGNMENT((#1768));
#1732=PRESENTATION_STYLE_ASSIGNMENT((#1769));
#1733=SURFACE_STYLE_USAGE(.BOTH.,#1770);
#1734=SURFACE_STYLE_USAGE(.BOTH.,#1771);
#1735=SURFACE_STYLE_USAGE(.BOTH.,#1772);
#1736=SURFACE_STYLE_USAGE(.BOTH.,#1773);
#1737=SURFACE_STYLE_USAGE(.BOTH.,#1774);
#1738=SURFACE_STYLE_USAGE(.BOTH.,#1775);
#1739=SURFACE_STYLE_USAGE(.BOTH.,#1776);
#1740=SURFACE_STYLE_USAGE(.BOTH.,#1777);
#1741=SURFACE_STYLE_USAGE(.BOTH.,#1778);
#1742=SURFACE_STYLE_USAGE(.BOTH.,#1779);
#1743=SURFACE_STYLE_USAGE(.BOTH.,#1780);
#1744=SURFACE_STYLE_USAGE(.BOTH.,#1781);
#1745=SURFACE_STYLE_USAGE(.BOTH.,#1782);
#1746=SURFACE_STYLE_USAGE(.BOTH.,#1783);
#1747=SURFACE_STYLE_USAGE(.BOTH.,#1784);
#1748=SURFACE_STYLE_USAGE(.BOTH.,#1785);
#1749=SURFACE_STYLE_USAGE(.BOTH.,#1786);
#1750=SURFACE_STYLE_USAGE(.BOTH.,#1787);
#1751=SURFACE_STYLE_USAGE(.BOTH.,#1788);
#1752=SURFACE_STYLE_USAGE(.BOTH.,#1789);
#1753=SURFACE_STYLE_USAGE(.BOTH.,#1790);
#1754=SURFACE_STYLE_USAGE(.BOTH.,#1791);
#1755=SURFACE_STYLE_USAGE(.BOTH.,#1792);
#1756=SURFACE_STYLE_USAGE(.BOTH.,#1793);
#1757=SURFACE_STYLE_USAGE(.BOTH.,#1794);
#1758=SURFACE_STYLE_USAGE(.BOTH.,#1795);
#1759=SURFACE_STYLE_USAGE(.BOTH.,#1796);
#1760=SURFACE_STYLE_USAGE(.BOTH.,#1797);
#1761=SURFACE_STYLE_USAGE(.BOTH.,#1798);
#1762=SURFACE_STYLE_USAGE(.BOTH.,#1799);
#1763=SURFACE_STYLE_USAGE(.BOTH.,#1800);
#1764=SURFACE_STYLE_USAGE(.BOTH.,#1801);
#1765=SURFACE_STYLE_USAGE(.BOTH.,#1802);
#1766=SURFACE_STYLE_USAGE(.BOTH.,#1803);
#1767=SURFACE_STYLE_USAGE(.BOTH.,#1804);
#1768=SURFACE_STYLE_USAGE(.BOTH.,#1805);
#1769=SURFACE_STYLE_USAGE(.BOTH.,#1806);
#1770=SURFACE_SIDE_STYLE('',(#1807));
#1771=SURFACE_SIDE_STYLE('',(#1808));
#1772=SURFACE_SIDE_STYLE('',(#1809));
#1773=SURFACE_SIDE_STYLE('',(#1810));
#1774=SURFACE_SIDE_STYLE('',(#1811));
#1775=SURFACE_SIDE_STYLE('',(#1812));
#1776=SURFACE_SIDE_STYLE('',(#1813));
#1777=SURFACE_SIDE_STYLE('',(#1814));
#1778=SURFACE_SIDE_STYLE('',(#1815));
#1779=SURFACE_SIDE_STYLE('',(#1816));
#1780=SURFACE_SIDE_STYLE('',(#1817));
#1781=SURFACE_SIDE_STYLE('',(#1818));
#1782=SURFACE_SIDE_STYLE('',(#1819));
#1783=SURFACE_SIDE_STYLE('',(#1820));
#1784=SURFACE_SIDE_STYLE('',(#1821));
#1785=SURFACE_SIDE_STYLE('',(#1822));
#1786=SURFACE_SIDE_STYLE('',(#1823));
#1787=SURFACE_SIDE_STYLE('',(#1824));
#1788=SURFACE_SIDE_STYLE('',(#1825));
#1789=SURFACE_SIDE_STYLE('',(#1826));
#1790=SURFACE_SIDE_STYLE('',(#1827));
#1791=SURFACE_SIDE_STYLE('',(#1828));
#1792=SURFACE_SIDE_STYLE('',(#1829));
#1793=SURFACE_SIDE_STYLE('',(#1830));
#1794=SURFACE_SIDE_STYLE('',(#1831));
#1795=SURFACE_SIDE_STYLE('',(#1832));
#1796=SURFACE_SIDE_STYLE('',(#1833));
#1797=SURFACE_SIDE_STYLE('',(#1834));
#1798=SURFACE_SIDE_STYLE('',(#1835));
#1799=SURFACE_SIDE_STYLE('',(#1836));
#1800=SURFACE_SIDE_STYLE('',(#1837));
#1801=SURFACE_SIDE_STYLE('',(#1838));
#1802=SURFACE_SIDE_STYLE('',(#1839));
#1803=SURFACE_SIDE_STYLE('',(#1840));
#1804=SURFACE_SIDE_STYLE('',(#1841));
#1805=SURFACE_SIDE_STYLE('',(#1842));
#1806=SURFACE_SIDE_STYLE('',(#1843));
#1807=SURFACE_STYLE_FILL_AREA(#1844);
#1808=SURFACE_STYLE_FILL_AREA(#1845);
#1809=SURFACE_STYLE_FILL_AREA(#1846);
#1810=SURFACE_STYLE_FILL_AREA(#1847);
#1811=SURFACE_STYLE_FILL_AREA(#1848);
#1812=SURFACE_STYLE_FILL_AREA(#1849);
#1813=SURFACE_STYLE_FILL_AREA(#1850);
#1814=SURFACE_STYLE_FILL_AREA(#1851);
#1815=SURFACE_STYLE_FILL_AREA(#1852);
#1816=SURFACE_STYLE_FILL_AREA(#1853);
#1817=SURFACE_STYLE_FILL_AREA(#1854);
#1818=SURFACE_STYLE_FILL_AREA(#1855);
#1819=SURFACE_STYLE_FILL_AREA(#1856);
#1820=SURFACE_STYLE_FILL_AREA(#1857);
#1821=SURFACE_STYLE_FILL_AREA(#1858);
#1822=SURFACE_STYLE_FILL_AREA(#1859);
#1823=SURFACE_STYLE_FILL_AREA(#1860);
#1824=SURFACE_STYLE_FILL_AREA(#1861);
#1825=SURFACE_STYLE_FILL_AREA(#1862);
#1826=SURFACE_STYLE_FILL_AREA(#1863);
#1827=SURFACE_STYLE_FILL_AREA(#1864);
#1828=SURFACE_STYLE_FILL_AREA(#1865);
#1829=SURFACE_STYLE_FILL_AREA(#1866);
#1830=SURFACE_STYLE_FILL_AREA(#1867);
#1831=SURFACE_STYLE_FILL_AREA(#1868);
#1832=SURFACE_STYLE_FILL_AREA(#1869);
#1833=SURFACE_STYLE_FILL_AREA(#1870);
#1834=SURFACE_STYLE_FILL_AREA(#1871);
#1835=SURFACE_STYLE_FILL_AREA(#1872);
#1836=SURFACE_STYLE_FILL_AREA(#1873);
#1837=SURFACE_STYLE_FILL_AREA(#1874);
#1838=SURFACE_STYLE_FILL_AREA(#1875);
#1839=SURFACE_STYLE_FILL_AREA(#1876);
#1840=SURFACE_STYLE_FILL_AREA(#1877);
#1841=SURFACE_STYLE_FILL_AREA(#1878);
#1842=SURFACE_STYLE_FILL_AREA(#1879);
#1843=SURFACE_STYLE_FILL_AREA(#1880);
#1844=FILL_AREA_STYLE('',(#1881));
#1845=FILL_AREA_STYLE('',(#1882));
#1846=FILL_AREA_STYLE('',(#1883));
#1847=FILL_AREA_STYLE('',(#1884));
#1848=FILL_AREA_STYLE('',(#1885));
#1849=FILL_AREA_STYLE('',(#1886));
#1850=FILL_AREA_STYLE('',(#1887));
#1851=FILL_AREA_STYLE('',(#1888));
#1852=FILL_AREA_STYLE('',(#1889));
#1853=FILL_AREA_STYLE('',(#1890));
#1854=FILL_AREA_STYLE('',(#1891));
#1855=FILL_AREA_STYLE('',(#1892));
#1856=FILL_AREA_STYLE('',(#1893));
#1857=FILL_AREA_STYLE('',(#1894));
#1858=FILL_AREA_STYLE('',(#1895));
#1859=FILL_AREA_STYLE('',(#1896));
#1860=FILL_AREA_STYLE('',(#1897));
#1861=FILL_AREA_STYLE('',(#1898));
#1862=FILL_AREA_STYLE('',(#1899));
#1863=FILL_AREA_STYLE('',(#1900));
#1864=FILL_AREA_STYLE('',(#1901));
#1865=FILL_AREA_STYLE('',(#1902));
#1866=FILL_AREA_STYLE('',(#1903));
#1867=FILL_AREA_STYLE('',(#1904));
#1868=FILL_AREA_STYLE('',(#1905));
#1869=FILL_AREA_STYLE('',(#1906));
#1870=FILL_AREA_STYLE('',(#1907));
#1871=FILL_AREA_STYLE('',(#1908));
#1872=FILL_AREA_STYLE('',(#1909));
#1873=FILL_AREA_STYLE('',(#1910));
#1874=FILL_AREA_STYLE('',(#1911));
#1875=FILL_AREA_STYLE('',(#1912));
#1876=FILL_AREA_STYLE('',(#1913));
#1877=FILL_AREA_STYLE('',(#1914));
#1878=FILL_AREA_STYLE('',(#1915));
#1879=FILL_AREA_STYLE('',(#1916));
#1880=FILL_AREA_STYLE('',(#1917));
#1881=FILL_AREA_STYLE_COLOUR('',#1918);
#1882=FILL_AREA_STYLE_COLOUR('',#1612);
#1883=FILL_AREA_STYLE_COLOUR('',#1612);
#1884=FILL_AREA_STYLE_COLOUR('',#1612);
#1885=FILL_AREA_STYLE_COLOUR('',#1612);
#1886=FILL_AREA_STYLE_COLOUR('',#1612);
#1887=FILL_AREA_STYLE_COLOUR('',#1612);
#1888=FILL_AREA_STYLE_COLOUR('',#1612);
#1889=FILL_AREA_STYLE_COLOUR('',#1612);
#1890=FILL_AREA_STYLE_COLOUR('',#1612);
#1891=FILL_AREA_STYLE_COLOUR('',#1612);
#1892=FILL_AREA_STYLE_COLOUR('',#1612);
#1893=FILL_AREA_STYLE_COLOUR('',#1612);
#1894=FILL_AREA_STYLE_COLOUR('',#1612);
#1895=FILL_AREA_STYLE_COLOUR('',#1612);
#1896=FILL_AREA_STYLE_COLOUR('',#1612);
#1897=FILL_AREA_STYLE_COLOUR('',#1612);
#1898=FILL_AREA_STYLE_COLOUR('',#1612);
#1899=FILL_AREA_STYLE_COLOUR('',#1612);
#1900=FILL_AREA_STYLE_COLOUR('',#1612);
#1901=FILL_AREA_STYLE_COLOUR('',#1612);
#1902=FILL_AREA_STYLE_COLOUR('',#1612);
#1903=FILL_AREA_STYLE_COLOUR('',#1612);
#1904=FILL_AREA_STYLE_COLOUR('',#1612);
#1905=FILL_AREA_STYLE_COLOUR('',#1612);
#1906=FILL_AREA_STYLE_COLOUR('',#1612);
#1907=FILL_AREA_STYLE_COLOUR('',#1612);
#1908=FILL_AREA_STYLE_COLOUR('',#1612);
#1909=FILL_AREA_STYLE_COLOUR('',#1612);
#1910=FILL_AREA_STYLE_COLOUR('',#1612);
#1911=FILL_AREA_STYLE_COLOUR('',#1612);
#1912=FILL_AREA_STYLE_COLOUR('',#1612);
#1913=FILL_AREA_STYLE_COLOUR('',#1612);
#1914=FILL_AREA_STYLE_COLOUR('',#1612);
#1915=FILL_AREA_STYLE_COLOUR('',#1612);
#1916=FILL_AREA_STYLE_COLOUR('',#1612);
#1917=FILL_AREA_STYLE_COLOUR('',#1612);
#1918=DRAUGHTING_PRE_DEFINED_COLOUR('white');
#1919=MANIFOLD_SOLID_BREP('TE 440055-2',#1694);
#1920=SHAPE_DEFINITION_REPRESENTATION(#2888,#1921);
#1921=SHAPE_REPRESENTATION('TE 440055-2',(#1922),#2883);
#1922=AXIS2_PLACEMENT_3D('',#2415,#2012,#2013);
#1923=AXIS2_PLACEMENT_3D('',#2416,#2014,#2015);
#1924=AXIS2_PLACEMENT_3D('',#2425,#2020,#2021);
#1925=AXIS2_PLACEMENT_3D('',#2431,#2025,#2026);
#1926=AXIS2_PLACEMENT_3D('',#2435,#2029,#2030);
#1927=AXIS2_PLACEMENT_3D('',#2439,#2033,#2034);
#1928=AXIS2_PLACEMENT_3D('',#2441,#2036,#2037);
#1929=AXIS2_PLACEMENT_3D('',#2450,#2042,#2043);
#1930=AXIS2_PLACEMENT_3D('',#2456,#2047,#2048);
#1931=AXIS2_PLACEMENT_3D('',#2460,#2051,#2052);
#1932=AXIS2_PLACEMENT_3D('',#2464,#2055,#2056);
#1933=AXIS2_PLACEMENT_3D('',#2466,#2058,#2059);
#1934=AXIS2_PLACEMENT_3D('',#2475,#2064,#2065);
#1935=AXIS2_PLACEMENT_3D('',#2481,#2069,#2070);
#1936=AXIS2_PLACEMENT_3D('',#2490,#2075,#2076);
#1937=AXIS2_PLACEMENT_3D('',#2494,#2078,#2079);
#1938=AXIS2_PLACEMENT_3D('',#2498,#2081,#2082);
#1939=AXIS2_PLACEMENT_3D('',#2499,#2083,#2084);
#1940=AXIS2_PLACEMENT_3D('',#2505,#2088,#2089);
#1941=AXIS2_PLACEMENT_3D('',#2511,#2093,#2094);
#1942=AXIS2_PLACEMENT_3D('',#2517,#2098,#2099);
#1943=AXIS2_PLACEMENT_3D('',#2523,#2103,#2104);
#1944=AXIS2_PLACEMENT_3D('',#2529,#2108,#2109);
#1945=AXIS2_PLACEMENT_3D('',#2535,#2113,#2114);
#1946=AXIS2_PLACEMENT_3D('',#2541,#2118,#2119);
#1947=AXIS2_PLACEMENT_3D('',#2545,#2121,#2122);
#1948=AXIS2_PLACEMENT_3D('',#2546,#2123,#2124);
#1949=AXIS2_PLACEMENT_3D('',#2547,#2125,#2126);
#1950=AXIS2_PLACEMENT_3D('',#2553,#2130,#2131);
#1951=AXIS2_PLACEMENT_3D('',#2557,#2134,#2135);
#1952=AXIS2_PLACEMENT_3D('',#2561,#2138,#2139);
#1953=AXIS2_PLACEMENT_3D('',#2563,#2141,#2142);
#1954=AXIS2_PLACEMENT_3D('',#2569,#2145,#2146);
#1955=AXIS2_PLACEMENT_3D('',#2585,#2154,#2155);
#1956=AXIS2_PLACEMENT_3D('',#2588,#2157,#2158);
#1957=AXIS2_PLACEMENT_3D('',#2594,#2162,#2163);
#1958=AXIS2_PLACEMENT_3D('',#2597,#2165,#2166);
#1959=AXIS2_PLACEMENT_3D('',#2598,#2167,#2168);
#1960=AXIS2_PLACEMENT_3D('',#2602,#2171,#2172);
#1961=AXIS2_PLACEMENT_3D('',#2606,#2175,#2176);
#1962=AXIS2_PLACEMENT_3D('',#2610,#2179,#2180);
#1963=AXIS2_PLACEMENT_3D('',#2614,#2183,#2184);
#1964=AXIS2_PLACEMENT_3D('',#2618,#2187,#2188);
#1965=AXIS2_PLACEMENT_3D('',#2622,#2191,#2192);
#1966=AXIS2_PLACEMENT_3D('',#2626,#2195,#2196);
#1967=AXIS2_PLACEMENT_3D('',#2629,#2198,#2199);
#1968=AXIS2_PLACEMENT_3D('',#2630,#2200,#2201);
#1969=AXIS2_PLACEMENT_3D('',#2634,#2204,#2205);
#1970=AXIS2_PLACEMENT_3D('',#2636,#2207,#2208);
#1971=AXIS2_PLACEMENT_3D('',#2645,#2213,#2214);
#1972=AXIS2_PLACEMENT_3D('',#2651,#2218,#2219);
#1973=AXIS2_PLACEMENT_3D('',#2660,#2224,#2225);
#1974=AXIS2_PLACEMENT_3D('',#2666,#2229,#2230);
#1975=AXIS2_PLACEMENT_3D('',#2673,#2235,#2236);
#1976=AXIS2_PLACEMENT_3D('',#2677,#2239,#2240);
#1977=AXIS2_PLACEMENT_3D('',#2687,#2246,#2247);
#1978=AXIS2_PLACEMENT_3D('',#2689,#2249,#2250);
#1979=AXIS2_PLACEMENT_3D('',#2697,#2255,#2256);
#1980=AXIS2_PLACEMENT_3D('',#2701,#2259,#2260);
#1981=AXIS2_PLACEMENT_3D('',#2705,#2263,#2264);
#1982=AXIS2_PLACEMENT_3D('',#2711,#2268,#2269);
#1983=AXIS2_PLACEMENT_3D('',#2728,#2279,#2280);
#1984=AXIS2_PLACEMENT_3D('',#2737,#2285,#2286);
#1985=AXIS2_PLACEMENT_3D('',#2743,#2290,#2291);
#1986=AXIS2_PLACEMENT_3D('',#2754,#2297,#2298);
#1987=AXIS2_PLACEMENT_3D('',#2765,#2304,#2305);
#1988=AXIS2_PLACEMENT_3D('',#2771,#2309,#2310);
#1989=AXIS2_PLACEMENT_3D('',#2777,#2314,#2315);
#1990=AXIS2_PLACEMENT_3D('',#2786,#2320,#2321);
#1991=AXIS2_PLACEMENT_3D('',#2804,#2332,#2333);
#1992=AXIS2_PLACEMENT_3D('',#2810,#2337,#2338);
#1993=AXIS2_PLACEMENT_3D('',#2816,#2342,#2343);
#1994=AXIS2_PLACEMENT_3D('',#2820,#2346,#2347);
#1995=AXIS2_PLACEMENT_3D('',#2824,#2350,#2351);
#1996=AXIS2_PLACEMENT_3D('',#2828,#2354,#2355);
#1997=AXIS2_PLACEMENT_3D('',#2832,#2358,#2359);
#1998=AXIS2_PLACEMENT_3D('',#2842,#2366,#2367);
#1999=AXIS2_PLACEMENT_3D('',#2844,#2369,#2370);
#2000=AXIS2_PLACEMENT_3D('',#2846,#2372,#2373);
#2001=AXIS2_PLACEMENT_3D('',#2856,#2381,#2382);
#2002=AXIS2_PLACEMENT_3D('',#2857,#2383,#2384);
#2003=AXIS2_PLACEMENT_3D('',#2863,#2389,#2390);
#2004=AXIS2_PLACEMENT_3D('',#2865,#2392,#2393);
#2005=AXIS2_PLACEMENT_3D('',#2867,#2395,#2396);
#2006=AXIS2_PLACEMENT_3D('',#2868,#2397,#2398);
#2007=AXIS2_PLACEMENT_3D('',#2875,#2403,#2404);
#2008=AXIS2_PLACEMENT_3D('',#2877,#2406,#2407);
#2009=AXIS2_PLACEMENT_3D('',#2879,#2409,#2410);
#2010=AXIS2_PLACEMENT_3D('',#2880,#2411,#2412);
#2011=AXIS2_PLACEMENT_3D('',#2881,#2413,#2414);
#2012=DIRECTION('',(0.,0.,1.));
#2013=DIRECTION('',(1.,0.,0.));
#2014=DIRECTION('',(-1.,0.,0.));
#2015=DIRECTION('',(0.,1.,0.));
#2016=DIRECTION('',(0.,0.,-1.));
#2017=DIRECTION('',(0.,-1.,0.));
#2018=DIRECTION('',(0.,0.,-1.));
#2019=DIRECTION('',(0.,-1.,0.));
#2020=DIRECTION('',(0.,0.,-1.));
#2021=DIRECTION('',(1.,0.,0.));
#2022=DIRECTION('',(1.,0.,0.));
#2023=DIRECTION('',(1.,0.,0.));
#2024=DIRECTION('',(0.,-1.,0.));
#2025=DIRECTION('',(0.,1.,0.));
#2026=DIRECTION('',(1.,0.,0.));
#2027=DIRECTION('',(-1.,0.,0.));
#2028=DIRECTION('',(0.,0.,1.));
#2029=DIRECTION('',(0.,0.,1.));
#2030=DIRECTION('',(-1.,0.,0.));
#2031=DIRECTION('',(-1.,0.,0.));
#2032=DIRECTION('',(0.,-1.,0.));
#2033=DIRECTION('',(1.,0.,0.));
#2034=DIRECTION('',(0.,0.,1.));
#2035=DIRECTION('',(0.,0.,1.));
#2036=DIRECTION('',(0.,1.,0.));
#2037=DIRECTION('',(1.,0.,0.));
#2038=DIRECTION('',(-1.,0.,0.));
#2039=DIRECTION('',(0.,0.,-1.));
#2040=DIRECTION('',(1.,0.,0.));
#2041=DIRECTION('',(0.,0.,1.));
#2042=DIRECTION('',(0.,0.,-1.));
#2043=DIRECTION('',(1.,0.,0.));
#2044=DIRECTION('',(-1.,0.,0.));
#2045=DIRECTION('',(0.,-1.,0.));
#2046=DIRECTION('',(0.,-1.,0.));
#2047=DIRECTION('',(-1.,0.,0.));
#2048=DIRECTION('',(0.,1.,0.));
#2049=DIRECTION('',(0.,0.,-1.));
#2050=DIRECTION('',(0.,-1.,0.));
#2051=DIRECTION('',(0.,0.,1.));
#2052=DIRECTION('',(-1.,0.,0.));
#2053=DIRECTION('',(1.,0.,0.));
#2054=DIRECTION('',(0.,-1.,0.));
#2055=DIRECTION('',(1.,0.,0.));
#2056=DIRECTION('',(0.,0.,1.));
#2057=DIRECTION('',(0.,0.,1.));
#2058=DIRECTION('',(1.,0.,0.));
#2059=DIRECTION('',(0.,0.,1.));
#2060=DIRECTION('',(0.,1.,0.));
#2061=DIRECTION('',(0.,0.,-1.));
#2062=DIRECTION('',(0.,-1.,0.));
#2063=DIRECTION('',(0.,0.,-1.));
#2064=DIRECTION('',(0.,-1.,0.));
#2065=DIRECTION('',(1.,0.,0.));
#2066=DIRECTION('',(1.,0.,0.));
#2067=DIRECTION('',(1.,0.,0.));
#2068=DIRECTION('',(0.,0.,-1.));
#2069=DIRECTION('',(0.,-1.,0.));
#2070=DIRECTION('',(0.,0.,1.));
#2071=DIRECTION('',(0.,0.,-1.));
#2072=DIRECTION('',(-1.,0.,0.));
#2073=DIRECTION('',(0.,0.,-1.));
#2074=DIRECTION('',(-1.,0.,0.));
#2075=DIRECTION('',(-1.,0.,0.));
#2076=DIRECTION('',(0.,1.,0.));
#2077=DIRECTION('',(-1.,0.,0.));
#2078=DIRECTION('',(-1.,0.,0.));
#2079=DIRECTION('',(0.,0.,1.));
#2080=DIRECTION('',(-1.,0.,0.));
#2081=DIRECTION('',(-1.,0.,0.));
#2082=DIRECTION('',(0.,0.,1.));
#2083=DIRECTION('',(0.,-1.,0.));
#2084=DIRECTION('',(0.,0.,-1.));
#2085=DIRECTION('',(-1.,0.,1.06581410364E-14));
#2086=DIRECTION('',(0.,0.,-1.));
#2087=DIRECTION('',(0.,0.,-1.));
#2088=DIRECTION('',(0.,-0.983778201865891,0.179389100932898));
#2089=DIRECTION('',(0.,-0.179389100932898,-0.983778201865891));
#2090=DIRECTION('',(-1.,0.,1.06581410364E-14));
#2091=DIRECTION('',(0.,-0.179389100932898,-0.983778201865891));
#2092=DIRECTION('',(0.,-0.179389100932898,-0.983778201865891));
#2093=DIRECTION('',(0.,-0.985754054399137,-0.168193175354006));
#2094=DIRECTION('',(0.,0.168193175354006,-0.985754054399137));
#2095=DIRECTION('',(-1.,0.,0.));
#2096=DIRECTION('',(0.,0.168193175354006,-0.985754054399137));
#2097=DIRECTION('',(0.,0.168193175354006,-0.985754054399137));
#2098=DIRECTION('',(0.,-0.168193175354006,0.985754054399137));
#2099=DIRECTION('',(0.,-0.985754054399137,-0.168193175354006));
#2100=DIRECTION('',(-1.,0.,0.));
#2101=DIRECTION('',(0.,-0.985754054399137,-0.168193175354006));
#2102=DIRECTION('',(0.,-0.985754054399137,-0.168193175354006));
#2103=DIRECTION('',(0.,0.985754054399137,0.168193175354006));
#2104=DIRECTION('',(0.,-0.168193175354006,0.985754054399137));
#2105=DIRECTION('',(-1.,0.,0.));
#2106=DIRECTION('',(0.,-0.168193175354006,0.985754054399137));
#2107=DIRECTION('',(0.,-0.168193175354006,0.985754054399137));
#2108=DIRECTION('',(0.,0.983778201865891,-0.179389100932898));
#2109=DIRECTION('',(0.,0.179389100932898,0.983778201865891));
#2110=DIRECTION('',(-1.,0.,0.));
#2111=DIRECTION('',(0.,0.179389100932898,0.983778201865891));
#2112=DIRECTION('',(0.,0.179389100932898,0.983778201865891));
#2113=DIRECTION('',(0.,1.,0.));
#2114=DIRECTION('',(0.,0.,1.));
#2115=DIRECTION('',(-1.,0.,0.));
#2116=DIRECTION('',(0.,0.,1.));
#2117=DIRECTION('',(0.,0.,1.));
#2118=DIRECTION('',(-1.,0.,0.));
#2119=DIRECTION('',(0.,1.,0.));
#2120=DIRECTION('',(-1.,0.,0.));
#2121=DIRECTION('',(1.,0.,0.));
#2122=DIRECTION('',(0.,1.,0.));
#2123=DIRECTION('',(1.,0.,0.));
#2124=DIRECTION('',(0.,1.,0.));
#2125=DIRECTION('',(0.,0.,1.));
#2126=DIRECTION('',(-1.,0.,0.));
#2127=DIRECTION('',(1.,0.,0.));
#2128=DIRECTION('',(0.,-1.,0.));
#2129=DIRECTION('',(0.,-1.,0.));
#2130=DIRECTION('',(1.,0.,0.));
#2131=DIRECTION('',(0.,0.,1.));
#2132=DIRECTION('',(0.,0.,1.));
#2133=DIRECTION('',(0.,1.,0.));
#2134=DIRECTION('',(0.,0.,-1.));
#2135=DIRECTION('',(1.,0.,0.));
#2136=DIRECTION('',(1.,0.,0.));
#2137=DIRECTION('',(0.,1.,0.));
#2138=DIRECTION('',(-1.,0.,0.));
#2139=DIRECTION('',(0.,1.,0.));
#2140=DIRECTION('',(0.,0.,1.));
#2141=DIRECTION('',(1.,0.,0.));
#2142=DIRECTION('',(0.,0.,1.));
#2143=DIRECTION('',(0.,0.,1.));
#2144=DIRECTION('',(0.,-1.,0.));
#2145=DIRECTION('',(1.,0.,0.));
#2146=DIRECTION('',(0.,1.,0.));
#2147=DIRECTION('',(0.,0.,1.));
#2148=DIRECTION('',(0.,-0.179389100932898,-0.983778201865891));
#2149=DIRECTION('',(0.,0.168193175354006,-0.985754054399137));
#2150=DIRECTION('',(0.,0.985754054399137,0.168193175354006));
#2151=DIRECTION('',(0.,-0.168193175354006,0.985754054399137));
#2152=DIRECTION('',(0.,0.179389100932898,0.983778201865891));
#2153=DIRECTION('',(0.,0.,1.));
#2154=DIRECTION('',(-1.,0.,0.));
#2155=DIRECTION('',(0.,1.,0.));
#2156=DIRECTION('',(0.,-1.,0.));
#2157=DIRECTION('',(0.,0.,1.));
#2158=DIRECTION('',(-1.,0.,0.));
#2159=DIRECTION('',(1.,0.,0.));
#2160=DIRECTION('',(-1.,0.,0.));
#2161=DIRECTION('',(0.,-1.,0.));
#2162=DIRECTION('',(-1.,0.,0.));
#2163=DIRECTION('',(0.,1.,0.));
#2164=DIRECTION('',(1.,0.,0.));
#2165=DIRECTION('',(1.,0.,0.));
#2166=DIRECTION('',(0.,-1.,0.));
#2167=DIRECTION('',(0.,1.,0.));
#2168=DIRECTION('',(0.,0.,1.));
#2169=DIRECTION('',(1.,0.,0.));
#2170=DIRECTION('',(0.,0.,1.));
#2171=DIRECTION('',(0.,0.983778201865891,-0.179389100932898));
#2172=DIRECTION('',(0.,0.179389100932898,0.983778201865891));
#2173=DIRECTION('',(-1.,0.,0.));
#2174=DIRECTION('',(0.,-0.179389100932898,-0.983778201865891));
#2175=DIRECTION('',(0.,0.985754054399137,0.168193175354006));
#2176=DIRECTION('',(0.,-0.168193175354006,0.985754054399137));
#2177=DIRECTION('',(-1.,0.,0.));
#2178=DIRECTION('',(0.,0.168193175354006,-0.985754054399137));
#2179=DIRECTION('',(0.,-0.168193175354006,0.985754054399137));
#2180=DIRECTION('',(0.,-0.985754054399137,-0.168193175354006));
#2181=DIRECTION('',(-1.,0.,0.));
#2182=DIRECTION('',(0.,0.985754054399137,0.168193175354006));
#2183=DIRECTION('',(0.,-0.985754054399137,-0.168193175354006));
#2184=DIRECTION('',(0.,0.168193175354006,-0.985754054399137));
#2185=DIRECTION('',(-1.,0.,0.));
#2186=DIRECTION('',(0.,-0.168193175354006,0.985754054399137));
#2187=DIRECTION('',(0.,-0.983778201865891,0.179389100932898));
#2188=DIRECTION('',(0.,-0.179389100932898,-0.983778201865891));
#2189=DIRECTION('',(-1.,0.,0.));
#2190=DIRECTION('',(0.,0.179389100932898,0.983778201865891));
#2191=DIRECTION('',(0.,-1.,0.));
#2192=DIRECTION('',(0.,0.,-1.));
#2193=DIRECTION('',(1.,0.,0.));
#2194=DIRECTION('',(0.,0.,1.));
#2195=DIRECTION('',(-1.,0.,0.));
#2196=DIRECTION('',(0.,1.,0.));
#2197=DIRECTION('',(1.,0.,0.));
#2198=DIRECTION('',(-1.,0.,0.));
#2199=DIRECTION('',(0.,-1.,0.));
#2200=DIRECTION('',(0.,0.,-1.));
#2201=DIRECTION('',(1.,0.,0.));
#2202=DIRECTION('',(-1.,0.,0.));
#2203=DIRECTION('',(0.,-1.,0.));
#2204=DIRECTION('',(-1.,0.,0.));
#2205=DIRECTION('',(0.,1.,0.));
#2206=DIRECTION('',(0.,0.,1.));
#2207=DIRECTION('',(0.,-0.960645574405532,0.277777033563009));
#2208=DIRECTION('',(0.,0.277777033563009,0.960645574405532));
#2209=DIRECTION('',(-1.,0.,0.));
#2210=DIRECTION('',(0.,0.277777033563009,0.960645574405532));
#2211=DIRECTION('',(-1.,0.,0.));
#2212=DIRECTION('',(0.,0.277777033563009,0.960645574405532));
#2213=DIRECTION('',(0.,1.,0.));
#2214=DIRECTION('',(0.,0.,-1.));
#2215=DIRECTION('',(1.,0.,0.));
#2216=DIRECTION('',(0.,0.,1.));
#2217=DIRECTION('',(0.,0.,1.));
#2218=DIRECTION('',(0.,1.,0.));
#2219=DIRECTION('',(0.,0.,-1.));
#2220=DIRECTION('',(1.,0.,0.));
#2221=DIRECTION('',(0.,0.,-1.));
#2222=DIRECTION('',(1.,0.,0.));
#2223=DIRECTION('',(0.,0.,-1.));
#2224=DIRECTION('',(0.,0.277777033563009,0.960645574405532));
#2225=DIRECTION('',(0.,0.960645574405532,-0.277777033563009));
#2226=DIRECTION('',(1.,0.,0.));
#2227=DIRECTION('',(0.,0.960645574405532,-0.277777033563009));
#2228=DIRECTION('',(0.,0.960645574405532,-0.277777033563009));
#2229=DIRECTION('',(-1.,0.,0.));
#2230=DIRECTION('',(0.,1.,0.));
#2231=DIRECTION('',(0.,1.,0.));
#2232=DIRECTION('',(0.,0.,1.));
#2233=DIRECTION('',(0.,-1.,0.));
#2234=DIRECTION('',(0.,0.,-1.));
#2235=DIRECTION('',(0.,-1.,0.));
#2236=DIRECTION('',(0.,0.,1.));
#2237=DIRECTION('',(-1.,0.,0.));
#2238=DIRECTION('',(0.,0.,1.));
#2239=DIRECTION('',(-1.,0.,0.));
#2240=DIRECTION('',(0.,1.,0.));
#2241=DIRECTION('',(0.,0.960645574405532,-0.277777033563009));
#2242=DIRECTION('',(0.,0.,-1.));
#2243=DIRECTION('',(0.,-1.,0.));
#2244=DIRECTION('',(0.,1.,0.));
#2245=DIRECTION('',(0.,0.,-1.));
#2246=DIRECTION('',(0.,0.,-1.));
#2247=DIRECTION('',(0.,-1.,0.));
#2248=DIRECTION('',(-1.,0.,0.));
#2249=DIRECTION('',(0.,-1.,0.));
#2250=DIRECTION('',(-1.,0.,0.));
#2251=DIRECTION('',(0.,0.,-1.));
#2252=DIRECTION('',(-1.,0.,0.));
#2253=DIRECTION('',(0.,0.,1.));
#2254=DIRECTION('',(-1.,0.,0.));
#2255=DIRECTION('',(0.,0.277777033563009,0.960645574405532));
#2256=DIRECTION('',(0.,0.960645574405532,-0.277777033563009));
#2257=DIRECTION('',(-1.,0.,0.));
#2258=DIRECTION('',(0.,0.960645574405532,-0.277777033563009));
#2259=DIRECTION('',(0.,1.,0.));
#2260=DIRECTION('',(0.,0.,-1.));
#2261=DIRECTION('',(-1.,0.,0.));
#2262=DIRECTION('',(0.,0.,-1.));
#2263=DIRECTION('',(0.,0.,-1.));
#2264=DIRECTION('',(1.,0.,0.));
#2265=DIRECTION('',(1.,0.,0.));
#2266=DIRECTION('',(0.,-1.,0.));
#2267=DIRECTION('',(0.,1.,0.));
#2268=DIRECTION('',(-1.,0.,0.));
#2269=DIRECTION('',(0.,0.,-1.));
#2270=DIRECTION('',(0.,0.,-1.));
#2271=DIRECTION('',(0.,1.,0.));
#2272=DIRECTION('',(0.,-1.,0.));
#2273=DIRECTION('',(0.,0.,-1.));
#2274=DIRECTION('',(0.,1.,0.));
#2275=DIRECTION('',(0.,0.,-1.));
#2276=DIRECTION('',(0.,1.,0.));
#2277=DIRECTION('',(0.,0.,-1.));
#2278=DIRECTION('',(0.,1.,0.));
#2279=DIRECTION('',(0.,0.707106781186548,0.707106781186548));
#2280=DIRECTION('',(0.,0.707106781186548,-0.707106781186548));
#2281=DIRECTION('',(-1.,0.,0.));
#2282=DIRECTION('',(0.,0.707106781186548,-0.707106781186548));
#2283=DIRECTION('',(-1.,0.,0.));
#2284=DIRECTION('',(0.,0.707106781186548,-0.707106781186548));
#2285=DIRECTION('',(0.,1.,0.));
#2286=DIRECTION('',(0.,0.,-1.));
#2287=DIRECTION('',(0.,0.,-1.));
#2288=DIRECTION('',(-1.,0.,0.));
#2289=DIRECTION('',(0.,0.,-1.));
#2290=DIRECTION('',(-1.,0.,0.));
#2291=DIRECTION('',(0.,-1.,0.));
#2292=DIRECTION('',(0.,1.,0.));
#2293=DIRECTION('',(0.,0.,-1.));
#2294=DIRECTION('',(0.,0.707106781186548,-0.707106781186548));
#2295=DIRECTION('',(0.,-1.,0.));
#2296=DIRECTION('',(0.,0.,-1.));
#2297=DIRECTION('',(1.,0.,0.));
#2298=DIRECTION('',(0.,1.,0.));
#2299=DIRECTION('',(0.,-1.,0.));
#2300=DIRECTION('',(0.,0.707106781186548,-0.707106781186548));
#2301=DIRECTION('',(0.,0.,-1.));
#2302=DIRECTION('',(0.,1.,0.));
#2303=DIRECTION('',(0.,0.,-1.));
#2304=DIRECTION('',(0.,-0.707106781186548,-0.707106781186548));
#2305=DIRECTION('',(0.,0.707106781186548,-0.707106781186548));
#2306=DIRECTION('',(1.,0.,0.));
#2307=DIRECTION('',(0.,-0.707106781186548,0.707106781186548));
#2308=DIRECTION('',(1.,0.,0.));
#2309=DIRECTION('',(0.,-0.707106781186548,-0.707106781186548));
#2310=DIRECTION('',(0.,0.707106781186548,-0.707106781186548));
#2311=DIRECTION('',(1.,0.,0.));
#2312=DIRECTION('',(0.,0.707106781186548,-0.707106781186548));
#2313=DIRECTION('',(1.,0.,0.));
#2314=DIRECTION('',(0.,-1.,0.));
#2315=DIRECTION('',(1.,0.,0.));
#2316=DIRECTION('',(1.,0.,0.));
#2317=DIRECTION('',(0.,0.,-1.));
#2318=DIRECTION('',(-1.,0.,0.));
#2319=DIRECTION('',(0.,0.,-1.));
#2320=DIRECTION('',(1.,0.,0.));
#2321=DIRECTION('',(0.,0.,1.));
#2322=DIRECTION('',(0.,1.,0.));
#2323=DIRECTION('',(0.,-0.707106781186548,-0.707106781186548));
#2324=DIRECTION('',(0.,0.,-1.));
#2325=DIRECTION('',(0.,1.,0.));
#2326=DIRECTION('',(0.,0.,-1.));
#2327=DIRECTION('',(0.,1.,0.));
#2328=DIRECTION('',(0.,0.,-1.));
#2329=DIRECTION('',(0.,1.,0.));
#2330=DIRECTION('',(0.,1.,0.));
#2331=DIRECTION('',(0.,0.,1.));
#2332=DIRECTION('',(0.,0.,-1.));
#2333=DIRECTION('',(0.,-1.,0.));
#2334=DIRECTION('',(-1.,0.,0.));
#2335=DIRECTION('',(0.,1.,0.));
#2336=DIRECTION('',(-1.,0.,0.));
#2337=DIRECTION('',(0.,0.,-1.));
#2338=DIRECTION('',(0.,-1.,0.));
#2339=DIRECTION('',(-1.,0.,0.));
#2340=DIRECTION('',(0.,1.,0.));
#2341=DIRECTION('',(-1.,0.,0.));
#2342=DIRECTION('',(0.,1.,0.));
#2343=DIRECTION('',(0.,0.,-1.));
#2344=DIRECTION('',(0.,0.,-1.));
#2345=DIRECTION('',(-1.,0.,0.));
#2346=DIRECTION('',(0.,1.,0.));
#2347=DIRECTION('',(0.,0.,-1.));
#2348=DIRECTION('',(0.,0.,-1.));
#2349=DIRECTION('',(-1.,0.,0.));
#2350=DIRECTION('',(0.,0.,1.));
#2351=DIRECTION('',(0.,1.,0.));
#2352=DIRECTION('',(0.,1.,0.));
#2353=DIRECTION('',(-1.,0.,0.));
#2354=DIRECTION('',(0.,0.,1.));
#2355=DIRECTION('',(0.,1.,0.));
#2356=DIRECTION('',(0.,1.,0.));
#2357=DIRECTION('',(-1.,0.,0.));
#2358=DIRECTION('',(1.,0.,0.));
#2359=DIRECTION('',(0.,0.,1.));
#2360=DIRECTION('',(0.,0.,1.));
#2361=DIRECTION('',(0.,1.,0.));
#2362=DIRECTION('',(0.,0.,-1.));
#2363=DIRECTION('',(0.,-1.,0.));
#2364=DIRECTION('',(0.,1.,0.));
#2365=DIRECTION('',(0.,0.,1.));
#2366=DIRECTION('',(0.,0.,-1.));
#2367=DIRECTION('',(0.,-1.,0.));
#2368=DIRECTION('',(-1.,0.,0.));
#2369=DIRECTION('',(0.,1.,0.));
#2370=DIRECTION('',(0.,0.,-1.));
#2371=DIRECTION('',(-1.,0.,0.));
#2372=DIRECTION('',(0.,0.,1.));
#2373=DIRECTION('',(-1.,0.,0.));
#2374=DIRECTION('',(-1.,0.,0.));
#2375=DIRECTION('',(0.,-1.,0.));
#2376=DIRECTION('',(0.,-1.,0.));
#2377=DIRECTION('',(-1.,0.,0.));
#2378=DIRECTION('',(-1.,0.,0.));
#2379=DIRECTION('',(-1.,0.,0.));
#2380=DIRECTION('',(-1.,0.,0.));
#2381=DIRECTION('',(0.,0.,1.));
#2382=DIRECTION('',(-1.,0.,0.));
#2383=DIRECTION('',(0.,-1.,0.));
#2384=DIRECTION('',(-1.,0.,0.));
#2385=DIRECTION('',(0.,0.,-1.));
#2386=DIRECTION('',(-1.,0.,0.));
#2387=DIRECTION('',(-1.,0.,0.));
#2388=DIRECTION('',(0.,0.,-1.));
#2389=DIRECTION('',(1.,0.,0.));
#2390=DIRECTION('',(0.,0.,1.));
#2391=DIRECTION('',(0.,-1.,0.));
#2392=DIRECTION('',(0.,0.,1.));
#2393=DIRECTION('',(-1.,0.,0.));
#2394=DIRECTION('',(0.,1.,0.));
#2395=DIRECTION('',(0.,0.,1.));
#2396=DIRECTION('',(-1.,0.,0.));
#2397=DIRECTION('',(-1.,0.,0.));
#2398=DIRECTION('',(0.,0.,-1.));
#2399=DIRECTION('',(0.,0.,1.));
#2400=DIRECTION('',(0.,0.,1.));
#2401=DIRECTION('',(0.,0.707106781186548,0.707106781186548));
#2402=DIRECTION('',(0.,-1.,0.));
#2403=DIRECTION('',(0.,0.,-1.));
#2404=DIRECTION('',(1.,0.,0.));
#2405=DIRECTION('',(-1.,0.,0.));
#2406=DIRECTION('',(0.,-0.707106781186548,0.707106781186548));
#2407=DIRECTION('',(0.,0.707106781186548,0.707106781186548));
#2408=DIRECTION('',(-1.,0.,0.));
#2409=DIRECTION('',(0.,-1.,0.));
#2410=DIRECTION('',(-1.,0.,0.));
#2411=DIRECTION('',(0.,-1.,0.));
#2412=DIRECTION('',(-1.,0.,0.));
#2413=DIRECTION('',(0.,-1.,0.));
#2414=DIRECTION('',(-1.,0.,0.));
#2415=CARTESIAN_POINT('',(0.,0.,0.));
#2416=CARTESIAN_POINT('',(-0.00075,-0.00235491803278688,0.002475));
#2417=CARTESIAN_POINT('',(-0.00075,-0.00235491803278688,0.002475));
#2418=CARTESIAN_POINT('',(-0.00075,-0.00235491803278688,0.003325));
#2419=CARTESIAN_POINT('',(-0.00075,-0.00235491803278688,0.002825));
#2420=CARTESIAN_POINT('',(-0.00075,0.00114508196721311,0.002825));
#2421=CARTESIAN_POINT('',(-0.00075,0.00114508196721311,0.002825));
#2422=CARTESIAN_POINT('',(-0.00075,0.00114508196721311,0.002475));
#2423=CARTESIAN_POINT('',(-0.00075,0.00114508196721311,0.003325));
#2424=CARTESIAN_POINT('',(-0.00075,-0.00235491803278688,0.003325));
#2425=CARTESIAN_POINT('',(-0.00125,0.00114508196721311,0.003325));
#2426=CARTESIAN_POINT('',(-0.00125,-0.00235491803278688,0.003325));
#2427=CARTESIAN_POINT('',(-0.00125,-0.00235491803278688,0.003325));
#2428=CARTESIAN_POINT('',(-0.00125,0.00114508196721311,0.003325));
#2429=CARTESIAN_POINT('',(-0.00125,0.00114508196721311,0.003325));
#2430=CARTESIAN_POINT('',(-0.00125,0.00114508196721311,0.003325));
#2431=CARTESIAN_POINT('',(0.,-0.00235491803278688,0.002475));
#2432=CARTESIAN_POINT('',(-0.00075,-0.00235491803278688,0.002825));
#2433=CARTESIAN_POINT('',(-0.00125,-0.00235491803278688,0.002825));
#2434=CARTESIAN_POINT('',(-0.00125,-0.00235491803278688,0.002825));
#2435=CARTESIAN_POINT('',(-0.00075,0.00114508196721311,0.002825));
#2436=CARTESIAN_POINT('',(-0.00075,0.00114508196721311,0.002825));
#2437=CARTESIAN_POINT('',(-0.00125,0.00114508196721311,0.002825));
#2438=CARTESIAN_POINT('',(-0.00125,0.00114508196721311,0.002825));
#2439=CARTESIAN_POINT('',(-0.00125,0.00114508196721311,0.002825));
#2440=CARTESIAN_POINT('',(-0.00125,0.00114508196721311,0.002825));
#2441=CARTESIAN_POINT('',(0.,-0.00235491803278688,0.002475));
#2442=CARTESIAN_POINT('',(0.,-0.00235491803278688,0.003325));
#2443=CARTESIAN_POINT('',(0.00125,-0.00235491803278688,0.003325));
#2444=CARTESIAN_POINT('',(0.00075,-0.00235491803278688,0.003325));
#2445=CARTESIAN_POINT('',(0.00075,-0.00235491803278688,0.002475));
#2446=CARTESIAN_POINT('',(0.00075,-0.00235491803278688,0.002825));
#2447=CARTESIAN_POINT('',(0.,-0.00235491803278688,0.002825));
#2448=CARTESIAN_POINT('',(0.00125,-0.00235491803278688,0.002825));
#2449=CARTESIAN_POINT('',(0.00125,-0.00235491803278688,0.002475));
#2450=CARTESIAN_POINT('',(-0.00125,0.00114508196721311,0.003325));
#2451=CARTESIAN_POINT('',(-0.00125,0.00114508196721311,0.003325));
#2452=CARTESIAN_POINT('',(0.00125,0.00114508196721311,0.003325));
#2453=CARTESIAN_POINT('',(0.00075,0.00114508196721311,0.003325));
#2454=CARTESIAN_POINT('',(0.00075,0.00114508196721311,0.003325));
#2455=CARTESIAN_POINT('',(0.00125,0.00114508196721311,0.003325));
#2456=CARTESIAN_POINT('',(0.00075,-0.00235491803278688,0.002475));
#2457=CARTESIAN_POINT('',(0.00075,0.00114508196721311,0.002475));
#2458=CARTESIAN_POINT('',(0.00075,0.00114508196721311,0.002825));
#2459=CARTESIAN_POINT('',(0.00075,-0.00235491803278688,0.002825));
#2460=CARTESIAN_POINT('',(-0.00075,0.00114508196721311,0.002825));
#2461=CARTESIAN_POINT('',(-0.00075,0.00114508196721311,0.002825));
#2462=CARTESIAN_POINT('',(0.00125,0.00114508196721311,0.002825));
#2463=CARTESIAN_POINT('',(0.00125,0.00114508196721311,0.002825));
#2464=CARTESIAN_POINT('',(0.00125,0.00114508196721311,0.002825));
#2465=CARTESIAN_POINT('',(0.00125,0.00114508196721311,0.002825));
#2466=CARTESIAN_POINT('',(-0.00125,0.00114508196721311,0.002825));
#2467=CARTESIAN_POINT('',(-0.00125,0.00114508196721311,0.00495));
#2468=CARTESIAN_POINT('',(-0.00125,-0.00110491803278689,0.00495));
#2469=CARTESIAN_POINT('',(-0.00125,0.00114508196721311,0.00495));
#2470=CARTESIAN_POINT('',(-0.00125,0.00114508196721311,0.002825));
#2471=CARTESIAN_POINT('',(-0.00125,0.00114508196721311,0.004275));
#2472=CARTESIAN_POINT('',(-0.00125,0.00114508196721311,0.004275));
#2473=CARTESIAN_POINT('',(-0.00125,-0.00110491803278689,0.004275));
#2474=CARTESIAN_POINT('',(-0.00125,-0.00110491803278689,0.00495));
#2475=CARTESIAN_POINT('',(-0.00245,-0.00110491803278689,0.00495));
#2476=CARTESIAN_POINT('',(-0.00245,-0.00110491803278689,0.00495));
#2477=CARTESIAN_POINT('',(-0.00245,-0.00110491803278689,0.00495));
#2478=CARTESIAN_POINT('',(-0.00245,-0.00110491803278689,0.004275));
#2479=CARTESIAN_POINT('',(-0.00245,-0.00110491803278689,0.004275));
#2480=CARTESIAN_POINT('',(-0.00245,-0.00110491803278689,0.00495));
#2481=CARTESIAN_POINT('',(0.0036,0.00149508196721311,0.00475));
#2482=CARTESIAN_POINT('',(-0.003,0.00149508196721311,0.00495));
#2483=CARTESIAN_POINT('',(-0.003,0.00149508196721311,0.00495));
#2484=CARTESIAN_POINT('',(-0.003,0.00149508196721311,0.00475));
#2485=CARTESIAN_POINT('',(0.003,0.00149508196721311,0.00495));
#2486=CARTESIAN_POINT('',(0.003,0.00149508196721311,0.00495));
#2487=CARTESIAN_POINT('',(0.003,0.00149508196721311,0.00495));
#2488=CARTESIAN_POINT('',(0.003,0.00149508196721311,0.00475));
#2489=CARTESIAN_POINT('',(0.003,0.00149508196721311,0.00475));
#2490=CARTESIAN_POINT('',(-0.00075,0.00283439111832912,0.0028143091511163));
#2491=CARTESIAN_POINT('',(-0.00075,0.00334508196721311,0.0028143091511163));
#2492=CARTESIAN_POINT('',(-0.00075,0.00334508196721311,0.0028143091511163));
#2493=CARTESIAN_POINT('',(-0.00125,0.00334508196721311,0.0028143091511163));
#2494=CARTESIAN_POINT('',(-0.00125,0.00283439111832912,0.0028143091511163));
#2495=CARTESIAN_POINT('',(-0.00125,0.00283439111832912,0.003325));
#2496=CARTESIAN_POINT('',(-0.00075,0.00283439111832912,0.003325));
#2497=CARTESIAN_POINT('',(-0.00075,0.00283439111832912,0.003325));
#2498=CARTESIAN_POINT('',(-0.00075,0.00283439111832912,0.0028143091511163));
#2499=CARTESIAN_POINT('',(-0.00075,0.00334508196721311,0.0028143091511163));
#2500=CARTESIAN_POINT('',(-0.00075,0.00334508196721311,0.));
#2501=CARTESIAN_POINT('',(-0.00075,0.00334508196721311,0.));
#2502=CARTESIAN_POINT('',(-0.00125,0.00334508196721311,0.));
#2503=CARTESIAN_POINT('',(-0.00125,0.00334508196721311,0.0028143091511163));
#2504=CARTESIAN_POINT('',(-0.00075,0.00334508196721311,0.0028143091511163));
#2505=CARTESIAN_POINT('',(-0.00075,0.00334508196721311,0.));
#2506=CARTESIAN_POINT('',(-0.00075,0.00305280032705912,-0.001602886155814));
#2507=CARTESIAN_POINT('',(-0.00075,0.00305280032705912,-0.001602886155814));
#2508=CARTESIAN_POINT('',(-0.00125,0.00305280032705912,-0.001602886155814));
#2509=CARTESIAN_POINT('',(-0.00125,0.00334508196721311,0.));
#2510=CARTESIAN_POINT('',(-0.00075,0.00334508196721311,0.));
#2511=CARTESIAN_POINT('',(-0.00075,0.00305280032705912,-0.001602886155814));
#2512=CARTESIAN_POINT('',(-0.00075,0.00334508196721311,-0.003315903412323));
#2513=CARTESIAN_POINT('',(-0.00075,0.00334508196721311,-0.003315903412323));
#2514=CARTESIAN_POINT('',(-0.00125,0.00334508196721311,-0.003315903412323));
#2515=CARTESIAN_POINT('',(-0.00125,0.00305280032705912,-0.001602886155814));
#2516=CARTESIAN_POINT('',(-0.00075,0.00305280032705912,-0.001602886155814));
#2517=CARTESIAN_POINT('',(-0.00075,0.00334508196721311,-0.003315903412323));
#2518=CARTESIAN_POINT('',(-0.00075,0.00285220494001312,-0.00340000000000007));
#2519=CARTESIAN_POINT('',(-0.00075,0.00285220494001311,-0.0034));
#2520=CARTESIAN_POINT('',(-0.00125,0.00285220494001311,-0.0034));
#2521=CARTESIAN_POINT('',(-0.00125,0.00334508196721311,-0.003315903412323));
#2522=CARTESIAN_POINT('',(-0.00075,0.00334508196721311,-0.003315903412323));
#2523=CARTESIAN_POINT('',(-0.00075,0.00285220494001311,-0.0034));
#2524=CARTESIAN_POINT('',(-0.00075,0.00254508196721311,-0.0016));
#2525=CARTESIAN_POINT('',(-0.00075,0.00254508196721311,-0.0016));
#2526=CARTESIAN_POINT('',(-0.00125,0.00254508196721311,-0.0016));
#2527=CARTESIAN_POINT('',(-0.00125,0.00285220494001311,-0.0034));
#2528=CARTESIAN_POINT('',(-0.00075,0.00285220494001311,-0.0034));
#2529=CARTESIAN_POINT('',(-0.00075,0.00254508196721311,-0.0016));
#2530=CARTESIAN_POINT('',(-0.00075,0.00284508196721311,4.52140014350006E-5));
#2531=CARTESIAN_POINT('',(-0.00075,0.00284508196721311,4.52140014350006E-5));
#2532=CARTESIAN_POINT('',(-0.00125,0.00284508196721311,4.52140014350006E-5));
#2533=CARTESIAN_POINT('',(-0.00125,0.00254508196721311,-0.0016));
#2534=CARTESIAN_POINT('',(-0.00075,0.00254508196721311,-0.0016));
#2535=CARTESIAN_POINT('',(-0.00075,0.00284508196721311,4.52140014350006E-5));
#2536=CARTESIAN_POINT('',(-0.00075,0.00284508196721311,0.0028143091511163));
#2537=CARTESIAN_POINT('',(-0.00075,0.00284508196721311,0.0028143091511163));
#2538=CARTESIAN_POINT('',(-0.00125,0.00284508196721311,0.0028143091511163));
#2539=CARTESIAN_POINT('',(-0.00125,0.00284508196721311,4.52140014350006E-5));
#2540=CARTESIAN_POINT('',(-0.00075,0.00284508196721311,4.52140014350006E-5));
#2541=CARTESIAN_POINT('',(-0.00075,0.00283439111832912,0.0028143091511163));
#2542=CARTESIAN_POINT('',(-0.00075,0.00283439111832912,0.002825));
#2543=CARTESIAN_POINT('',(-0.00075,0.00283439111832912,0.002825));
#2544=CARTESIAN_POINT('',(-0.00125,0.00283439111832912,0.002825));
#2545=CARTESIAN_POINT('',(-0.00125,0.00283439111832912,0.0028143091511163));
#2546=CARTESIAN_POINT('',(-0.00075,0.00283439111832912,0.0028143091511163));
#2547=CARTESIAN_POINT('',(-0.00075,0.00114508196721311,0.002825));
#2548=CARTESIAN_POINT('',(0.0036,0.00274508196721312,0.002825));
#2549=CARTESIAN_POINT('',(-0.00125,0.00274508196721312,0.002825));
#2550=CARTESIAN_POINT('',(-0.00075,0.00274508196721312,0.002825));
#2551=CARTESIAN_POINT('',(-0.00125,0.00114508196721311,0.002825));
#2552=CARTESIAN_POINT('',(-0.00075,0.00114508196721311,0.002825));
#2553=CARTESIAN_POINT('',(-0.00125,0.00114508196721311,0.002825));
#2554=CARTESIAN_POINT('',(-0.00125,0.00274508196721312,0.002825));
#2555=CARTESIAN_POINT('',(-0.00125,0.00274508196721312,0.003325));
#2556=CARTESIAN_POINT('',(-0.00125,0.00114508196721311,0.003325));
#2557=CARTESIAN_POINT('',(-0.00125,0.00114508196721311,0.003325));
#2558=CARTESIAN_POINT('',(-0.00125,0.00274508196721312,0.003325));
#2559=CARTESIAN_POINT('',(-0.00075,0.00274508196721312,0.003325));
#2560=CARTESIAN_POINT('',(-0.00075,0.00114508196721311,0.003325));
#2561=CARTESIAN_POINT('',(-0.00075,-0.00235491803278688,0.002475));
#2562=CARTESIAN_POINT('',(-0.00075,0.00274508196721312,0.002825));
#2563=CARTESIAN_POINT('',(0.00125,0.00114508196721311,0.002825));
#2564=CARTESIAN_POINT('',(0.00125,0.00274508196721312,0.002825));
#2565=CARTESIAN_POINT('',(0.00125,0.00274508196721312,0.002825));
#2566=CARTESIAN_POINT('',(0.00125,0.00274508196721312,0.003325));
#2567=CARTESIAN_POINT('',(0.00125,0.00114508196721311,0.002825));
#2568=CARTESIAN_POINT('',(0.00125,0.00283439111832912,0.002825));
#2569=CARTESIAN_POINT('',(0.00125,0.00283439111832912,0.0028143091511163));
#2570=CARTESIAN_POINT('',(0.00125,0.002845081967213,0.0028143091511163));
#2571=CARTESIAN_POINT('',(0.00125,0.00284508196721311,4.52140014350006E-5));
#2572=CARTESIAN_POINT('',(0.00125,0.00284508196721311,4.52140014350006E-5));
#2573=CARTESIAN_POINT('',(0.00125,0.00328094929850542,0.00243553078880406));
#2574=CARTESIAN_POINT('',(0.00125,0.00254508196721311,-0.00160000000000025));
#2575=CARTESIAN_POINT('',(0.00125,0.00177182525774861,0.00293193736809558));
#2576=CARTESIAN_POINT('',(0.00125,0.00285220494001327,-0.0034));
#2577=CARTESIAN_POINT('',(0.00125,0.00222546164947762,-0.00350693736809565));
#2578=CARTESIAN_POINT('',(0.00125,0.00334508196721311,-0.00331590341232297));
#2579=CARTESIAN_POINT('',(0.00125,0.00226470228494883,0.00301603395577268));
#2580=CARTESIAN_POINT('',(0.00125,0.00305280032705904,-0.00160288615581443));
#2581=CARTESIAN_POINT('',(0.00125,0.00377283839943843,0.00234583623833759));
#2582=CARTESIAN_POINT('',(0.00125,0.00334508196721311,-5.49907341884648E-16));
#2583=CARTESIAN_POINT('',(0.00125,0.00334508196721311,0.002825));
#2584=CARTESIAN_POINT('',(0.00125,0.00334508196721301,0.0028143091511163));
#2585=CARTESIAN_POINT('',(0.00125,0.00283439111832912,0.0028143091511163));
#2586=CARTESIAN_POINT('',(0.00125,0.00283439111832912,0.003325));
#2587=CARTESIAN_POINT('',(0.00125,0.00114508196721311,0.003325));
#2588=CARTESIAN_POINT('',(-0.00075,0.00114508196721311,0.002825));
#2589=CARTESIAN_POINT('',(-0.00075,0.00283439111832912,0.002825));
#2590=CARTESIAN_POINT('',(0.00075,0.00283439111832912,0.002825));
#2591=CARTESIAN_POINT('',(-0.00075,0.00274508196721312,0.002825));
#2592=CARTESIAN_POINT('',(0.00075,0.00274508196721312,0.002825));
#2593=CARTESIAN_POINT('',(0.00075,-0.00235491803278688,0.002825));
#2594=CARTESIAN_POINT('',(-0.00075,0.00283439111832912,0.0028143091511163));
#2595=CARTESIAN_POINT('',(-0.00075,0.00284508196721295,0.0028143091511163));
#2596=CARTESIAN_POINT('',(0.00075,0.002845081967213,0.0028143091511163));
#2597=CARTESIAN_POINT('',(0.00075,0.00283439111832912,0.0028143091511163));
#2598=CARTESIAN_POINT('',(-0.00075,0.00284508196721311,4.52140014350006E-5));
#2599=CARTESIAN_POINT('',(-0.00075,0.00284508196721311,4.52140014357053E-5));
#2600=CARTESIAN_POINT('',(0.00075,0.00284508196721311,4.52140014350006E-5));
#2601=CARTESIAN_POINT('',(0.00075,0.00284508196721311,0.002475));
#2602=CARTESIAN_POINT('',(-0.00075,0.00254508196721311,-0.0016));
#2603=CARTESIAN_POINT('',(-0.00075,0.00254508196721285,-0.00160000000000143));
#2604=CARTESIAN_POINT('',(0.00075,0.00254508196721311,-0.00160000000000025));
#2605=CARTESIAN_POINT('',(0.00075,0.00254508196721311,-0.0016));
#2606=CARTESIAN_POINT('',(-0.00075,0.00285220494001311,-0.0034));
#2607=CARTESIAN_POINT('',(-0.00075,0.00285220494001312,-0.00340000000000007));
#2608=CARTESIAN_POINT('',(0.00075,0.00285220494001327,-0.0034));
#2609=CARTESIAN_POINT('',(0.00075,0.00285220494001311,-0.0034));
#2610=CARTESIAN_POINT('',(-0.00075,0.00334508196721311,-0.003315903412323));
#2611=CARTESIAN_POINT('',(-0.00075,0.00334508196721333,-0.00331590341232296));
#2612=CARTESIAN_POINT('',(0.00075,0.00334508196721311,-0.00331590341232297));
#2613=CARTESIAN_POINT('',(0.00075,0.00334508196721311,-0.003315903412323));
#2614=CARTESIAN_POINT('',(-0.00075,0.00305280032705912,-0.001602886155814));
#2615=CARTESIAN_POINT('',(-0.00075,0.00305280032705905,-0.00160288615581357));
#2616=CARTESIAN_POINT('',(0.00075,0.00305280032705904,-0.00160288615581443));
#2617=CARTESIAN_POINT('',(0.00075,0.00305280032705912,-0.001602886155814));
#2618=CARTESIAN_POINT('',(-0.00075,0.00334508196721311,0.));
#2619=CARTESIAN_POINT('',(-0.00075,0.00334508196721311,0.));
#2620=CARTESIAN_POINT('',(0.00075,0.00334508196721311,-5.55111512312578E-16));
#2621=CARTESIAN_POINT('',(0.00075,0.00334508196721311,0.));
#2622=CARTESIAN_POINT('',(-0.00075,0.00334508196721311,0.0028143091511163));
#2623=CARTESIAN_POINT('',(-0.00075,0.00334508196721296,0.0028143091511163));
#2624=CARTESIAN_POINT('',(0.00075,0.00334508196721301,0.0028143091511163));
#2625=CARTESIAN_POINT('',(0.00075,0.00334508196721311,0.0028143091511163));
#2626=CARTESIAN_POINT('',(-0.00075,0.00283439111832912,0.0028143091511163));
#2627=CARTESIAN_POINT('',(-0.00075,0.00283439111832912,0.003325));
#2628=CARTESIAN_POINT('',(0.00075,0.00283439111832912,0.003325));
#2629=CARTESIAN_POINT('',(0.00075,0.00283439111832912,0.0028143091511163));
#2630=CARTESIAN_POINT('',(-0.00125,0.00114508196721311,0.003325));
#2631=CARTESIAN_POINT('',(0.0036,0.00274508196721312,0.003325));
#2632=CARTESIAN_POINT('',(0.00075,0.00274508196721312,0.003325));
#2633=CARTESIAN_POINT('',(0.00075,0.00114508196721311,0.003325));
#2634=CARTESIAN_POINT('',(0.00075,-0.00235491803278688,0.002475));
#2635=CARTESIAN_POINT('',(0.00075,0.00274508196721312,0.002825));
#2636=CARTESIAN_POINT('',(0.0036,0.00214508196721312,0.0004));
#2637=CARTESIAN_POINT('',(0.0036,0.00214508196721312,0.0004));
#2638=CARTESIAN_POINT('',(0.002,0.00214508196721312,0.0004));
#2639=CARTESIAN_POINT('',(-0.002,0.00214508196721312,0.0004));
#2640=CARTESIAN_POINT('',(-0.002,0.00214508196721312,0.0004));
#2641=CARTESIAN_POINT('',(-0.002,0.00274508196721312,0.002475));
#2642=CARTESIAN_POINT('',(0.002,0.00274508196721312,0.002475));
#2643=CARTESIAN_POINT('',(0.002,0.00274508196721312,0.002475));
#2644=CARTESIAN_POINT('',(0.002,0.00214508196721312,0.0004));
#2645=CARTESIAN_POINT('',(0.0036,0.00214508196721312,0.00495));
#2646=CARTESIAN_POINT('',(-0.003,0.00214508196721312,0.));
#2647=CARTESIAN_POINT('',(-0.002,0.00214508196721312,0.));
#2648=CARTESIAN_POINT('',(0.002,0.00214508196721312,0.));
#2649=CARTESIAN_POINT('',(-0.002,0.00214508196721312,0.00495));
#2650=CARTESIAN_POINT('',(0.002,0.00214508196721312,0.002475));
#2651=CARTESIAN_POINT('',(-0.003,0.00454508196721312,0.0034228915662651));
#2652=CARTESIAN_POINT('',(-0.003,0.00454508196721312,0.0034228915662651));
#2653=CARTESIAN_POINT('',(-0.003,0.00454508196721312,0.0034228915662651));
#2654=CARTESIAN_POINT('',(-0.002,0.00454508196721312,0.0034228915662651));
#2655=CARTESIAN_POINT('',(-0.002,0.00454508196721312,0.0034228915662651));
#2656=CARTESIAN_POINT('',(-0.002,0.00454508196721312,0.));
#2657=CARTESIAN_POINT('',(-0.003,0.00454508196721312,0.));
#2658=CARTESIAN_POINT('',(-0.003,0.00454508196721312,0.));
#2659=CARTESIAN_POINT('',(-0.003,0.00454508196721312,0.0034228915662651));
#2660=CARTESIAN_POINT('',(-0.003,0.00289508196721312,0.0039));
#2661=CARTESIAN_POINT('',(-0.003,0.00289508196721312,0.0039));
#2662=CARTESIAN_POINT('',(-0.003,0.00289508196721312,0.0039));
#2663=CARTESIAN_POINT('',(-0.002,0.00289508196721312,0.0039));
#2664=CARTESIAN_POINT('',(-0.002,0.00289508196721312,0.0039));
#2665=CARTESIAN_POINT('',(-0.003,0.00289508196721312,0.0039));
#2666=CARTESIAN_POINT('',(-0.002,-0.00315491803278688,0.002475));
#2667=CARTESIAN_POINT('',(-0.002,0.00214508196721312,0.00475));
#2668=CARTESIAN_POINT('',(-0.002,0.00274508196721312,0.00475));
#2669=CARTESIAN_POINT('',(-0.002,0.00289508196721312,0.00475));
#2670=CARTESIAN_POINT('',(-0.002,0.00274508196721312,0.002475));
#2671=CARTESIAN_POINT('',(-0.002,0.00454508196721312,0.));
#2672=CARTESIAN_POINT('',(-0.002,0.00289508196721312,0.00475));
#2673=CARTESIAN_POINT('',(0.0036,0.00274508196721312,0.002475));
#2674=CARTESIAN_POINT('',(0.0036,0.00274508196721312,0.00475));
#2675=CARTESIAN_POINT('',(0.002,0.00274508196721312,0.00475));
#2676=CARTESIAN_POINT('',(0.002,0.00274508196721312,0.002475));
#2677=CARTESIAN_POINT('',(0.002,-0.00315491803278688,0.002475));
#2678=CARTESIAN_POINT('',(0.002,-0.00230784502541933,0.00540446081714654));
#2679=CARTESIAN_POINT('',(0.002,0.00289508196721312,0.0039));
#2680=CARTESIAN_POINT('',(0.002,0.00454508196721312,0.00342289156626512));
#2681=CARTESIAN_POINT('',(0.002,0.00454508196721312,0.002475));
#2682=CARTESIAN_POINT('',(0.002,0.00454508196721312,0.));
#2683=CARTESIAN_POINT('',(0.002,0.00454508196721312,0.));
#2684=CARTESIAN_POINT('',(0.002,-0.00315491803278688,0.00475));
#2685=CARTESIAN_POINT('',(0.002,0.00289508196721312,0.00475));
#2686=CARTESIAN_POINT('',(0.002,0.00289508196721312,0.00475));
#2687=CARTESIAN_POINT('',(0.0036,0.00214508196721312,0.00475));
#2688=CARTESIAN_POINT('',(0.,0.00289508196721312,0.00475));
#2689=CARTESIAN_POINT('',(0.,0.00289508196721312,0.002475));
#2690=CARTESIAN_POINT('',(-0.003,0.00289508196721312,0.00495));
#2691=CARTESIAN_POINT('',(-0.003,0.00289508196721312,0.00495));
#2692=CARTESIAN_POINT('',(0.003,0.00289508196721312,0.00495));
#2693=CARTESIAN_POINT('',(0.003,0.00289508196721312,0.00495));
#2694=CARTESIAN_POINT('',(0.003,0.00289508196721312,0.0039));
#2695=CARTESIAN_POINT('',(0.003,0.00289508196721312,0.0039));
#2696=CARTESIAN_POINT('',(0.,0.00289508196721312,0.0039));
#2697=CARTESIAN_POINT('',(-0.003,0.00289508196721312,0.0039));
#2698=CARTESIAN_POINT('',(-0.003,0.00454508196721312,0.00342289156626513));
#2699=CARTESIAN_POINT('',(0.003,0.00454508196721312,0.00342289156626512));
#2700=CARTESIAN_POINT('',(0.003,0.00289508196721312,0.0039));
#2701=CARTESIAN_POINT('',(-0.003,0.00454508196721312,0.0034228915662651));
#2702=CARTESIAN_POINT('',(-0.003,0.00454508196721312,0.));
#2703=CARTESIAN_POINT('',(0.003,0.00454508196721312,0.));
#2704=CARTESIAN_POINT('',(0.003,0.00454508196721312,0.0034228915662651));
#2705=CARTESIAN_POINT('',(-0.003,-0.00315491803278688,0.));
#2706=CARTESIAN_POINT('',(-0.003,-0.00315491803278688,0.));
#2707=CARTESIAN_POINT('',(-0.003,-0.00315491803278688,0.));
#2708=CARTESIAN_POINT('',(0.003,-0.00315491803278688,0.));
#2709=CARTESIAN_POINT('',(-0.003,0.00454508196721312,0.));
#2710=CARTESIAN_POINT('',(0.003,-0.00315491803278688,0.));
#2711=CARTESIAN_POINT('',(-0.003,-0.00315491803278688,0.00495));
#2712=CARTESIAN_POINT('',(-0.003,-0.00315491803278688,0.00495));
#2713=CARTESIAN_POINT('',(-0.003,-0.00315491803278688,0.00495));
#2714=CARTESIAN_POINT('',(-0.003,-0.00315491803278688,0.0035));
#2715=CARTESIAN_POINT('',(-0.003,-0.00315491803278688,0.00495));
#2716=CARTESIAN_POINT('',(-0.003,0.00214508196721312,0.00475));
#2717=CARTESIAN_POINT('',(-0.003,0.00214508196721312,0.00475));
#2718=CARTESIAN_POINT('',(-0.003,0.00214508196721312,0.00495));
#2719=CARTESIAN_POINT('',(-0.003,0.00214508196721312,0.00495));
#2720=CARTESIAN_POINT('',(-0.003,0.00214508196721312,0.00495));
#2721=CARTESIAN_POINT('',(-0.003,-0.00315491803278688,0.0025));
#2722=CARTESIAN_POINT('',(-0.003,-0.00315491803278688,0.0025));
#2723=CARTESIAN_POINT('',(-0.003,-0.00315491803278688,0.0025));
#2724=CARTESIAN_POINT('',(-0.003,-0.000654918032786886,0.0025));
#2725=CARTESIAN_POINT('',(-0.003,-0.000654918032786886,0.0035));
#2726=CARTESIAN_POINT('',(-0.003,-0.000654918032786886,0.0035));
#2727=CARTESIAN_POINT('',(-0.003,-0.00315491803278688,0.0035));
#2728=CARTESIAN_POINT('',(0.00245,0.00114508196721311,0.002465));
#2729=CARTESIAN_POINT('',(0.00245,0.00114508196721311,0.002465));
#2730=CARTESIAN_POINT('',(0.00245,0.00114508196721311,0.002465));
#2731=CARTESIAN_POINT('',(-0.00245,0.00114508196721311,0.002465));
#2732=CARTESIAN_POINT('',(-0.00245,0.00114508196721311,0.002465));
#2733=CARTESIAN_POINT('',(-0.00245,0.00194508196721311,0.001665));
#2734=CARTESIAN_POINT('',(0.00245,0.00194508196721311,0.001665));
#2735=CARTESIAN_POINT('',(0.00245,0.00194508196721311,0.001665));
#2736=CARTESIAN_POINT('',(0.00245,0.00114508196721311,0.002465));
#2737=CARTESIAN_POINT('',(0.00245,0.00194508196721311,0.001665));
#2738=CARTESIAN_POINT('',(-0.00245,0.00194508196721311,0.001665));
#2739=CARTESIAN_POINT('',(-0.00245,0.00194508196721311,0.000675));
#2740=CARTESIAN_POINT('',(0.00245,0.00194508196721311,0.000675));
#2741=CARTESIAN_POINT('',(0.00245,0.00194508196721311,0.000675));
#2742=CARTESIAN_POINT('',(0.00245,0.00194508196721311,0.001665));
#2743=CARTESIAN_POINT('',(-0.0005,0.00114508196721311,0.00495));
#2744=CARTESIAN_POINT('',(-0.0005,-0.00315491803278688,0.00495));
#2745=CARTESIAN_POINT('',(-0.0005,-0.00315491803278688,0.00495));
#2746=CARTESIAN_POINT('',(-0.0005,0.00114508196721311,0.00495));
#2747=CARTESIAN_POINT('',(-0.0005,-0.00315491803278688,0.00495));
#2748=CARTESIAN_POINT('',(-0.0005,-0.00315491803278688,0.004613));
#2749=CARTESIAN_POINT('',(-0.0005,-0.00315491803278688,0.004613));
#2750=CARTESIAN_POINT('',(-0.0005,-0.00281691803278689,0.004275));
#2751=CARTESIAN_POINT('',(-0.0005,0.00114508196721311,0.004275));
#2752=CARTESIAN_POINT('',(-0.0005,0.00114508196721311,0.004275));
#2753=CARTESIAN_POINT('',(-0.0005,0.00114508196721311,0.00495));
#2754=CARTESIAN_POINT('',(0.0005,-0.00315491803278688,0.00495));
#2755=CARTESIAN_POINT('',(0.0005,0.00114508196721311,0.004275));
#2756=CARTESIAN_POINT('',(0.0005,0.00114508196721311,0.004275));
#2757=CARTESIAN_POINT('',(0.0005,-0.00281691803278689,0.004275));
#2758=CARTESIAN_POINT('',(0.0005,-0.00315491803278688,0.004613));
#2759=CARTESIAN_POINT('',(0.0005,-0.00315491803278688,0.004613));
#2760=CARTESIAN_POINT('',(0.0005,-0.00315491803278688,0.00495));
#2761=CARTESIAN_POINT('',(0.0005,-0.00315491803278688,0.00495));
#2762=CARTESIAN_POINT('',(0.0005,-0.00315491803278688,0.00495));
#2763=CARTESIAN_POINT('',(0.0005,0.00114508196721311,0.00495));
#2764=CARTESIAN_POINT('',(0.0005,0.00114508196721311,0.00495));
#2765=CARTESIAN_POINT('',(0.,-0.00298591803278688,0.004444));
#2766=CARTESIAN_POINT('',(-0.00245,-0.00315491803278688,0.004613));
#2767=CARTESIAN_POINT('',(-0.00245,-0.00315491803278688,0.004613));
#2768=CARTESIAN_POINT('',(-0.00245,-0.00281691803278689,0.004275));
#2769=CARTESIAN_POINT('',(-0.00245,-0.00281691803278689,0.004275));
#2770=CARTESIAN_POINT('',(-0.00245,-0.00281691803278689,0.004275));
#2771=CARTESIAN_POINT('',(0.,-0.00298591803278688,0.004444));
#2772=CARTESIAN_POINT('',(0.0005,-0.00281691803278689,0.004275));
#2773=CARTESIAN_POINT('',(0.00245,-0.00281691803278689,0.004275));
#2774=CARTESIAN_POINT('',(0.00245,-0.00315491803278688,0.004613));
#2775=CARTESIAN_POINT('',(0.00245,-0.00315491803278688,0.004613));
#2776=CARTESIAN_POINT('',(0.0005,-0.00315491803278688,0.004613));
#2777=CARTESIAN_POINT('',(-0.00245,-0.00110491803278689,0.00495));
#2778=CARTESIAN_POINT('',(-0.00245,-0.00110491803278689,0.00495));
#2779=CARTESIAN_POINT('',(0.00125,-0.00110491803278689,0.00495));
#2780=CARTESIAN_POINT('',(0.00245,-0.00110491803278689,0.00495));
#2781=CARTESIAN_POINT('',(0.00245,-0.00110491803278689,0.00495));
#2782=CARTESIAN_POINT('',(0.00245,-0.00110491803278689,0.004275));
#2783=CARTESIAN_POINT('',(-0.00245,-0.00110491803278689,0.004275));
#2784=CARTESIAN_POINT('',(0.00125,-0.00110491803278689,0.004275));
#2785=CARTESIAN_POINT('',(0.00125,-0.00110491803278689,0.002825));
#2786=CARTESIAN_POINT('',(0.00245,-0.00315491803278688,0.000675));
#2787=CARTESIAN_POINT('',(0.00245,-0.00281691803278689,0.000675));
#2788=CARTESIAN_POINT('',(0.00245,-0.00281691803278689,0.000675));
#2789=CARTESIAN_POINT('',(0.00245,-0.00281691803278689,0.000675));
#2790=CARTESIAN_POINT('',(0.00245,-0.00315491803278688,0.000337));
#2791=CARTESIAN_POINT('',(0.00245,-0.00315491803278688,0.0025));
#2792=CARTESIAN_POINT('',(0.00245,-0.00315491803278688,0.0025));
#2793=CARTESIAN_POINT('',(0.00245,-0.00315491803278688,0.0025));
#2794=CARTESIAN_POINT('',(0.00245,-0.000654918032786886,0.0025));
#2795=CARTESIAN_POINT('',(0.00245,-0.000654918032786886,0.0035));
#2796=CARTESIAN_POINT('',(0.00245,-0.000654918032786886,0.0035));
#2797=CARTESIAN_POINT('',(0.00245,-0.00315491803278688,0.0035));
#2798=CARTESIAN_POINT('',(0.00245,-0.00315491803278688,0.0035));
#2799=CARTESIAN_POINT('',(0.00245,-0.00315491803278688,0.004613));
#2800=CARTESIAN_POINT('',(0.00245,-0.00281691803278689,0.004275));
#2801=CARTESIAN_POINT('',(0.00245,-0.00110491803278689,0.00495));
#2802=CARTESIAN_POINT('',(0.00245,0.00114508196721311,0.00495));
#2803=CARTESIAN_POINT('',(0.00245,0.00114508196721311,0.002465));
#2804=CARTESIAN_POINT('',(0.0036,-0.000654918032786886,0.0025));
#2805=CARTESIAN_POINT('',(-0.00245,-0.00315491803278688,0.0025));
#2806=CARTESIAN_POINT('',(-0.00245,-0.00315491803278688,0.0025));
#2807=CARTESIAN_POINT('',(-0.00245,-0.00315491803278688,0.0025));
#2808=CARTESIAN_POINT('',(-0.00245,-0.000654918032786886,0.0025));
#2809=CARTESIAN_POINT('',(-0.00245,-0.000654918032786886,0.0025));
#2810=CARTESIAN_POINT('',(0.0036,-0.000654918032786886,0.0025));
#2811=CARTESIAN_POINT('',(0.003,-0.00315491803278688,0.0025));
#2812=CARTESIAN_POINT('',(0.003,-0.00315491803278688,0.0025));
#2813=CARTESIAN_POINT('',(0.003,-0.00315491803278688,0.0025));
#2814=CARTESIAN_POINT('',(0.003,-0.000654918032786886,0.0025));
#2815=CARTESIAN_POINT('',(0.003,-0.000654918032786886,0.0025));
#2816=CARTESIAN_POINT('',(0.0036,-0.000654918032786886,0.0035));
#2817=CARTESIAN_POINT('',(-0.00245,-0.000654918032786886,0.0035));
#2818=CARTESIAN_POINT('',(-0.00245,-0.000654918032786886,0.0035));
#2819=CARTESIAN_POINT('',(-0.00245,-0.000654918032786886,0.0035));
#2820=CARTESIAN_POINT('',(0.0036,-0.000654918032786886,0.0035));
#2821=CARTESIAN_POINT('',(0.003,-0.000654918032786886,0.0035));
#2822=CARTESIAN_POINT('',(0.003,-0.000654918032786886,0.0035));
#2823=CARTESIAN_POINT('',(0.003,-0.000654918032786886,0.0035));
#2824=CARTESIAN_POINT('',(0.0036,-0.00315491803278688,0.0035));
#2825=CARTESIAN_POINT('',(-0.00245,-0.00315491803278688,0.0035));
#2826=CARTESIAN_POINT('',(-0.00245,-0.00315491803278688,0.0035));
#2827=CARTESIAN_POINT('',(-0.00245,-0.00315491803278688,0.0035));
#2828=CARTESIAN_POINT('',(0.0036,-0.00315491803278688,0.0035));
#2829=CARTESIAN_POINT('',(0.003,-0.00315491803278688,0.0035));
#2830=CARTESIAN_POINT('',(0.003,-0.00315491803278688,0.0035));
#2831=CARTESIAN_POINT('',(0.003,-0.00315491803278688,0.0035));
#2832=CARTESIAN_POINT('',(0.003,-0.00315491803278688,0.));
#2833=CARTESIAN_POINT('',(0.003,-0.00315491803278688,0.));
#2834=CARTESIAN_POINT('',(0.003,0.00214508196721312,0.00495));
#2835=CARTESIAN_POINT('',(0.003,0.00214508196721312,0.00495));
#2836=CARTESIAN_POINT('',(0.003,0.00214508196721312,0.00495));
#2837=CARTESIAN_POINT('',(0.003,0.00214508196721312,0.00475));
#2838=CARTESIAN_POINT('',(0.003,0.00214508196721312,0.00475));
#2839=CARTESIAN_POINT('',(0.003,-0.00315491803278688,0.00495));
#2840=CARTESIAN_POINT('',(0.003,-0.00315491803278688,0.00495));
#2841=CARTESIAN_POINT('',(0.003,-0.00315491803278688,0.0035));
#2842=CARTESIAN_POINT('',(0.0036,0.00214508196721312,0.00475));
#2843=CARTESIAN_POINT('',(0.003,0.00214508196721312,0.00475));
#2844=CARTESIAN_POINT('',(0.0036,0.00214508196721312,0.00495));
#2845=CARTESIAN_POINT('',(0.003,0.00214508196721312,0.00495));
#2846=CARTESIAN_POINT('',(0.003,-0.00315491803278688,0.00495));
#2847=CARTESIAN_POINT('',(-0.00125,0.00114508196721311,0.00495));
#2848=CARTESIAN_POINT('',(-0.00245,0.00114508196721311,0.00495));
#2849=CARTESIAN_POINT('',(-0.00245,0.00114508196721311,0.00495));
#2850=CARTESIAN_POINT('',(0.00125,0.00114508196721311,0.00495));
#2851=CARTESIAN_POINT('',(0.00125,0.00114508196721311,0.00495));
#2852=CARTESIAN_POINT('',(0.00245,0.00114508196721311,0.00495));
#2853=CARTESIAN_POINT('',(0.003,-0.00315491803278688,0.00495));
#2854=CARTESIAN_POINT('',(-0.0005,-0.00315491803278688,0.00495));
#2855=CARTESIAN_POINT('',(0.0005,0.00114508196721311,0.00495));
#2856=CARTESIAN_POINT('',(0.003,-0.00315491803278688,0.00495));
#2857=CARTESIAN_POINT('',(0.,0.00114508196721311,0.002475));
#2858=CARTESIAN_POINT('',(0.00125,0.00114508196721311,0.002475));
#2859=CARTESIAN_POINT('',(0.00125,0.00114508196721311,0.004275));
#2860=CARTESIAN_POINT('',(0.00125,0.00114508196721311,0.004275));
#2861=CARTESIAN_POINT('',(-0.0005,0.00114508196721311,0.004275));
#2862=CARTESIAN_POINT('',(-0.00245,0.00114508196721311,0.00495));
#2863=CARTESIAN_POINT('',(0.00125,0.00114508196721311,0.002825));
#2864=CARTESIAN_POINT('',(0.00125,-0.00315491803278688,0.004275));
#2865=CARTESIAN_POINT('',(0.00245,-0.00315491803278688,0.004275));
#2866=CARTESIAN_POINT('',(-0.00245,-0.00281691803278689,0.004275));
#2867=CARTESIAN_POINT('',(0.00245,-0.00315491803278688,0.004275));
#2868=CARTESIAN_POINT('',(-0.00245,-0.00315491803278688,0.004275));
#2869=CARTESIAN_POINT('',(-0.00245,-0.00315491803278688,0.0035));
#2870=CARTESIAN_POINT('',(-0.00245,-0.00315491803278688,0.000337));
#2871=CARTESIAN_POINT('',(-0.00245,-0.00315491803278688,0.000337));
#2872=CARTESIAN_POINT('',(-0.00245,-0.00315491803278688,0.000337));
#2873=CARTESIAN_POINT('',(-0.00245,-0.00281691803278689,0.000675));
#2874=CARTESIAN_POINT('',(-0.00245,0.00194508196721311,0.000675));
#2875=CARTESIAN_POINT('',(-0.00245,-0.00315491803278688,0.000675));
#2876=CARTESIAN_POINT('',(0.00245,-0.00281691803278689,0.000675));
#2877=CARTESIAN_POINT('',(0.,-0.00298591803278688,0.000506));
#2878=CARTESIAN_POINT('',(0.00245,-0.00315491803278688,0.000337));
#2879=CARTESIAN_POINT('',(0.,-0.00315491803278688,0.002475));
#2880=CARTESIAN_POINT('',(0.,-0.00315491803278688,0.002475));
#2881=CARTESIAN_POINT('',(0.,-0.00315491803278688,0.002475));
#2882=MECHANICAL_DESIGN_GEOMETRIC_PRESENTATION_REPRESENTATION('',(#1695,
#1576,#1577,#1578,#1579,#1580,#1581,#1582,#1583,#1584,#1585,#1586,#1587,
#1588,#1589,#1590,#1591,#1592,#1593,#1594,#1595,#1596,#1597,#1598,#1599,
#1600,#1601,#1602,#1603,#1604,#1605,#1606,#1607,#1608,#1609,#1610,#1611),
#2883);
#2883=(
GEOMETRIC_REPRESENTATION_CONTEXT(3)
GLOBAL_UNCERTAINTY_ASSIGNED_CONTEXT((#2884))
GLOBAL_UNIT_ASSIGNED_CONTEXT((#2887,#2886,#2885))
REPRESENTATION_CONTEXT('TE 440055-2','TOP_LEVEL_ASSEMBLY_PART')
);
#2884=UNCERTAINTY_MEASURE_WITH_UNIT(LENGTH_MEASURE(1.E-6),#2887,
'DISTANCE_ACCURACY_VALUE','Maximum Tolerance applied to model');
#2885=(
NAMED_UNIT(*)
SI_UNIT($,.STERADIAN.)
SOLID_ANGLE_UNIT()
);
#2886=(
NAMED_UNIT(*)
PLANE_ANGLE_UNIT()
SI_UNIT($,.RADIAN.)
);
#2887=(
LENGTH_UNIT()
NAMED_UNIT(*)
SI_UNIT($,.METRE.)
);
#2888=PRODUCT_DEFINITION_SHAPE('','',#2889);
#2889=PRODUCT_DEFINITION('','',#2891,#2890);
#2890=PRODUCT_DEFINITION_CONTEXT('',#2897,'design');
#2891=PRODUCT_DEFINITION_FORMATION_WITH_SPECIFIED_SOURCE('','',#2893,
 .NOT_KNOWN.);
#2892=PRODUCT_RELATED_PRODUCT_CATEGORY('','',(#2893));
#2893=PRODUCT('TE 440055-2','TE 440055-2','TE 440055-2',(#2895));
#2894=PRODUCT_CATEGORY('','');
#2895=PRODUCT_CONTEXT('',#2897,'mechanical');
#2896=APPLICATION_PROTOCOL_DEFINITION('international standard',
'automotive_design',2010,#2897);
#2897=APPLICATION_CONTEXT(
'core data for automotive mechanical design processes');
ENDSEC;
END-ISO-10303-21;
